solid OpenSCAD_Model
  facet normal -0.2588190451025213 -0.9659258262890682 0
    outer loop
      vertex 11.995694768281421 2.5090663220407508 9.6
      vertex 12.324287004842283 2.421020297615131 9.6
      vertex 12.324287004842283 2.421020297615131 14.8
    endloop
  endfacet
  facet normal -0.35836794954530027 -0.9335804264972017 0
    outer loop
      vertex 11.67810591000365 2.630977262661547 9.6
      vertex 11.995694768281421 2.5090663220407508 9.6
      vertex 11.995694768281421 2.5090663220407508 14.8
    endloop
  endfacet
  facet normal -0.15643446504023029 -0.9876883405951378 0
    outer loop
      vertex 12.324287004842283 2.421020297615131 9.6
      vertex 12.660282494380127 2.3678038400531114 9.6
      vertex 12.660282494380127 2.3678038400531114 14.8
    endloop
  endfacet
  facet normal -0.05233595624294419 -0.9986295347545739 0
    outer loop
      vertex 12.660282494380127 2.3678038400531114 9.6
      vertex 13 2.3499999999999996 9.6
      vertex 13 2.3499999999999996 14.8
    endloop
  endfacet
  facet normal -0.4539904997395465 -0.891006524188368 0
    outer loop
      vertex 11.67810591000365 2.630977262661547 9.6
      vertex 11.67810591000365 2.630977262661547 14.8
      vertex 11.375 2.7854174377005743 9.6
    endloop
  endfacet
  facet normal -0.5446390350150271 -0.8386705679454239 0
    outer loop
      vertex 11.089697930049462 2.9706947682814207 9.6
      vertex 11.375 2.7854174377005743 9.6
      vertex 11.375 2.7854174377005743 14.8
    endloop
  endfacet
  facet normal -0.6293203910498363 -0.7771459614569719 0
    outer loop
      vertex 11.089697930049462 2.9706947682814207 9.6
      vertex 11.089697930049462 2.9706947682814207 14.8
      vertex 10.82532552933371 3.184779317198468 9.6
    endloop
  endfacet
  facet normal 0.05233595624294419 -0.9986295347545739 0
    outer loop
      vertex 13 2.3499999999999996 9.6
      vertex 13.339717505619873 2.3678038400531114 9.6
      vertex 13.339717505619873 2.3678038400531114 14.8
    endloop
  endfacet
  facet normal 0.15643446504023029 -0.9876883405951378 0
    outer loop
      vertex 13.339717505619873 2.3678038400531114 9.6
      vertex 13.675712995157717 2.421020297615131 9.6
      vertex 13.675712995157717 2.421020297615131 14.8
    endloop
  endfacet
  facet normal 0.2588190451025213 -0.9659258262890682 0
    outer loop
      vertex 13.675712995157717 2.421020297615131 9.6
      vertex 14.004305231718579 2.5090663220407508 9.6
      vertex 14.004305231718579 2.5090663220407508 14.8
    endloop
  endfacet
  facet normal 0.35836794954530027 -0.9335804264972017 0
    outer loop
      vertex 14.004305231718579 2.5090663220407508 9.6
      vertex 14.32189408999635 2.630977262661547 9.6
      vertex 14.32189408999635 2.630977262661547 14.8
    endloop
  endfacet
  facet normal 0.4539904997395465 -0.891006524188368 0
    outer loop
      vertex 14.32189408999635 2.630977262661547 9.6
      vertex 14.625 2.7854174377005743 9.6
      vertex 14.625 2.7854174377005743 14.8
    endloop
  endfacet
  facet normal 0.5446390350150271 -0.8386705679454239 0
    outer loop
      vertex 14.625 2.7854174377005743 9.6
      vertex 14.910302069950538 2.9706947682814207 9.6
      vertex 14.910302069950538 2.9706947682814207 14.8
    endloop
  endfacet
  facet normal 0.6293203910498363 -0.7771459614569719 0
    outer loop
      vertex 14.910302069950538 2.9706947682814207 9.6
      vertex 15.17467447066629 3.184779317198468 9.6
      vertex 15.17467447066629 3.184779317198468 14.8
    endloop
  endfacet
  facet normal -0.2588190451025213 -0.9659258262890682 0
    outer loop
      vertex 11.995694768281421 2.5090663220407508 9.6
      vertex 12.324287004842283 2.421020297615131 14.8
      vertex 11.995694768281421 2.5090663220407508 14.8
    endloop
  endfacet
  facet normal -0.15643446504023029 -0.9876883405951378 0
    outer loop
      vertex 12.324287004842283 2.421020297615131 9.6
      vertex 12.660282494380127 2.3678038400531114 14.8
      vertex 12.324287004842283 2.421020297615131 14.8
    endloop
  endfacet
  facet normal -0.05233595624294419 -0.9986295347545739 0
    outer loop
      vertex 12.660282494380127 2.3678038400531114 9.6
      vertex 13 2.3499999999999996 14.8
      vertex 12.660282494380127 2.3678038400531114 14.8
    endloop
  endfacet
  facet normal 0.05233595624294419 -0.9986295347545739 0
    outer loop
      vertex 13 2.3499999999999996 9.6
      vertex 13.339717505619873 2.3678038400531114 14.8
      vertex 13 2.3499999999999996 14.8
    endloop
  endfacet
  facet normal -0.35836794954530027 -0.9335804264972017 0
    outer loop
      vertex 11.67810591000365 2.630977262661547 9.6
      vertex 11.995694768281421 2.5090663220407508 14.8
      vertex 11.67810591000365 2.630977262661547 14.8
    endloop
  endfacet
  facet normal -0.4539904997395465 -0.891006524188368 0
    outer loop
      vertex 11.375 2.7854174377005743 9.6
      vertex 11.67810591000365 2.630977262661547 14.8
      vertex 11.375 2.7854174377005743 14.8
    endloop
  endfacet
  facet normal -0.5446390350150271 -0.8386705679454239 0
    outer loop
      vertex 11.089697930049462 2.9706947682814207 9.6
      vertex 11.375 2.7854174377005743 14.8
      vertex 11.089697930049462 2.9706947682814207 14.8
    endloop
  endfacet
  facet normal -0.6293203910498363 -0.7771459614569719 0
    outer loop
      vertex 10.82532552933371 3.184779317198468 9.6
      vertex 11.089697930049462 2.9706947682814207 14.8
      vertex 10.82532552933371 3.184779317198468 14.8
    endloop
  endfacet
  facet normal 0.15643446504023029 -0.9876883405951378 0
    outer loop
      vertex 13.339717505619873 2.3678038400531114 9.6
      vertex 13.675712995157717 2.421020297615131 14.8
      vertex 13.339717505619873 2.3678038400531114 14.8
    endloop
  endfacet
  facet normal 0.2588190451025213 -0.9659258262890682 0
    outer loop
      vertex 13.675712995157717 2.421020297615131 9.6
      vertex 14.004305231718579 2.5090663220407508 14.8
      vertex 13.675712995157717 2.421020297615131 14.8
    endloop
  endfacet
  facet normal 0.35836794954530027 -0.9335804264972017 0
    outer loop
      vertex 14.004305231718579 2.5090663220407508 9.6
      vertex 14.32189408999635 2.630977262661547 14.8
      vertex 14.004305231718579 2.5090663220407508 14.8
    endloop
  endfacet
  facet normal 0.4539904997395465 -0.891006524188368 0
    outer loop
      vertex 14.32189408999635 2.630977262661547 9.6
      vertex 14.625 2.7854174377005743 14.8
      vertex 14.32189408999635 2.630977262661547 14.8
    endloop
  endfacet
  facet normal 0.5446390350150271 -0.8386705679454239 0
    outer loop
      vertex 14.625 2.7854174377005743 9.6
      vertex 14.910302069950538 2.9706947682814207 14.8
      vertex 14.625 2.7854174377005743 14.8
    endloop
  endfacet
  facet normal 0.6293203910498363 -0.7771459614569719 0
    outer loop
      vertex 14.910302069950538 2.9706947682814207 9.6
      vertex 15.17467447066629 3.184779317198468 14.8
      vertex 14.910302069950538 2.9706947682814207 14.8
    endloop
  endfacet
  facet normal -0.7071067811865462 -0.7071067811865489 0
    outer loop
      vertex 10.584779317198468 3.42532552933371 9.6
      vertex 10.82532552933371 3.184779317198468 9.6
      vertex 10.584779317198468 3.42532552933371 14.8
    endloop
  endfacet
  facet normal -0.7771459614569731 -0.6293203910498346 0
    outer loop
      vertex 10.370694768281421 3.689697930049462 9.6
      vertex 10.584779317198468 3.42532552933371 9.6
      vertex 10.370694768281421 3.689697930049462 14.8
    endloop
  endfacet
  facet normal -0.8386705679454253 -0.5446390350150252 0
    outer loop
      vertex 10.370694768281421 3.689697930049462 9.6
      vertex 10.185417437700576 3.9749999999999996 14.8
      vertex 10.185417437700576 3.9749999999999996 9.6
    endloop
  endfacet
  facet normal 0.7071067811865462 -0.7071067811865489 0
    outer loop
      vertex 15.17467447066629 3.184779317198468 9.6
      vertex 15.415220682801532 3.42532552933371 9.6
      vertex 15.17467447066629 3.184779317198468 14.8
    endloop
  endfacet
  facet normal 0.7771459614569731 -0.6293203910498346 0
    outer loop
      vertex 15.415220682801532 3.42532552933371 9.6
      vertex 15.629305231718579 3.689697930049462 9.6
      vertex 15.415220682801532 3.42532552933371 14.8
    endloop
  endfacet
  facet normal 0.8386705679454253 -0.5446390350150252 0
    outer loop
      vertex 15.629305231718579 3.689697930049462 9.6
      vertex 15.814582562299424 3.9749999999999996 9.6
      vertex 15.629305231718579 3.689697930049462 14.8
    endloop
  endfacet
  facet normal -0.7071067811865462 -0.7071067811865489 0
    outer loop
      vertex 10.82532552933371 3.184779317198468 9.6
      vertex 10.82532552933371 3.184779317198468 14.8
      vertex 10.584779317198468 3.42532552933371 14.8
    endloop
  endfacet
  facet normal -0.7771459614569731 -0.6293203910498346 0
    outer loop
      vertex 10.584779317198468 3.42532552933371 9.6
      vertex 10.584779317198468 3.42532552933371 14.8
      vertex 10.370694768281421 3.689697930049462 14.8
    endloop
  endfacet
  facet normal -0.8386705679454253 -0.5446390350150252 0
    outer loop
      vertex 10.370694768281421 3.689697930049462 9.6
      vertex 10.370694768281421 3.689697930049462 14.8
      vertex 10.185417437700576 3.9749999999999996 14.8
    endloop
  endfacet
  facet normal 0.7071067811865462 -0.7071067811865489 0
    outer loop
      vertex 15.415220682801532 3.42532552933371 9.6
      vertex 15.415220682801532 3.42532552933371 14.8
      vertex 15.17467447066629 3.184779317198468 14.8
    endloop
  endfacet
  facet normal 0.7771459614569731 -0.6293203910498346 0
    outer loop
      vertex 15.629305231718579 3.689697930049462 9.6
      vertex 15.629305231718579 3.689697930049462 14.8
      vertex 15.415220682801532 3.42532552933371 14.8
    endloop
  endfacet
  facet normal 0.8386705679454253 -0.5446390350150252 0
    outer loop
      vertex 15.814582562299424 3.9749999999999996 9.6
      vertex 15.814582562299424 3.9749999999999996 14.8
      vertex 15.629305231718579 3.689697930049462 14.8
    endloop
  endfacet
  facet normal 0 0 1
    outer loop
      vertex 11.995694768281421 2.5090663220407508 14.8
      vertex 12.324287004842283 2.421020297615131 14.8
      vertex 12.397416860968853 3.7454397932244503 14.8
    endloop
  endfacet
  facet normal 0 0 1
    outer loop
      vertex 12.324287004842283 2.421020297615131 14.8
      vertex 12.660282494380127 2.3678038400531114 14.8
      vertex 12.594572202905368 3.6926121785690786 14.8
    endloop
  endfacet
  facet normal 0 0 1
    outer loop
      vertex 12.660282494380127 2.3678038400531114 14.8
      vertex 13 2.3499999999999996 14.8
      vertex 13 3.6499999999999995 14.8
    endloop
  endfacet
  facet normal 0 0 1
    outer loop
      vertex 13 2.3499999999999996 14.8
      vertex 13.339717505619873 2.3678038400531114 14.8
      vertex 13 3.6499999999999995 14.8
    endloop
  endfacet
  facet normal 0 0 1
    outer loop
      vertex 11.67810591000365 2.630977262661547 14.8
      vertex 11.995694768281421 2.5090663220407508 14.8
      vertex 12.025 3.9112504626203446 14.8
    endloop
  endfacet
  facet normal 0 0 1
    outer loop
      vertex 13.339717505619873 2.3678038400531114 14.8
      vertex 13.675712995157717 2.421020297615131 14.8
      vertex 13.405427797094632 3.6926121785690786 14.8
    endloop
  endfacet
  facet normal 0 0 1
    outer loop
      vertex 13.675712995157717 2.421020297615131 14.8
      vertex 14.004305231718579 2.5090663220407508 14.8
      vertex 13.79313645399781 3.818586357596928 14.8
    endloop
  endfacet
  facet normal 0 0 1
    outer loop
      vertex 14.004305231718579 2.5090663220407508 14.8
      vertex 14.32189408999635 2.630977262661547 14.8
      vertex 14.146181241970323 4.022416860968852 14.8
    endloop
  endfacet
  facet normal 0 0 1
    outer loop
      vertex 11.089697930049462 2.9706947682814207 14.8
      vertex 11.375 2.7854174377005743 14.8
      vertex 11.311250462620345 4.625 14.8
    endloop
  endfacet
  facet normal 0 0 1
    outer loop
      vertex 11.67810591000365 2.630977262661547 14.8
      vertex 11.695195317600227 4.150867590319081 14.8
      vertex 11.375 2.7854174377005743 14.8
    endloop
  endfacet
  facet normal 0 0 1
    outer loop
      vertex 11.995694768281421 2.5090663220407508 14.8
      vertex 12.397416860968853 3.7454397932244503 14.8
      vertex 12.20686354600219 3.818586357596928 14.8
    endloop
  endfacet
  facet normal 0 0 1
    outer loop
      vertex 12.660282494380127 2.3678038400531114 14.8
      vertex 12.796169496628076 3.660682304031867 14.8
      vertex 12.594572202905368 3.6926121785690786 14.8
    endloop
  endfacet
  facet normal 0 0 1
    outer loop
      vertex 12.660282494380127 2.3678038400531114 14.8
      vertex 13 3.6499999999999995 14.8
      vertex 12.796169496628076 3.660682304031867 14.8
    endloop
  endfacet
  facet normal 0 0 1
    outer loop
      vertex 12.324287004842283 2.421020297615131 14.8
      vertex 12.594572202905368 3.6926121785690786 14.8
      vertex 12.397416860968853 3.7454397932244503 14.8
    endloop
  endfacet
  facet normal 0 0 1
    outer loop
      vertex 11.995694768281421 2.5090663220407508 14.8
      vertex 12.20686354600219 3.818586357596928 14.8
      vertex 12.025 3.9112504626203446 14.8
    endloop
  endfacet
  facet normal 0 0 1
    outer loop
      vertex 11.67810591000365 2.630977262661547 14.8
      vertex 12.025 3.9112504626203446 14.8
      vertex 11.853818758029677 4.022416860968852 14.8
    endloop
  endfacet
  facet normal 0 0 1
    outer loop
      vertex 11.375 2.7854174377005743 14.8
      vertex 11.550867590319081 4.295195317600227 14.8
      vertex 11.422416860968852 4.453818758029677 14.8
    endloop
  endfacet
  facet normal 0 0 1
    outer loop
      vertex 11.375 2.7854174377005743 14.8
      vertex 11.422416860968852 4.453818758029677 14.8
      vertex 11.311250462620345 4.625 14.8
    endloop
  endfacet
  facet normal 0 0 1
    outer loop
      vertex 11.67810591000365 2.630977262661547 14.8
      vertex 11.853818758029677 4.022416860968852 14.8
      vertex 11.695195317600227 4.150867590319081 14.8
    endloop
  endfacet
  facet normal 0 0 1
    outer loop
      vertex 11.375 2.7854174377005743 14.8
      vertex 11.695195317600227 4.150867590319081 14.8
      vertex 11.550867590319081 4.295195317600227 14.8
    endloop
  endfacet
  facet normal 0 0 1
    outer loop
      vertex 13.339717505619873 2.3678038400531114 14.8
      vertex 13.203830503371924 3.660682304031867 14.8
      vertex 13 3.6499999999999995 14.8
    endloop
  endfacet
  facet normal 0 0 1
    outer loop
      vertex 13.339717505619873 2.3678038400531114 14.8
      vertex 13.405427797094632 3.6926121785690786 14.8
      vertex 13.203830503371924 3.660682304031867 14.8
    endloop
  endfacet
  facet normal 0 0 1
    outer loop
      vertex 13.675712995157717 2.421020297615131 14.8
      vertex 13.602583139031147 3.7454397932244503 14.8
      vertex 13.405427797094632 3.6926121785690786 14.8
    endloop
  endfacet
  facet normal 0 0 1
    outer loop
      vertex 13.675712995157717 2.421020297615131 14.8
      vertex 13.79313645399781 3.818586357596928 14.8
      vertex 13.602583139031147 3.7454397932244503 14.8
    endloop
  endfacet
  facet normal 0 0 1
    outer loop
      vertex 14.32189408999635 2.630977262661547 14.8
      vertex 14.625 2.7854174377005743 14.8
      vertex 14.449132409680919 4.295195317600227 14.8
    endloop
  endfacet
  facet normal 0 0 1
    outer loop
      vertex 14.004305231718579 2.5090663220407508 14.8
      vertex 13.975 3.9112504626203446 14.8
      vertex 13.79313645399781 3.818586357596928 14.8
    endloop
  endfacet
  facet normal 0 0 1
    outer loop
      vertex 14.625 2.7854174377005743 14.8
      vertex 14.910302069950538 2.9706947682814207 14.8
      vertex 14.688749537379655 4.625 14.8
    endloop
  endfacet
  facet normal 0 0 1
    outer loop
      vertex 14.004305231718579 2.5090663220407508 14.8
      vertex 14.146181241970323 4.022416860968852 14.8
      vertex 13.975 3.9112504626203446 14.8
    endloop
  endfacet
  facet normal 0 0 1
    outer loop
      vertex 14.32189408999635 2.630977262661547 14.8
      vertex 14.304804682399773 4.150867590319081 14.8
      vertex 14.146181241970323 4.022416860968852 14.8
    endloop
  endfacet
  facet normal 0 0 1
    outer loop
      vertex 14.32189408999635 2.630977262661547 14.8
      vertex 14.449132409680919 4.295195317600227 14.8
      vertex 14.304804682399773 4.150867590319081 14.8
    endloop
  endfacet
  facet normal 0 0 1
    outer loop
      vertex 14.625 2.7854174377005743 14.8
      vertex 14.577583139031148 4.453818758029677 14.8
      vertex 14.449132409680919 4.295195317600227 14.8
    endloop
  endfacet
  facet normal 0 0 1
    outer loop
      vertex 14.625 2.7854174377005743 14.8
      vertex 14.688749537379655 4.625 14.8
      vertex 14.577583139031148 4.453818758029677 14.8
    endloop
  endfacet
  facet normal 0 0 1
    outer loop
      vertex 14.910302069950538 2.9706947682814207 14.8
      vertex 15.17467447066629 3.184779317198468 14.8
      vertex 14.939317695968132 5.396169496628075 14.8
    endloop
  endfacet
  facet normal -0.8910065241883675 -0.4539904997395476 0
    outer loop
      vertex 10.030977262661548 4.278105910003649 9.6
      vertex 10.185417437700576 3.9749999999999996 9.6
      vertex 10.030977262661548 4.278105910003649 14.8
    endloop
  endfacet
  facet normal 0 0 -1
    outer loop
      vertex 11.089697930049462 2.9706947682814207 9.6
      vertex 11.375 8.414582562299426 9.6
      vertex 11.375 2.7854174377005743 9.6
    endloop
  endfacet
  facet normal 0 0 -1
    outer loop
      vertex 11.995694768281421 2.5090663220407508 9.6
      vertex 12.324287004842283 8.778979702384868 9.6
      vertex 12.324287004842283 2.421020297615131 9.6
    endloop
  endfacet
  facet normal 0 0 -1
    outer loop
      vertex 12.324287004842283 2.421020297615131 9.6
      vertex 12.660282494380127 8.832196159946887 9.6
      vertex 12.660282494380127 2.3678038400531114 9.6
    endloop
  endfacet
  facet normal 0 0 -1
    outer loop
      vertex 12.660282494380127 2.3678038400531114 9.6
      vertex 13 8.85 9.6
      vertex 13 2.3499999999999996 9.6
    endloop
  endfacet
  facet normal 0 0 -1
    outer loop
      vertex 11.67810591000365 2.630977262661547 9.6
      vertex 11.995694768281421 8.690933677959249 9.6
      vertex 11.995694768281421 2.5090663220407508 9.6
    endloop
  endfacet
  facet normal 0 0 -1
    outer loop
      vertex 11.67810591000365 2.630977262661547 9.6
      vertex 11.375 2.7854174377005743 9.6
      vertex 11.67810591000365 8.569022737338452 9.6
    endloop
  endfacet
  facet normal -0.9335804264972009 -0.35836794954530254 0
    outer loop
      vertex 10.030977262661548 4.278105910003649 9.6
      vertex 9.90906632204075 4.595694768281421 14.8
      vertex 9.90906632204075 4.595694768281421 9.6
    endloop
  endfacet
  facet normal 0.8910065241883675 -0.4539904997395476 0
    outer loop
      vertex 15.814582562299424 3.9749999999999996 9.6
      vertex 15.969022737338452 4.278105910003649 9.6
      vertex 15.814582562299424 3.9749999999999996 14.8
    endloop
  endfacet
  facet normal 0 0 -1
    outer loop
      vertex 13 2.3499999999999996 9.6
      vertex 13.339717505619873 8.832196159946887 9.6
      vertex 13.339717505619873 2.3678038400531114 9.6
    endloop
  endfacet
  facet normal 0 0 -1
    outer loop
      vertex 13.339717505619873 2.3678038400531114 9.6
      vertex 13.675712995157717 8.778979702384868 9.6
      vertex 13.675712995157717 2.421020297615131 9.6
    endloop
  endfacet
  facet normal 0 0 -1
    outer loop
      vertex 13.675712995157717 2.421020297615131 9.6
      vertex 14.004305231718579 8.690933677959249 9.6
      vertex 14.004305231718579 2.5090663220407508 9.6
    endloop
  endfacet
  facet normal 0 0 -1
    outer loop
      vertex 14.004305231718579 2.5090663220407508 9.6
      vertex 14.32189408999635 8.569022737338452 9.6
      vertex 14.32189408999635 2.630977262661547 9.6
    endloop
  endfacet
  facet normal 0 0 -1
    outer loop
      vertex 14.32189408999635 2.630977262661547 9.6
      vertex 14.625 8.414582562299426 9.6
      vertex 14.625 2.7854174377005743 9.6
    endloop
  endfacet
  facet normal 0 0 -1
    outer loop
      vertex 14.625 2.7854174377005743 9.6
      vertex 14.910302069950538 8.229305231718579 9.6
      vertex 14.910302069950538 2.9706947682814207 9.6
    endloop
  endfacet
  facet normal 0 0 -1
    outer loop
      vertex 14.910302069950538 2.9706947682814207 9.6
      vertex 15.17467447066629 8.01522068280153 9.6
      vertex 15.17467447066629 3.184779317198468 9.6
    endloop
  endfacet
  facet normal 0.9335804264972009 -0.35836794954530254 0
    outer loop
      vertex 15.969022737338452 4.278105910003649 9.6
      vertex 16.09093367795925 4.595694768281421 9.6
      vertex 15.969022737338452 4.278105910003649 14.8
    endloop
  endfacet
  facet normal 0.9659258262890683 -0.2588190451025207 0
    outer loop
      vertex 16.09093367795925 4.595694768281421 9.6
      vertex 16.17897970238487 4.924287004842282 9.6
      vertex 16.09093367795925 4.595694768281421 14.8
    endloop
  endfacet
  facet normal -0.8910065241883675 -0.4539904997395476 0
    outer loop
      vertex 10.185417437700576 3.9749999999999996 9.6
      vertex 10.185417437700576 3.9749999999999996 14.8
      vertex 10.030977262661548 4.278105910003649 14.8
    endloop
  endfacet
  facet normal -0.9335804264972009 -0.35836794954530254 0
    outer loop
      vertex 10.030977262661548 4.278105910003649 9.6
      vertex 10.030977262661548 4.278105910003649 14.8
      vertex 9.90906632204075 4.595694768281421 14.8
    endloop
  endfacet
  facet normal -0.9659258262890683 -0.2588190451025207 0
    outer loop
      vertex 9.90906632204075 4.595694768281421 9.6
      vertex 9.90906632204075 4.595694768281421 14.8
      vertex 9.821020297615132 4.924287004842282 14.8
    endloop
  endfacet
  facet normal 0.8910065241883675 -0.4539904997395476 0
    outer loop
      vertex 15.969022737338452 4.278105910003649 9.6
      vertex 15.969022737338452 4.278105910003649 14.8
      vertex 15.814582562299424 3.9749999999999996 14.8
    endloop
  endfacet
  facet normal 0.9335804264972009 -0.35836794954530254 0
    outer loop
      vertex 16.09093367795925 4.595694768281421 9.6
      vertex 16.09093367795925 4.595694768281421 14.8
      vertex 15.969022737338452 4.278105910003649 14.8
    endloop
  endfacet
  facet normal 0 0 -1
    outer loop
      vertex 10.370694768281421 3.689697930049462 9.6
      vertex 10.584779317198468 7.774674470666289 9.6
      vertex 10.584779317198468 3.42532552933371 9.6
    endloop
  endfacet
  facet normal 0 0 -1
    outer loop
      vertex 11.089697930049462 2.9706947682814207 9.6
      vertex 10.82532552933371 3.184779317198468 9.6
      vertex 11.089697930049462 8.229305231718579 9.6
    endloop
  endfacet
  facet normal 0 0 -1
    outer loop
      vertex 10.584779317198468 3.42532552933371 9.6
      vertex 10.82532552933371 8.01522068280153 9.6
      vertex 10.82532552933371 3.184779317198468 9.6
    endloop
  endfacet
  facet normal 0 0 -1
    outer loop
      vertex 10.370694768281421 3.689697930049462 9.6
      vertex 10.185417437700576 3.9749999999999996 9.6
      vertex 10.370694768281421 7.510302069950537 9.6
    endloop
  endfacet
  facet normal 0 0 -1
    outer loop
      vertex 10.030977262661548 4.278105910003649 9.6
      vertex 10.185417437700576 7.225 9.6
      vertex 10.185417437700576 3.9749999999999996 9.6
    endloop
  endfacet
  facet normal -0.9659258262890683 -0.2588190451025207 0
    outer loop
      vertex 9.90906632204075 4.595694768281421 9.6
      vertex 9.821020297615132 4.924287004842282 14.8
      vertex 9.821020297615132 4.924287004842282 9.6
    endloop
  endfacet
  facet normal -0.9876883405951381 -0.15643446504022862 0
    outer loop
      vertex 9.821020297615132 4.924287004842282 9.6
      vertex 9.767803840053112 5.260282494380126 14.8
      vertex 9.767803840053112 5.260282494380126 9.6
    endloop
  endfacet
  facet normal 0 0 -1
    outer loop
      vertex 10.030977262661548 4.278105910003649 9.6
      vertex 9.90906632204075 4.595694768281421 9.6
      vertex 10.030977262661548 6.92189408999635 9.6
    endloop
  endfacet
  facet normal 0 0 -1
    outer loop
      vertex 9.90906632204075 4.595694768281421 9.6
      vertex 9.821020297615132 4.924287004842282 9.6
      vertex 9.90906632204075 6.604305231718579 9.6
    endloop
  endfacet
  facet normal 0 0 -1
    outer loop
      vertex 9.821020297615132 4.924287004842282 9.6
      vertex 9.767803840053112 5.260282494380126 9.6
      vertex 9.821020297615132 6.2757129951577175 9.6
    endloop
  endfacet
  facet normal 0 0 -1
    outer loop
      vertex 9.767803840053112 5.260282494380126 9.6
      vertex 9.75 5.6 9.6
      vertex 9.767803840053112 5.939717505619873 9.6
    endloop
  endfacet
  facet normal -0.9986295347545737 -0.05233595624294548 0
    outer loop
      vertex 9.767803840053112 5.260282494380126 9.6
      vertex 9.75 5.6 14.8
      vertex 9.75 5.6 9.6
    endloop
  endfacet
  facet normal 0 0 -1
    outer loop
      vertex 15.17467447066629 3.184779317198468 9.6
      vertex 15.415220682801532 7.774674470666289 9.6
      vertex 15.415220682801532 3.42532552933371 9.6
    endloop
  endfacet
  facet normal 0 0 -1
    outer loop
      vertex 15.415220682801532 3.42532552933371 9.6
      vertex 15.629305231718579 7.510302069950537 9.6
      vertex 15.629305231718579 3.689697930049462 9.6
    endloop
  endfacet
  facet normal 0 0 -1
    outer loop
      vertex 15.629305231718579 3.689697930049462 9.6
      vertex 15.814582562299424 7.225 9.6
      vertex 15.814582562299424 3.9749999999999996 9.6
    endloop
  endfacet
  facet normal 0 0 -1
    outer loop
      vertex 15.814582562299424 3.9749999999999996 9.6
      vertex 15.969022737338452 6.92189408999635 9.6
      vertex 15.969022737338452 4.278105910003649 9.6
    endloop
  endfacet
  facet normal 0 0 -1
    outer loop
      vertex 15.969022737338452 4.278105910003649 9.6
      vertex 16.09093367795925 6.604305231718579 9.6
      vertex 16.09093367795925 4.595694768281421 9.6
    endloop
  endfacet
  facet normal 0.9876883405951381 -0.15643446504022862 0
    outer loop
      vertex 16.17897970238487 4.924287004842282 9.6
      vertex 16.232196159946888 5.260282494380126 9.6
      vertex 16.17897970238487 4.924287004842282 14.8
    endloop
  endfacet
  facet normal 0 0 -1
    outer loop
      vertex 16.09093367795925 4.595694768281421 9.6
      vertex 16.17897970238487 6.2757129951577175 9.6
      vertex 16.17897970238487 4.924287004842282 9.6
    endloop
  endfacet
  facet normal 0 0 -1
    outer loop
      vertex 16.17897970238487 4.924287004842282 9.6
      vertex 16.232196159946888 5.939717505619873 9.6
      vertex 16.232196159946888 5.260282494380126 9.6
    endloop
  endfacet
  facet normal 0 0 -1
    outer loop
      vertex 16.232196159946888 5.260282494380126 9.6
      vertex 16.232196159946888 5.939717505619873 9.6
      vertex 16.25 5.6 9.6
    endloop
  endfacet
  facet normal 0.9986295347545737 -0.05233595624294548 0
    outer loop
      vertex 16.232196159946888 5.260282494380126 9.6
      vertex 16.25 5.6 9.6
      vertex 16.232196159946888 5.260282494380126 14.8
    endloop
  endfacet
  facet normal -0.9876883405951381 -0.15643446504022862 0
    outer loop
      vertex 9.821020297615132 4.924287004842282 9.6
      vertex 9.821020297615132 4.924287004842282 14.8
      vertex 9.767803840053112 5.260282494380126 14.8
    endloop
  endfacet
  facet normal -0.9986295347545737 -0.05233595624294548 0
    outer loop
      vertex 9.767803840053112 5.260282494380126 9.6
      vertex 9.767803840053112 5.260282494380126 14.8
      vertex 9.75 5.6 14.8
    endloop
  endfacet
  facet normal 0.9659258262890683 -0.2588190451025207 0
    outer loop
      vertex 16.17897970238487 4.924287004842282 9.6
      vertex 16.17897970238487 4.924287004842282 14.8
      vertex 16.09093367795925 4.595694768281421 14.8
    endloop
  endfacet
  facet normal 0.9876883405951381 -0.15643446504022862 0
    outer loop
      vertex 16.232196159946888 5.260282494380126 9.6
      vertex 16.232196159946888 5.260282494380126 14.8
      vertex 16.17897970238487 4.924287004842282 14.8
    endloop
  endfacet
  facet normal 0.9986295347545737 -0.05233595624294548 0
    outer loop
      vertex 16.232196159946888 5.260282494380126 14.8
      vertex 16.25 5.6 9.6
      vertex 16.25 5.6 14.8
    endloop
  endfacet
  facet normal 0 0 1
    outer loop
      vertex 11.089697930049462 2.9706947682814207 14.8
      vertex 11.311250462620345 4.625 14.8
      vertex 11.218586357596928 4.806863546002189 14.8
    endloop
  endfacet
  facet normal 0 0 1
    outer loop
      vertex 11.089697930049462 2.9706947682814207 14.8
      vertex 11.218586357596928 4.806863546002189 14.8
      vertex 11.145439793224451 4.997416860968852 14.8
    endloop
  endfacet
  facet normal 0 0 1
    outer loop
      vertex 11.089697930049462 2.9706947682814207 14.8
      vertex 11.145439793224451 4.997416860968852 14.8
      vertex 11.092612178569079 5.194572202905369 14.8
    endloop
  endfacet
  facet normal 0 0 1
    outer loop
      vertex 11.089697930049462 2.9706947682814207 14.8
      vertex 11.092612178569079 5.194572202905369 14.8
      vertex 11.060682304031868 5.396169496628075 14.8
    endloop
  endfacet
  facet normal 0 0 1
    outer loop
      vertex 11.089697930049462 2.9706947682814207 14.8
      vertex 10.82532552933371 8.01522068280153 14.8
      vertex 10.82532552933371 3.184779317198468 14.8
    endloop
  endfacet
  facet normal 0 0 1
    outer loop
      vertex 14.910302069950538 2.9706947682814207 14.8
      vertex 14.781413642403072 4.806863546002189 14.8
      vertex 14.688749537379655 4.625 14.8
    endloop
  endfacet
  facet normal 0 0 1
    outer loop
      vertex 14.910302069950538 2.9706947682814207 14.8
      vertex 14.854560206775549 4.997416860968852 14.8
      vertex 14.781413642403072 4.806863546002189 14.8
    endloop
  endfacet
  facet normal 0 0 1
    outer loop
      vertex 14.910302069950538 2.9706947682814207 14.8
      vertex 14.907387821430921 5.194572202905369 14.8
      vertex 14.854560206775549 4.997416860968852 14.8
    endloop
  endfacet
  facet normal 0 0 1
    outer loop
      vertex 14.910302069950538 2.9706947682814207 14.8
      vertex 14.939317695968132 5.396169496628075 14.8
      vertex 14.907387821430921 5.194572202905369 14.8
    endloop
  endfacet
  facet normal 0 0 1
    outer loop
      vertex 15.17467447066629 3.184779317198468 14.8
      vertex 14.95 5.6 14.8
      vertex 14.939317695968132 5.396169496628075 14.8
    endloop
  endfacet
  facet normal 0 0 1
    outer loop
      vertex 10.370694768281421 3.689697930049462 14.8
      vertex 10.584779317198468 3.42532552933371 14.8
      vertex 10.370694768281421 7.510302069950537 14.8
    endloop
  endfacet
  facet normal 0 0 1
    outer loop
      vertex 10.370694768281421 3.689697930049462 14.8
      vertex 10.185417437700576 7.225 14.8
      vertex 10.185417437700576 3.9749999999999996 14.8
    endloop
  endfacet
  facet normal 0 0 1
    outer loop
      vertex 10.584779317198468 3.42532552933371 14.8
      vertex 10.82532552933371 3.184779317198468 14.8
      vertex 10.584779317198468 7.774674470666289 14.8
    endloop
  endfacet
  facet normal 0 0 1
    outer loop
      vertex 10.030977262661548 4.278105910003649 14.8
      vertex 10.185417437700576 3.9749999999999996 14.8
      vertex 10.030977262661548 6.92189408999635 14.8
    endloop
  endfacet
  facet normal 0 0 1
    outer loop
      vertex 10.030977262661548 4.278105910003649 14.8
      vertex 9.90906632204075 6.604305231718579 14.8
      vertex 9.90906632204075 4.595694768281421 14.8
    endloop
  endfacet
  facet normal 0 0 1
    outer loop
      vertex 9.90906632204075 4.595694768281421 14.8
      vertex 9.821020297615132 6.2757129951577175 14.8
      vertex 9.821020297615132 4.924287004842282 14.8
    endloop
  endfacet
  facet normal 0 0 1
    outer loop
      vertex 9.821020297615132 4.924287004842282 14.8
      vertex 9.767803840053112 5.939717505619873 14.8
      vertex 9.767803840053112 5.260282494380126 14.8
    endloop
  endfacet
  facet normal 0 0 1
    outer loop
      vertex 9.767803840053112 5.260282494380126 14.8
      vertex 9.767803840053112 5.939717505619873 14.8
      vertex 9.75 5.6 14.8
    endloop
  endfacet
  facet normal 0 0 1
    outer loop
      vertex 11.089697930049462 2.9706947682814207 14.8
      vertex 11.060682304031868 5.396169496628075 14.8
      vertex 10.82532552933371 8.01522068280153 14.8
    endloop
  endfacet
  facet normal 0 0 1
    outer loop
      vertex 15.17467447066629 3.184779317198468 14.8
      vertex 14.939317695968132 5.803830503371924 14.8
      vertex 14.95 5.6 14.8
    endloop
  endfacet
  facet normal 0 0 1
    outer loop
      vertex 15.17467447066629 3.184779317198468 14.8
      vertex 15.415220682801532 3.42532552933371 14.8
      vertex 15.17467447066629 8.01522068280153 14.8
    endloop
  endfacet
  facet normal 0 0 1
    outer loop
      vertex 15.415220682801532 3.42532552933371 14.8
      vertex 15.629305231718579 3.689697930049462 14.8
      vertex 15.415220682801532 7.774674470666289 14.8
    endloop
  endfacet
  facet normal 0 0 1
    outer loop
      vertex 15.629305231718579 3.689697930049462 14.8
      vertex 15.814582562299424 3.9749999999999996 14.8
      vertex 15.629305231718579 7.510302069950537 14.8
    endloop
  endfacet
  facet normal 0 0 1
    outer loop
      vertex 15.814582562299424 3.9749999999999996 14.8
      vertex 15.969022737338452 4.278105910003649 14.8
      vertex 15.814582562299424 7.225 14.8
    endloop
  endfacet
  facet normal 0 0 1
    outer loop
      vertex 15.969022737338452 4.278105910003649 14.8
      vertex 16.09093367795925 4.595694768281421 14.8
      vertex 15.969022737338452 6.92189408999635 14.8
    endloop
  endfacet
  facet normal 0 0 1
    outer loop
      vertex 16.09093367795925 4.595694768281421 14.8
      vertex 16.17897970238487 4.924287004842282 14.8
      vertex 16.09093367795925 6.604305231718579 14.8
    endloop
  endfacet
  facet normal 0 0 1
    outer loop
      vertex 16.17897970238487 4.924287004842282 14.8
      vertex 16.232196159946888 5.260282494380126 14.8
      vertex 16.17897970238487 6.2757129951577175 14.8
    endloop
  endfacet
  facet normal 0 0 1
    outer loop
      vertex 16.232196159946888 5.260282494380126 14.8
      vertex 16.25 5.6 14.8
      vertex 16.232196159946888 5.939717505619873 14.8
    endloop
  endfacet
  facet normal -0.052335956242945576 -0.9986295347545738 0
    outer loop
      vertex 12.796169496628076 3.660682304031867 24.6
      vertex 12.796169496628076 3.660682304031867 14.8
      vertex 13 3.6499999999999995 14.8
    endloop
  endfacet
  facet normal 0.052335956242945576 -0.9986295347545738 0
    outer loop
      vertex 13 3.6499999999999995 24.6
      vertex 13 3.6499999999999995 14.8
      vertex 13.203830503371924 3.660682304031867 14.8
    endloop
  endfacet
  facet normal -0.15643446504022895 -0.9876883405951381 0
    outer loop
      vertex 12.594572202905368 3.6926121785690786 24.6
      vertex 12.594572202905368 3.6926121785690786 14.8
      vertex 12.796169496628076 3.660682304031867 14.8
    endloop
  endfacet
  facet normal -0.2588190451025235 -0.9659258262890675 0
    outer loop
      vertex 12.397416860968853 3.7454397932244503 24.6
      vertex 12.397416860968853 3.7454397932244503 14.8
      vertex 12.594572202905368 3.6926121785690786 14.8
    endloop
  endfacet
  facet normal -0.3583679495452982 -0.9335804264972026 0
    outer loop
      vertex 12.20686354600219 3.818586357596928 24.6
      vertex 12.20686354600219 3.818586357596928 14.8
      vertex 12.397416860968853 3.7454397932244503 14.8
    endloop
  endfacet
  facet normal -0.45399049973954897 -0.8910065241883666 0
    outer loop
      vertex 12.025 3.9112504626203446 24.6
      vertex 12.025 3.9112504626203446 14.8
      vertex 12.20686354600219 3.818586357596928 14.8
    endloop
  endfacet
  facet normal 0.15643446504022895 -0.9876883405951381 0
    outer loop
      vertex 13.203830503371924 3.660682304031867 24.6
      vertex 13.203830503371924 3.660682304031867 14.8
      vertex 13.405427797094632 3.6926121785690786 14.8
    endloop
  endfacet
  facet normal 0.2588190451025235 -0.9659258262890675 0
    outer loop
      vertex 13.405427797094632 3.6926121785690786 24.6
      vertex 13.405427797094632 3.6926121785690786 14.8
      vertex 13.602583139031147 3.7454397932244503 14.8
    endloop
  endfacet
  facet normal 0.3583679495452982 -0.9335804264972026 0
    outer loop
      vertex 13.602583139031147 3.7454397932244503 24.6
      vertex 13.602583139031147 3.7454397932244503 14.8
      vertex 13.79313645399781 3.818586357596928 14.8
    endloop
  endfacet
  facet normal 0.45399049973954897 -0.8910065241883666 0
    outer loop
      vertex 13.79313645399781 3.818586357596928 24.6
      vertex 13.79313645399781 3.818586357596928 14.8
      vertex 13.975 3.9112504626203446 14.8
    endloop
  endfacet
  facet normal 0.5446390350150246 -0.8386705679454256 0
    outer loop
      vertex 13.975 3.9112504626203446 24.6
      vertex 13.975 3.9112504626203446 14.8
      vertex 14.146181241970323 4.022416860968852 14.8
    endloop
  endfacet
  facet normal -0.052335956242945576 -0.9986295347545738 0
    outer loop
      vertex 12.796169496628076 3.660682304031867 24.6
      vertex 13 3.6499999999999995 14.8
      vertex 13 3.6499999999999995 24.6
    endloop
  endfacet
  facet normal 0.052335956242945576 -0.9986295347545738 0
    outer loop
      vertex 13 3.6499999999999995 24.6
      vertex 13.203830503371924 3.660682304031867 14.8
      vertex 13.203830503371924 3.660682304031867 24.6
    endloop
  endfacet
  facet normal -0.2588190451025235 -0.9659258262890675 0
    outer loop
      vertex 12.397416860968853 3.7454397932244503 24.6
      vertex 12.594572202905368 3.6926121785690786 14.8
      vertex 12.594572202905368 3.6926121785690786 24.6
    endloop
  endfacet
  facet normal -0.15643446504022895 -0.9876883405951381 0
    outer loop
      vertex 12.594572202905368 3.6926121785690786 24.6
      vertex 12.796169496628076 3.660682304031867 14.8
      vertex 12.796169496628076 3.660682304031867 24.6
    endloop
  endfacet
  facet normal -0.3583679495452982 -0.9335804264972026 0
    outer loop
      vertex 12.20686354600219 3.818586357596928 24.6
      vertex 12.397416860968853 3.7454397932244503 14.8
      vertex 12.397416860968853 3.7454397932244503 24.6
    endloop
  endfacet
  facet normal -0.45399049973954897 -0.8910065241883666 0
    outer loop
      vertex 12.20686354600219 3.818586357596928 24.6
      vertex 12.025 3.9112504626203446 24.6
      vertex 12.20686354600219 3.818586357596928 14.8
    endloop
  endfacet
  facet normal -0.5446390350150246 -0.8386705679454256 0
    outer loop
      vertex 11.853818758029677 4.022416860968852 24.6
      vertex 12.025 3.9112504626203446 14.8
      vertex 12.025 3.9112504626203446 24.6
    endloop
  endfacet
  facet normal 0.15643446504022895 -0.9876883405951381 0
    outer loop
      vertex 13.203830503371924 3.660682304031867 24.6
      vertex 13.405427797094632 3.6926121785690786 14.8
      vertex 13.405427797094632 3.6926121785690786 24.6
    endloop
  endfacet
  facet normal 0.2588190451025235 -0.9659258262890675 0
    outer loop
      vertex 13.405427797094632 3.6926121785690786 24.6
      vertex 13.602583139031147 3.7454397932244503 14.8
      vertex 13.602583139031147 3.7454397932244503 24.6
    endloop
  endfacet
  facet normal 0.3583679495452982 -0.9335804264972026 0
    outer loop
      vertex 13.602583139031147 3.7454397932244503 24.6
      vertex 13.79313645399781 3.818586357596928 14.8
      vertex 13.79313645399781 3.818586357596928 24.6
    endloop
  endfacet
  facet normal 0.45399049973954897 -0.8910065241883666 0
    outer loop
      vertex 13.79313645399781 3.818586357596928 24.6
      vertex 13.975 3.9112504626203446 14.8
      vertex 13.975 3.9112504626203446 24.6
    endloop
  endfacet
  facet normal -0.5446390350150246 -0.8386705679454256 0
    outer loop
      vertex 11.853818758029677 4.022416860968852 24.6
      vertex 11.853818758029677 4.022416860968852 14.8
      vertex 12.025 3.9112504626203446 14.8
    endloop
  endfacet
  facet normal -0.6293203910498386 -0.7771459614569699 0
    outer loop
      vertex 11.695195317600227 4.150867590319081 24.6
      vertex 11.695195317600227 4.150867590319081 14.8
      vertex 11.853818758029677 4.022416860968852 14.8
    endloop
  endfacet
  facet normal -0.7071067811865476 -0.7071067811865476 0
    outer loop
      vertex 11.550867590319081 4.295195317600227 24.6
      vertex 11.550867590319081 4.295195317600227 14.8
      vertex 11.695195317600227 4.150867590319081 14.8
    endloop
  endfacet
  facet normal -0.8386705679454263 -0.5446390350150236 0
    outer loop
      vertex 11.311250462620345 4.625 24.6
      vertex 11.311250462620345 4.625 14.8
      vertex 11.422416860968852 4.453818758029677 14.8
    endloop
  endfacet
  facet normal -0.8910065241883666 -0.45399049973954897 0
    outer loop
      vertex 11.218586357596928 4.806863546002189 24.6
      vertex 11.218586357596928 4.806863546002189 14.8
      vertex 11.311250462620345 4.625 14.8
    endloop
  endfacet
  facet normal -0.7771459614569696 -0.629320391049839 0
    outer loop
      vertex 11.422416860968852 4.453818758029677 24.6
      vertex 11.422416860968852 4.453818758029677 14.8
      vertex 11.550867590319081 4.295195317600227 14.8
    endloop
  endfacet
  facet normal 0.6293203910498386 -0.7771459614569699 0
    outer loop
      vertex 14.146181241970323 4.022416860968852 24.6
      vertex 14.146181241970323 4.022416860968852 14.8
      vertex 14.304804682399773 4.150867590319081 14.8
    endloop
  endfacet
  facet normal 0.7071067811865476 -0.7071067811865476 0
    outer loop
      vertex 14.304804682399773 4.150867590319081 24.6
      vertex 14.304804682399773 4.150867590319081 14.8
      vertex 14.449132409680919 4.295195317600227 14.8
    endloop
  endfacet
  facet normal 0.7771459614569696 -0.629320391049839 0
    outer loop
      vertex 14.449132409680919 4.295195317600227 24.6
      vertex 14.449132409680919 4.295195317600227 14.8
      vertex 14.577583139031148 4.453818758029677 14.8
    endloop
  endfacet
  facet normal 0.8386705679454263 -0.5446390350150236 0
    outer loop
      vertex 14.577583139031148 4.453818758029677 24.6
      vertex 14.577583139031148 4.453818758029677 14.8
      vertex 14.688749537379655 4.625 14.8
    endloop
  endfacet
  facet normal 0.8910065241883666 -0.45399049973954897 0
    outer loop
      vertex 14.688749537379655 4.625 24.6
      vertex 14.688749537379655 4.625 14.8
      vertex 14.781413642403072 4.806863546002189 14.8
    endloop
  endfacet
  facet normal -0.9335804264972027 -0.3583679495452977 0
    outer loop
      vertex 11.145439793224451 4.997416860968852 24.6
      vertex 11.145439793224451 4.997416860968852 14.8
      vertex 11.218586357596928 4.806863546002189 14.8
    endloop
  endfacet
  facet normal -0.9659258262890671 -0.25881904510252535 0
    outer loop
      vertex 11.092612178569079 5.194572202905369 24.6
      vertex 11.092612178569079 5.194572202905369 14.8
      vertex 11.145439793224451 4.997416860968852 14.8
    endloop
  endfacet
  facet normal -0.9876883405951388 -0.15643446504022393 0
    outer loop
      vertex 11.060682304031868 5.396169496628075 24.6
      vertex 11.060682304031868 5.396169496628075 14.8
      vertex 11.092612178569079 5.194572202905369 14.8
    endloop
  endfacet
  facet normal -0.9986295347545738 -0.05233595624294535 0
    outer loop
      vertex 11.05 5.6 24.6
      vertex 11.05 5.6 14.8
      vertex 11.060682304031868 5.396169496628075 14.8
    endloop
  endfacet
  facet normal 0.9335804264972027 -0.3583679495452977 0
    outer loop
      vertex 14.781413642403072 4.806863546002189 24.6
      vertex 14.781413642403072 4.806863546002189 14.8
      vertex 14.854560206775549 4.997416860968852 14.8
    endloop
  endfacet
  facet normal 0.9659258262890671 -0.25881904510252535 0
    outer loop
      vertex 14.854560206775549 4.997416860968852 24.6
      vertex 14.854560206775549 4.997416860968852 14.8
      vertex 14.907387821430921 5.194572202905369 14.8
    endloop
  endfacet
  facet normal 0.9876883405951388 -0.15643446504022393 0
    outer loop
      vertex 14.907387821430921 5.194572202905369 24.6
      vertex 14.907387821430921 5.194572202905369 14.8
      vertex 14.939317695968132 5.396169496628075 14.8
    endloop
  endfacet
  facet normal 0.9986295347545738 -0.05233595624294535 0
    outer loop
      vertex 14.939317695968132 5.396169496628075 24.6
      vertex 14.939317695968132 5.396169496628075 14.8
      vertex 14.95 5.6 14.8
    endloop
  endfacet
  facet normal -0.6293203910498386 -0.7771459614569699 0
    outer loop
      vertex 11.853818758029677 4.022416860968852 24.6
      vertex 11.695195317600227 4.150867590319081 24.6
      vertex 11.853818758029677 4.022416860968852 14.8
    endloop
  endfacet
  facet normal -0.7071067811865476 -0.7071067811865476 0
    outer loop
      vertex 11.550867590319081 4.295195317600227 24.6
      vertex 11.695195317600227 4.150867590319081 14.8
      vertex 11.695195317600227 4.150867590319081 24.6
    endloop
  endfacet
  facet normal -0.7771459614569696 -0.629320391049839 0
    outer loop
      vertex 11.422416860968852 4.453818758029677 24.6
      vertex 11.550867590319081 4.295195317600227 14.8
      vertex 11.550867590319081 4.295195317600227 24.6
    endloop
  endfacet
  facet normal -0.8386705679454263 -0.5446390350150236 0
    outer loop
      vertex 11.422416860968852 4.453818758029677 24.6
      vertex 11.311250462620345 4.625 24.6
      vertex 11.422416860968852 4.453818758029677 14.8
    endloop
  endfacet
  facet normal -0.8910065241883666 -0.45399049973954897 0
    outer loop
      vertex 11.218586357596928 4.806863546002189 24.6
      vertex 11.311250462620345 4.625 14.8
      vertex 11.311250462620345 4.625 24.6
    endloop
  endfacet
  facet normal 0.5446390350150246 -0.8386705679454256 0
    outer loop
      vertex 13.975 3.9112504626203446 24.6
      vertex 14.146181241970323 4.022416860968852 14.8
      vertex 14.146181241970323 4.022416860968852 24.6
    endloop
  endfacet
  facet normal 0.6293203910498386 -0.7771459614569699 0
    outer loop
      vertex 14.146181241970323 4.022416860968852 24.6
      vertex 14.304804682399773 4.150867590319081 14.8
      vertex 14.304804682399773 4.150867590319081 24.6
    endloop
  endfacet
  facet normal 0.7071067811865476 -0.7071067811865476 0
    outer loop
      vertex 14.304804682399773 4.150867590319081 24.6
      vertex 14.449132409680919 4.295195317600227 14.8
      vertex 14.449132409680919 4.295195317600227 24.6
    endloop
  endfacet
  facet normal 0.7771459614569696 -0.629320391049839 0
    outer loop
      vertex 14.449132409680919 4.295195317600227 24.6
      vertex 14.577583139031148 4.453818758029677 14.8
      vertex 14.577583139031148 4.453818758029677 24.6
    endloop
  endfacet
  facet normal 0.8386705679454263 -0.5446390350150236 0
    outer loop
      vertex 14.577583139031148 4.453818758029677 24.6
      vertex 14.688749537379655 4.625 14.8
      vertex 14.688749537379655 4.625 24.6
    endloop
  endfacet
  facet normal 0.8910065241883666 -0.45399049973954897 0
    outer loop
      vertex 14.688749537379655 4.625 24.6
      vertex 14.781413642403072 4.806863546002189 14.8
      vertex 14.781413642403072 4.806863546002189 24.6
    endloop
  endfacet
  facet normal -0.9335804264972027 -0.3583679495452977 0
    outer loop
      vertex 11.218586357596928 4.806863546002189 24.6
      vertex 11.145439793224451 4.997416860968852 24.6
      vertex 11.218586357596928 4.806863546002189 14.8
    endloop
  endfacet
  facet normal -0.9659258262890671 -0.25881904510252535 0
    outer loop
      vertex 11.145439793224451 4.997416860968852 24.6
      vertex 11.092612178569079 5.194572202905369 24.6
      vertex 11.145439793224451 4.997416860968852 14.8
    endloop
  endfacet
  facet normal -0.9876883405951388 -0.15643446504022393 0
    outer loop
      vertex 11.092612178569079 5.194572202905369 24.6
      vertex 11.060682304031868 5.396169496628075 24.6
      vertex 11.092612178569079 5.194572202905369 14.8
    endloop
  endfacet
  facet normal -0.9986295347545738 -0.05233595624294535 0
    outer loop
      vertex 11.060682304031868 5.396169496628075 24.6
      vertex 11.05 5.6 24.6
      vertex 11.060682304031868 5.396169496628075 14.8
    endloop
  endfacet
  facet normal 0.9335804264972027 -0.3583679495452977 0
    outer loop
      vertex 14.781413642403072 4.806863546002189 24.6
      vertex 14.854560206775549 4.997416860968852 14.8
      vertex 14.854560206775549 4.997416860968852 24.6
    endloop
  endfacet
  facet normal 0.9659258262890671 -0.25881904510252535 0
    outer loop
      vertex 14.854560206775549 4.997416860968852 24.6
      vertex 14.907387821430921 5.194572202905369 14.8
      vertex 14.907387821430921 5.194572202905369 24.6
    endloop
  endfacet
  facet normal 0.9876883405951388 -0.15643446504022393 0
    outer loop
      vertex 14.907387821430921 5.194572202905369 24.6
      vertex 14.939317695968132 5.396169496628075 14.8
      vertex 14.939317695968132 5.396169496628075 24.6
    endloop
  endfacet
  facet normal 0.9986295347545738 -0.05233595624294535 0
    outer loop
      vertex 14.939317695968132 5.396169496628075 24.6
      vertex 14.95 5.6 14.8
      vertex 14.95 5.6 24.6
    endloop
  endfacet
  facet normal 0 0 1
    outer loop
      vertex 12.20686354600219 3.818586357596928 24.6
      vertex 12.397416860968853 3.7454397932244503 24.6
      vertex 12.20686354600219 7.381413642403071 24.6
    endloop
  endfacet
  facet normal 0 0 1
    outer loop
      vertex 12.397416860968853 3.7454397932244503 24.6
      vertex 12.594572202905368 3.6926121785690786 24.6
      vertex 12.397416860968853 7.4545602067755485 24.6
    endloop
  endfacet
  facet normal 0 0 1
    outer loop
      vertex 12.594572202905368 3.6926121785690786 24.6
      vertex 12.796169496628076 3.660682304031867 24.6
      vertex 12.594572202905368 7.507387821430921 24.6
    endloop
  endfacet
  facet normal 0 0 1
    outer loop
      vertex 12.796169496628076 3.660682304031867 24.6
      vertex 13 3.6499999999999995 24.6
      vertex 12.796169496628076 7.5393176959681325 24.6
    endloop
  endfacet
  facet normal 0 0 1
    outer loop
      vertex 13 3.6499999999999995 24.6
      vertex 13.203830503371924 3.660682304031867 24.6
      vertex 13 7.55 24.6
    endloop
  endfacet
  facet normal 0 0 1
    outer loop
      vertex 11.853818758029677 4.022416860968852 24.6
      vertex 11.695195317600227 7.049132409680919 24.6
      vertex 11.695195317600227 4.150867590319081 24.6
    endloop
  endfacet
  facet normal 0 0 1
    outer loop
      vertex 12.20686354600219 3.818586357596928 24.6
      vertex 12.025 7.288749537379655 24.6
      vertex 12.025 3.9112504626203446 24.6
    endloop
  endfacet
  facet normal 0 0 1
    outer loop
      vertex 11.853818758029677 4.022416860968852 24.6
      vertex 12.025 3.9112504626203446 24.6
      vertex 11.853818758029677 7.177583139031147 24.6
    endloop
  endfacet
  facet normal 0 0 1
    outer loop
      vertex 11.550867590319081 4.295195317600227 24.6
      vertex 11.695195317600227 4.150867590319081 24.6
      vertex 11.550867590319081 6.904804682399773 24.6
    endloop
  endfacet
  facet normal 0 0 1
    outer loop
      vertex 11.422416860968852 4.453818758029677 24.6
      vertex 11.550867590319081 4.295195317600227 24.6
      vertex 11.422416860968852 6.746181241970322 24.6
    endloop
  endfacet
  facet normal 0 0 1
    outer loop
      vertex 11.422416860968852 4.453818758029677 24.6
      vertex 11.311250462620345 6.574999999999999 24.6
      vertex 11.311250462620345 4.625 24.6
    endloop
  endfacet
  facet normal 0 0 1
    outer loop
      vertex 11.218586357596928 4.806863546002189 24.6
      vertex 11.311250462620345 4.625 24.6
      vertex 11.218586357596928 6.39313645399781 24.6
    endloop
  endfacet
  facet normal 0 0 1
    outer loop
      vertex 11.218586357596928 4.806863546002189 24.6
      vertex 11.145439793224451 6.202583139031147 24.6
      vertex 11.145439793224451 4.997416860968852 24.6
    endloop
  endfacet
  facet normal 0 0 1
    outer loop
      vertex 11.145439793224451 4.997416860968852 24.6
      vertex 11.092612178569079 6.00542779709463 24.6
      vertex 11.092612178569079 5.194572202905369 24.6
    endloop
  endfacet
  facet normal 0 0 1
    outer loop
      vertex 11.092612178569079 5.194572202905369 24.6
      vertex 11.060682304031868 5.803830503371924 24.6
      vertex 11.060682304031868 5.396169496628075 24.6
    endloop
  endfacet
  facet normal 0 0 1
    outer loop
      vertex 11.060682304031868 5.396169496628075 24.6
      vertex 11.060682304031868 5.803830503371924 24.6
      vertex 11.05 5.6 24.6
    endloop
  endfacet
  facet normal 0 0 1
    outer loop
      vertex 13.203830503371924 3.660682304031867 24.6
      vertex 13.405427797094632 3.6926121785690786 24.6
      vertex 13.203830503371924 7.5393176959681325 24.6
    endloop
  endfacet
  facet normal 0 0 1
    outer loop
      vertex 13.405427797094632 3.6926121785690786 24.6
      vertex 13.602583139031147 3.7454397932244503 24.6
      vertex 13.405427797094632 7.507387821430921 24.6
    endloop
  endfacet
  facet normal 0 0 1
    outer loop
      vertex 13.602583139031147 3.7454397932244503 24.6
      vertex 13.79313645399781 3.818586357596928 24.6
      vertex 13.602583139031147 7.4545602067755485 24.6
    endloop
  endfacet
  facet normal 0 0 1
    outer loop
      vertex 13.79313645399781 3.818586357596928 24.6
      vertex 13.975 3.9112504626203446 24.6
      vertex 13.79313645399781 7.381413642403071 24.6
    endloop
  endfacet
  facet normal 0 0 1
    outer loop
      vertex 13.975 3.9112504626203446 24.6
      vertex 14.146181241970323 4.022416860968852 24.6
      vertex 13.975 7.288749537379655 24.6
    endloop
  endfacet
  facet normal 0 0 1
    outer loop
      vertex 14.146181241970323 4.022416860968852 24.6
      vertex 14.304804682399773 4.150867590319081 24.6
      vertex 14.146181241970323 7.177583139031147 24.6
    endloop
  endfacet
  facet normal 0 0 1
    outer loop
      vertex 14.304804682399773 4.150867590319081 24.6
      vertex 14.449132409680919 4.295195317600227 24.6
      vertex 14.304804682399773 7.049132409680919 24.6
    endloop
  endfacet
  facet normal 0 0 1
    outer loop
      vertex 14.449132409680919 4.295195317600227 24.6
      vertex 14.577583139031148 4.453818758029677 24.6
      vertex 14.449132409680919 6.904804682399773 24.6
    endloop
  endfacet
  facet normal 0 0 1
    outer loop
      vertex 14.577583139031148 4.453818758029677 24.6
      vertex 14.688749537379655 4.625 24.6
      vertex 14.577583139031148 6.746181241970322 24.6
    endloop
  endfacet
  facet normal 0 0 1
    outer loop
      vertex 14.688749537379655 4.625 24.6
      vertex 14.781413642403072 4.806863546002189 24.6
      vertex 14.688749537379655 6.574999999999999 24.6
    endloop
  endfacet
  facet normal 0 0 1
    outer loop
      vertex 14.781413642403072 4.806863546002189 24.6
      vertex 14.854560206775549 4.997416860968852 24.6
      vertex 14.781413642403072 6.39313645399781 24.6
    endloop
  endfacet
  facet normal 0 0 1
    outer loop
      vertex 14.854560206775549 4.997416860968852 24.6
      vertex 14.907387821430921 5.194572202905369 24.6
      vertex 14.854560206775549 6.202583139031147 24.6
    endloop
  endfacet
  facet normal 0 0 1
    outer loop
      vertex 14.907387821430921 5.194572202905369 24.6
      vertex 14.939317695968132 5.396169496628075 24.6
      vertex 14.907387821430921 6.00542779709463 24.6
    endloop
  endfacet
  facet normal 0 0 1
    outer loop
      vertex 14.939317695968132 5.396169496628075 24.6
      vertex 14.95 5.6 24.6
      vertex 14.939317695968132 5.803830503371924 24.6
    endloop
  endfacet
  facet normal 0 0 -1
    outer loop
      vertex 9.767803840053112 5.260282494380126 9.6
      vertex 9.767803840053112 5.939717505619873 9.6
      vertex 9.821020297615132 6.2757129951577175 9.6
    endloop
  endfacet
  facet normal 0 0 -1
    outer loop
      vertex 9.821020297615132 4.924287004842282 9.6
      vertex 9.821020297615132 6.2757129951577175 9.6
      vertex 9.90906632204075 6.604305231718579 9.6
    endloop
  endfacet
  facet normal -0.9986295347545737 0.05233595624294548 0
    outer loop
      vertex 9.75 5.6 9.6
      vertex 9.767803840053112 5.939717505619873 14.8
      vertex 9.767803840053112 5.939717505619873 9.6
    endloop
  endfacet
  facet normal 0 0 -1
    outer loop
      vertex 9.90906632204075 4.595694768281421 9.6
      vertex 9.90906632204075 6.604305231718579 9.6
      vertex 10.030977262661548 6.92189408999635 9.6
    endloop
  endfacet
  facet normal 0 0 -1
    outer loop
      vertex 10.030977262661548 4.278105910003649 9.6
      vertex 10.030977262661548 6.92189408999635 9.6
      vertex 10.185417437700576 7.225 9.6
    endloop
  endfacet
  facet normal 0 0 -1
    outer loop
      vertex 10.185417437700576 3.9749999999999996 9.6
      vertex 10.185417437700576 7.225 9.6
      vertex 10.370694768281421 7.510302069950537 9.6
    endloop
  endfacet
  facet normal 0 0 -1
    outer loop
      vertex 10.370694768281421 3.689697930049462 9.6
      vertex 10.370694768281421 7.510302069950537 9.6
      vertex 10.584779317198468 7.774674470666289 9.6
    endloop
  endfacet
  facet normal 0 0 -1
    outer loop
      vertex 10.584779317198468 3.42532552933371 9.6
      vertex 10.584779317198468 7.774674470666289 9.6
      vertex 10.82532552933371 8.01522068280153 9.6
    endloop
  endfacet
  facet normal -0.9876883405951381 0.15643446504022862 0
    outer loop
      vertex 9.767803840053112 5.939717505619873 9.6
      vertex 9.821020297615132 6.2757129951577175 14.8
      vertex 9.821020297615132 6.2757129951577175 9.6
    endloop
  endfacet
  facet normal 0 0 -1
    outer loop
      vertex 16.17897970238487 4.924287004842282 9.6
      vertex 16.17897970238487 6.2757129951577175 9.6
      vertex 16.232196159946888 5.939717505619873 9.6
    endloop
  endfacet
  facet normal 0 0 -1
    outer loop
      vertex 16.09093367795925 4.595694768281421 9.6
      vertex 16.09093367795925 6.604305231718579 9.6
      vertex 16.17897970238487 6.2757129951577175 9.6
    endloop
  endfacet
  facet normal 0 0 -1
    outer loop
      vertex 15.969022737338452 4.278105910003649 9.6
      vertex 15.969022737338452 6.92189408999635 9.6
      vertex 16.09093367795925 6.604305231718579 9.6
    endloop
  endfacet
  facet normal 0.9986295347545737 0.05233595624294548 0
    outer loop
      vertex 16.25 5.6 9.6
      vertex 16.232196159946888 5.939717505619873 9.6
      vertex 16.25 5.6 14.8
    endloop
  endfacet
  facet normal 0 0 -1
    outer loop
      vertex 15.629305231718579 3.689697930049462 9.6
      vertex 15.629305231718579 7.510302069950537 9.6
      vertex 15.814582562299424 7.225 9.6
    endloop
  endfacet
  facet normal 0 0 -1
    outer loop
      vertex 15.814582562299424 3.9749999999999996 9.6
      vertex 15.814582562299424 7.225 9.6
      vertex 15.969022737338452 6.92189408999635 9.6
    endloop
  endfacet
  facet normal 0 0 -1
    outer loop
      vertex 15.415220682801532 3.42532552933371 9.6
      vertex 15.415220682801532 7.774674470666289 9.6
      vertex 15.629305231718579 7.510302069950537 9.6
    endloop
  endfacet
  facet normal 0 0 -1
    outer loop
      vertex 15.17467447066629 3.184779317198468 9.6
      vertex 15.17467447066629 8.01522068280153 9.6
      vertex 15.415220682801532 7.774674470666289 9.6
    endloop
  endfacet
  facet normal 0 0 -1
    outer loop
      vertex 14.910302069950538 2.9706947682814207 9.6
      vertex 14.910302069950538 8.229305231718579 9.6
      vertex 15.17467447066629 8.01522068280153 9.6
    endloop
  endfacet
  facet normal 0.9876883405951381 0.15643446504022862 0
    outer loop
      vertex 16.232196159946888 5.939717505619873 9.6
      vertex 16.17897970238487 6.2757129951577175 9.6
      vertex 16.232196159946888 5.939717505619873 14.8
    endloop
  endfacet
  facet normal 0.9659258262890683 0.2588190451025207 0
    outer loop
      vertex 16.17897970238487 6.2757129951577175 9.6
      vertex 16.09093367795925 6.604305231718579 9.6
      vertex 16.17897970238487 6.2757129951577175 14.8
    endloop
  endfacet
  facet normal -0.9986295347545737 0.05233595624294548 0
    outer loop
      vertex 9.75 5.6 9.6
      vertex 9.75 5.6 14.8
      vertex 9.767803840053112 5.939717505619873 14.8
    endloop
  endfacet
  facet normal -0.9876883405951381 0.15643446504022862 0
    outer loop
      vertex 9.767803840053112 5.939717505619873 9.6
      vertex 9.767803840053112 5.939717505619873 14.8
      vertex 9.821020297615132 6.2757129951577175 14.8
    endloop
  endfacet
  facet normal -0.9659258262890683 0.2588190451025207 0
    outer loop
      vertex 9.821020297615132 6.2757129951577175 9.6
      vertex 9.821020297615132 6.2757129951577175 14.8
      vertex 9.90906632204075 6.604305231718579 14.8
    endloop
  endfacet
  facet normal 0.9986295347545737 0.05233595624294548 0
    outer loop
      vertex 16.232196159946888 5.939717505619873 9.6
      vertex 16.232196159946888 5.939717505619873 14.8
      vertex 16.25 5.6 14.8
    endloop
  endfacet
  facet normal 0.9876883405951381 0.15643446504022862 0
    outer loop
      vertex 16.17897970238487 6.2757129951577175 9.6
      vertex 16.17897970238487 6.2757129951577175 14.8
      vertex 16.232196159946888 5.939717505619873 14.8
    endloop
  endfacet
  facet normal 0 0 -1
    outer loop
      vertex 10.82532552933371 3.184779317198468 9.6
      vertex 10.82532552933371 8.01522068280153 9.6
      vertex 11.089697930049462 8.229305231718579 9.6
    endloop
  endfacet
  facet normal 0 0 -1
    outer loop
      vertex 11.089697930049462 2.9706947682814207 9.6
      vertex 11.089697930049462 8.229305231718579 9.6
      vertex 11.375 8.414582562299426 9.6
    endloop
  endfacet
  facet normal 0 0 -1
    outer loop
      vertex 11.375 2.7854174377005743 9.6
      vertex 11.375 8.414582562299426 9.6
      vertex 11.67810591000365 8.569022737338452 9.6
    endloop
  endfacet
  facet normal 0 0 -1
    outer loop
      vertex 11.67810591000365 2.630977262661547 9.6
      vertex 11.67810591000365 8.569022737338452 9.6
      vertex 11.995694768281421 8.690933677959249 9.6
    endloop
  endfacet
  facet normal 0 0 -1
    outer loop
      vertex 11.995694768281421 2.5090663220407508 9.6
      vertex 11.995694768281421 8.690933677959249 9.6
      vertex 12.324287004842283 8.778979702384868 9.6
    endloop
  endfacet
  facet normal 0 0 -1
    outer loop
      vertex 12.324287004842283 2.421020297615131 9.6
      vertex 12.324287004842283 8.778979702384868 9.6
      vertex 12.660282494380127 8.832196159946887 9.6
    endloop
  endfacet
  facet normal 0 0 -1
    outer loop
      vertex 12.660282494380127 2.3678038400531114 9.6
      vertex 12.660282494380127 8.832196159946887 9.6
      vertex 13 8.85 9.6
    endloop
  endfacet
  facet normal 0 0 -1
    outer loop
      vertex 13 2.3499999999999996 9.6
      vertex 13 8.85 9.6
      vertex 13.339717505619873 8.832196159946887 9.6
    endloop
  endfacet
  facet normal -0.9659258262890683 0.2588190451025207 0
    outer loop
      vertex 9.821020297615132 6.2757129951577175 9.6
      vertex 9.90906632204075 6.604305231718579 14.8
      vertex 9.90906632204075 6.604305231718579 9.6
    endloop
  endfacet
  facet normal -0.9335804264972009 0.35836794954530254 0
    outer loop
      vertex 9.90906632204075 6.604305231718579 9.6
      vertex 10.030977262661548 6.92189408999635 14.8
      vertex 10.030977262661548 6.92189408999635 9.6
    endloop
  endfacet
  facet normal -0.8910065241883675 0.4539904997395476 0
    outer loop
      vertex 10.030977262661548 6.92189408999635 9.6
      vertex 10.185417437700576 7.225 14.8
      vertex 10.185417437700576 7.225 9.6
    endloop
  endfacet
  facet normal 0 0 -1
    outer loop
      vertex 14.625 2.7854174377005743 9.6
      vertex 14.625 8.414582562299426 9.6
      vertex 14.910302069950538 8.229305231718579 9.6
    endloop
  endfacet
  facet normal 0 0 -1
    outer loop
      vertex 14.32189408999635 2.630977262661547 9.6
      vertex 14.32189408999635 8.569022737338452 9.6
      vertex 14.625 8.414582562299426 9.6
    endloop
  endfacet
  facet normal 0 0 -1
    outer loop
      vertex 14.004305231718579 2.5090663220407508 9.6
      vertex 14.004305231718579 8.690933677959249 9.6
      vertex 14.32189408999635 8.569022737338452 9.6
    endloop
  endfacet
  facet normal 0 0 -1
    outer loop
      vertex 13.339717505619873 2.3678038400531114 9.6
      vertex 13.339717505619873 8.832196159946887 9.6
      vertex 13.675712995157717 8.778979702384868 9.6
    endloop
  endfacet
  facet normal 0 0 -1
    outer loop
      vertex 13.675712995157717 2.421020297615131 9.6
      vertex 13.675712995157717 8.778979702384868 9.6
      vertex 14.004305231718579 8.690933677959249 9.6
    endloop
  endfacet
  facet normal 0.9335804264972009 0.35836794954530254 0
    outer loop
      vertex 16.09093367795925 6.604305231718579 9.6
      vertex 15.969022737338452 6.92189408999635 9.6
      vertex 16.09093367795925 6.604305231718579 14.8
    endloop
  endfacet
  facet normal 0.8910065241883675 0.4539904997395476 0
    outer loop
      vertex 15.969022737338452 6.92189408999635 9.6
      vertex 15.814582562299424 7.225 9.6
      vertex 15.969022737338452 6.92189408999635 14.8
    endloop
  endfacet
  facet normal -0.9335804264972009 0.35836794954530254 0
    outer loop
      vertex 9.90906632204075 6.604305231718579 9.6
      vertex 9.90906632204075 6.604305231718579 14.8
      vertex 10.030977262661548 6.92189408999635 14.8
    endloop
  endfacet
  facet normal -0.8910065241883675 0.4539904997395476 0
    outer loop
      vertex 10.030977262661548 6.92189408999635 9.6
      vertex 10.030977262661548 6.92189408999635 14.8
      vertex 10.185417437700576 7.225 14.8
    endloop
  endfacet
  facet normal 0.9659258262890683 0.2588190451025207 0
    outer loop
      vertex 16.09093367795925 6.604305231718579 9.6
      vertex 16.09093367795925 6.604305231718579 14.8
      vertex 16.17897970238487 6.2757129951577175 14.8
    endloop
  endfacet
  facet normal 0.9335804264972009 0.35836794954530254 0
    outer loop
      vertex 15.969022737338452 6.92189408999635 9.6
      vertex 15.969022737338452 6.92189408999635 14.8
      vertex 16.09093367795925 6.604305231718579 14.8
    endloop
  endfacet
  facet normal 0.8910065241883675 0.4539904997395476 0
    outer loop
      vertex 15.814582562299424 7.225 9.6
      vertex 15.814582562299424 7.225 14.8
      vertex 15.969022737338452 6.92189408999635 14.8
    endloop
  endfacet
  facet normal 0 0 1
    outer loop
      vertex 9.821020297615132 4.924287004842282 14.8
      vertex 9.821020297615132 6.2757129951577175 14.8
      vertex 9.767803840053112 5.939717505619873 14.8
    endloop
  endfacet
  facet normal 0 0 1
    outer loop
      vertex 9.90906632204075 4.595694768281421 14.8
      vertex 9.90906632204075 6.604305231718579 14.8
      vertex 9.821020297615132 6.2757129951577175 14.8
    endloop
  endfacet
  facet normal 0 0 1
    outer loop
      vertex 10.030977262661548 4.278105910003649 14.8
      vertex 10.030977262661548 6.92189408999635 14.8
      vertex 9.90906632204075 6.604305231718579 14.8
    endloop
  endfacet
  facet normal 0 0 1
    outer loop
      vertex 10.185417437700576 3.9749999999999996 14.8
      vertex 10.185417437700576 7.225 14.8
      vertex 10.030977262661548 6.92189408999635 14.8
    endloop
  endfacet
  facet normal 0 0 1
    outer loop
      vertex 10.370694768281421 3.689697930049462 14.8
      vertex 10.370694768281421 7.510302069950537 14.8
      vertex 10.185417437700576 7.225 14.8
    endloop
  endfacet
  facet normal 0 0 1
    outer loop
      vertex 10.584779317198468 3.42532552933371 14.8
      vertex 10.584779317198468 7.774674470666289 14.8
      vertex 10.370694768281421 7.510302069950537 14.8
    endloop
  endfacet
  facet normal 0 0 1
    outer loop
      vertex 10.82532552933371 3.184779317198468 14.8
      vertex 10.82532552933371 8.01522068280153 14.8
      vertex 10.584779317198468 7.774674470666289 14.8
    endloop
  endfacet
  facet normal 0 0 1
    outer loop
      vertex 10.82532552933371 8.01522068280153 14.8
      vertex 11.060682304031868 5.396169496628075 14.8
      vertex 11.05 5.6 14.8
    endloop
  endfacet
  facet normal 0 0 1
    outer loop
      vertex 15.17467447066629 3.184779317198468 14.8
      vertex 14.910302069950538 8.229305231718579 14.8
      vertex 14.939317695968132 5.803830503371924 14.8
    endloop
  endfacet
  facet normal 0 0 1
    outer loop
      vertex 16.232196159946888 5.260282494380126 14.8
      vertex 16.232196159946888 5.939717505619873 14.8
      vertex 16.17897970238487 6.2757129951577175 14.8
    endloop
  endfacet
  facet normal 0 0 1
    outer loop
      vertex 16.17897970238487 4.924287004842282 14.8
      vertex 16.17897970238487 6.2757129951577175 14.8
      vertex 16.09093367795925 6.604305231718579 14.8
    endloop
  endfacet
  facet normal 0 0 1
    outer loop
      vertex 16.09093367795925 4.595694768281421 14.8
      vertex 16.09093367795925 6.604305231718579 14.8
      vertex 15.969022737338452 6.92189408999635 14.8
    endloop
  endfacet
  facet normal 0 0 1
    outer loop
      vertex 15.969022737338452 4.278105910003649 14.8
      vertex 15.969022737338452 6.92189408999635 14.8
      vertex 15.814582562299424 7.225 14.8
    endloop
  endfacet
  facet normal 0 0 1
    outer loop
      vertex 15.629305231718579 3.689697930049462 14.8
      vertex 15.629305231718579 7.510302069950537 14.8
      vertex 15.415220682801532 7.774674470666289 14.8
    endloop
  endfacet
  facet normal 0 0 1
    outer loop
      vertex 15.415220682801532 3.42532552933371 14.8
      vertex 15.415220682801532 7.774674470666289 14.8
      vertex 15.17467447066629 8.01522068280153 14.8
    endloop
  endfacet
  facet normal 0 0 1
    outer loop
      vertex 15.814582562299424 3.9749999999999996 14.8
      vertex 15.814582562299424 7.225 14.8
      vertex 15.629305231718579 7.510302069950537 14.8
    endloop
  endfacet
  facet normal 0 0 1
    outer loop
      vertex 10.82532552933371 8.01522068280153 14.8
      vertex 11.05 5.6 14.8
      vertex 11.060682304031868 5.803830503371924 14.8
    endloop
  endfacet
  facet normal 0 0 1
    outer loop
      vertex 11.089697930049462 8.229305231718579 14.8
      vertex 11.060682304031868 5.803830503371924 14.8
      vertex 11.092612178569079 6.00542779709463 14.8
    endloop
  endfacet
  facet normal 0 0 1
    outer loop
      vertex 11.089697930049462 8.229305231718579 14.8
      vertex 11.092612178569079 6.00542779709463 14.8
      vertex 11.145439793224451 6.202583139031147 14.8
    endloop
  endfacet
  facet normal 0 0 1
    outer loop
      vertex 11.089697930049462 8.229305231718579 14.8
      vertex 11.145439793224451 6.202583139031147 14.8
      vertex 11.218586357596928 6.39313645399781 14.8
    endloop
  endfacet
  facet normal 0 0 1
    outer loop
      vertex 11.089697930049462 8.229305231718579 14.8
      vertex 11.218586357596928 6.39313645399781 14.8
      vertex 11.311250462620345 6.574999999999999 14.8
    endloop
  endfacet
  facet normal 0 0 1
    outer loop
      vertex 14.910302069950538 8.229305231718579 14.8
      vertex 14.854560206775549 6.202583139031147 14.8
      vertex 14.907387821430921 6.00542779709463 14.8
    endloop
  endfacet
  facet normal 0 0 1
    outer loop
      vertex 15.17467447066629 3.184779317198468 14.8
      vertex 15.17467447066629 8.01522068280153 14.8
      vertex 14.910302069950538 8.229305231718579 14.8
    endloop
  endfacet
  facet normal 0 0 1
    outer loop
      vertex 14.910302069950538 8.229305231718579 14.8
      vertex 14.907387821430921 6.00542779709463 14.8
      vertex 14.939317695968132 5.803830503371924 14.8
    endloop
  endfacet
  facet normal 0 0 1
    outer loop
      vertex 14.910302069950538 8.229305231718579 14.8
      vertex 14.781413642403072 6.39313645399781 14.8
      vertex 14.854560206775549 6.202583139031147 14.8
    endloop
  endfacet
  facet normal 0 0 1
    outer loop
      vertex 14.910302069950538 8.229305231718579 14.8
      vertex 14.688749537379655 6.574999999999999 14.8
      vertex 14.781413642403072 6.39313645399781 14.8
    endloop
  endfacet
  facet normal -0.8386705679454253 0.5446390350150252 0
    outer loop
      vertex 10.185417437700576 7.225 9.6
      vertex 10.370694768281421 7.510302069950537 14.8
      vertex 10.370694768281421 7.510302069950537 9.6
    endloop
  endfacet
  facet normal -0.7771459614569731 0.6293203910498346 0
    outer loop
      vertex 10.370694768281421 7.510302069950537 9.6
      vertex 10.584779317198468 7.774674470666289 14.8
      vertex 10.584779317198468 7.774674470666289 9.6
    endloop
  endfacet
  facet normal -0.7071067811865449 0.7071067811865502 0
    outer loop
      vertex 10.584779317198468 7.774674470666289 9.6
      vertex 10.82532552933371 8.01522068280153 14.8
      vertex 10.82532552933371 8.01522068280153 9.6
    endloop
  endfacet
  facet normal 0.8386705679454253 0.5446390350150252 0
    outer loop
      vertex 15.629305231718579 7.510302069950537 9.6
      vertex 15.814582562299424 7.225 14.8
      vertex 15.814582562299424 7.225 9.6
    endloop
  endfacet
  facet normal 0.7771459614569731 0.6293203910498346 0
    outer loop
      vertex 15.415220682801532 7.774674470666289 9.6
      vertex 15.629305231718579 7.510302069950537 14.8
      vertex 15.629305231718579 7.510302069950537 9.6
    endloop
  endfacet
  facet normal 0.7071067811865449 0.7071067811865502 0
    outer loop
      vertex 15.17467447066629 8.01522068280153 9.6
      vertex 15.415220682801532 7.774674470666289 14.8
      vertex 15.415220682801532 7.774674470666289 9.6
    endloop
  endfacet
  facet normal -0.8386705679454253 0.5446390350150252 0
    outer loop
      vertex 10.185417437700576 7.225 9.6
      vertex 10.185417437700576 7.225 14.8
      vertex 10.370694768281421 7.510302069950537 14.8
    endloop
  endfacet
  facet normal -0.7771459614569731 0.6293203910498346 0
    outer loop
      vertex 10.370694768281421 7.510302069950537 9.6
      vertex 10.370694768281421 7.510302069950537 14.8
      vertex 10.584779317198468 7.774674470666289 14.8
    endloop
  endfacet
  facet normal -0.7071067811865449 0.7071067811865502 0
    outer loop
      vertex 10.584779317198468 7.774674470666289 9.6
      vertex 10.584779317198468 7.774674470666289 14.8
      vertex 10.82532552933371 8.01522068280153 14.8
    endloop
  endfacet
  facet normal 0.8386705679454253 0.5446390350150252 0
    outer loop
      vertex 15.629305231718579 7.510302069950537 9.6
      vertex 15.629305231718579 7.510302069950537 14.8
      vertex 15.814582562299424 7.225 14.8
    endloop
  endfacet
  facet normal 0.7771459614569731 0.6293203910498346 0
    outer loop
      vertex 15.415220682801532 7.774674470666289 9.6
      vertex 15.415220682801532 7.774674470666289 14.8
      vertex 15.629305231718579 7.510302069950537 14.8
    endloop
  endfacet
  facet normal 0.7071067811865449 0.7071067811865502 0
    outer loop
      vertex 15.17467447066629 8.01522068280153 9.6
      vertex 15.17467447066629 8.01522068280153 14.8
      vertex 15.415220682801532 7.774674470666289 14.8
    endloop
  endfacet
  facet normal -0.6293203910498378 0.7771459614569706 0
    outer loop
      vertex 10.82532552933371 8.01522068280153 9.6
      vertex 10.82532552933371 8.01522068280153 14.8
      vertex 11.089697930049462 8.229305231718579 9.6
    endloop
  endfacet
  facet normal -0.5446390350150289 0.8386705679454228 0
    outer loop
      vertex 11.089697930049462 8.229305231718579 9.6
      vertex 11.089697930049462 8.229305231718579 14.8
      vertex 11.375 8.414582562299426 9.6
    endloop
  endfacet
  facet normal -0.4539904997395434 0.8910065241883697 0
    outer loop
      vertex 11.375 8.414582562299426 9.6
      vertex 11.375 8.414582562299426 14.8
      vertex 11.67810591000365 8.569022737338452 9.6
    endloop
  endfacet
  facet normal -0.35836794954530254 0.9335804264972009 0
    outer loop
      vertex 11.67810591000365 8.569022737338452 9.6
      vertex 11.67810591000365 8.569022737338452 14.8
      vertex 11.995694768281421 8.690933677959249 9.6
    endloop
  endfacet
  facet normal -0.2588190451025201 0.9659258262890685 0
    outer loop
      vertex 11.995694768281421 8.690933677959249 9.6
      vertex 11.995694768281421 8.690933677959249 14.8
      vertex 12.324287004842283 8.778979702384868 9.6
    endloop
  endfacet
  facet normal -0.156434465040229 0.987688340595138 0
    outer loop
      vertex 12.324287004842283 8.778979702384868 9.6
      vertex 12.324287004842283 8.778979702384868 14.8
      vertex 12.660282494380127 8.832196159946887 9.6
    endloop
  endfacet
  facet normal -0.05233595624294548 0.9986295347545737 0
    outer loop
      vertex 12.660282494380127 8.832196159946887 9.6
      vertex 12.660282494380127 8.832196159946887 14.8
      vertex 13 8.85 9.6
    endloop
  endfacet
  facet normal 0.05233595624294548 0.9986295347545737 0
    outer loop
      vertex 13 8.85 9.6
      vertex 13 8.85 14.8
      vertex 13.339717505619873 8.832196159946887 9.6
    endloop
  endfacet
  facet normal 0.5446390350150289 0.8386705679454228 0
    outer loop
      vertex 14.625 8.414582562299426 9.6
      vertex 14.625 8.414582562299426 14.8
      vertex 14.910302069950538 8.229305231718579 9.6
    endloop
  endfacet
  facet normal 0.6293203910498378 0.7771459614569706 0
    outer loop
      vertex 15.17467447066629 8.01522068280153 9.6
      vertex 14.910302069950538 8.229305231718579 9.6
      vertex 14.910302069950538 8.229305231718579 14.8
    endloop
  endfacet
  facet normal 0.4539904997395434 0.8910065241883697 0
    outer loop
      vertex 14.32189408999635 8.569022737338452 9.6
      vertex 14.32189408999635 8.569022737338452 14.8
      vertex 14.625 8.414582562299426 9.6
    endloop
  endfacet
  facet normal 0.156434465040229 0.987688340595138 0
    outer loop
      vertex 13.339717505619873 8.832196159946887 9.6
      vertex 13.339717505619873 8.832196159946887 14.8
      vertex 13.675712995157717 8.778979702384868 9.6
    endloop
  endfacet
  facet normal 0.2588190451025201 0.9659258262890685 0
    outer loop
      vertex 13.675712995157717 8.778979702384868 9.6
      vertex 13.675712995157717 8.778979702384868 14.8
      vertex 14.004305231718579 8.690933677959249 9.6
    endloop
  endfacet
  facet normal 0.35836794954530254 0.9335804264972009 0
    outer loop
      vertex 14.004305231718579 8.690933677959249 9.6
      vertex 14.004305231718579 8.690933677959249 14.8
      vertex 14.32189408999635 8.569022737338452 9.6
    endloop
  endfacet
  facet normal -0.6293203910498378 0.7771459614569706 0
    outer loop
      vertex 11.089697930049462 8.229305231718579 9.6
      vertex 10.82532552933371 8.01522068280153 14.8
      vertex 11.089697930049462 8.229305231718579 14.8
    endloop
  endfacet
  facet normal -0.5446390350150289 0.8386705679454228 0
    outer loop
      vertex 11.375 8.414582562299426 9.6
      vertex 11.089697930049462 8.229305231718579 14.8
      vertex 11.375 8.414582562299426 14.8
    endloop
  endfacet
  facet normal -0.4539904997395434 0.8910065241883697 0
    outer loop
      vertex 11.67810591000365 8.569022737338452 9.6
      vertex 11.375 8.414582562299426 14.8
      vertex 11.67810591000365 8.569022737338452 14.8
    endloop
  endfacet
  facet normal -0.35836794954530254 0.9335804264972009 0
    outer loop
      vertex 11.995694768281421 8.690933677959249 9.6
      vertex 11.67810591000365 8.569022737338452 14.8
      vertex 11.995694768281421 8.690933677959249 14.8
    endloop
  endfacet
  facet normal -0.2588190451025201 0.9659258262890685 0
    outer loop
      vertex 12.324287004842283 8.778979702384868 9.6
      vertex 11.995694768281421 8.690933677959249 14.8
      vertex 12.324287004842283 8.778979702384868 14.8
    endloop
  endfacet
  facet normal -0.156434465040229 0.987688340595138 0
    outer loop
      vertex 12.660282494380127 8.832196159946887 9.6
      vertex 12.324287004842283 8.778979702384868 14.8
      vertex 12.660282494380127 8.832196159946887 14.8
    endloop
  endfacet
  facet normal -0.05233595624294548 0.9986295347545737 0
    outer loop
      vertex 12.660282494380127 8.832196159946887 14.8
      vertex 13 8.85 14.8
      vertex 13 8.85 9.6
    endloop
  endfacet
  facet normal 0.5446390350150289 0.8386705679454228 0
    outer loop
      vertex 14.910302069950538 8.229305231718579 9.6
      vertex 14.625 8.414582562299426 14.8
      vertex 14.910302069950538 8.229305231718579 14.8
    endloop
  endfacet
  facet normal 0.6293203910498378 0.7771459614569706 0
    outer loop
      vertex 15.17467447066629 8.01522068280153 9.6
      vertex 14.910302069950538 8.229305231718579 14.8
      vertex 15.17467447066629 8.01522068280153 14.8
    endloop
  endfacet
  facet normal 0.4539904997395434 0.8910065241883697 0
    outer loop
      vertex 14.625 8.414582562299426 9.6
      vertex 14.32189408999635 8.569022737338452 14.8
      vertex 14.625 8.414582562299426 14.8
    endloop
  endfacet
  facet normal 0.35836794954530254 0.9335804264972009 0
    outer loop
      vertex 14.32189408999635 8.569022737338452 9.6
      vertex 14.004305231718579 8.690933677959249 14.8
      vertex 14.32189408999635 8.569022737338452 14.8
    endloop
  endfacet
  facet normal 0.2588190451025201 0.9659258262890685 0
    outer loop
      vertex 14.004305231718579 8.690933677959249 9.6
      vertex 13.675712995157717 8.778979702384868 14.8
      vertex 14.004305231718579 8.690933677959249 14.8
    endloop
  endfacet
  facet normal 0.156434465040229 0.987688340595138 0
    outer loop
      vertex 13.675712995157717 8.778979702384868 9.6
      vertex 13.339717505619873 8.832196159946887 14.8
      vertex 13.675712995157717 8.778979702384868 14.8
    endloop
  endfacet
  facet normal 0.05233595624294548 0.9986295347545737 0
    outer loop
      vertex 13.339717505619873 8.832196159946887 9.6
      vertex 13 8.85 14.8
      vertex 13.339717505619873 8.832196159946887 14.8
    endloop
  endfacet
  facet normal 0 0 1
    outer loop
      vertex 11.375 8.414582562299426 14.8
      vertex 11.311250462620345 6.574999999999999 14.8
      vertex 11.422416860968852 6.746181241970322 14.8
    endloop
  endfacet
  facet normal 0 0 1
    outer loop
      vertex 10.82532552933371 8.01522068280153 14.8
      vertex 11.060682304031868 5.803830503371924 14.8
      vertex 11.089697930049462 8.229305231718579 14.8
    endloop
  endfacet
  facet normal 0 0 1
    outer loop
      vertex 11.375 8.414582562299426 14.8
      vertex 11.422416860968852 6.746181241970322 14.8
      vertex 11.550867590319081 6.904804682399773 14.8
    endloop
  endfacet
  facet normal 0 0 1
    outer loop
      vertex 11.67810591000365 8.569022737338452 14.8
      vertex 11.550867590319081 6.904804682399773 14.8
      vertex 11.695195317600227 7.049132409680919 14.8
    endloop
  endfacet
  facet normal 0 0 1
    outer loop
      vertex 11.67810591000365 8.569022737338452 14.8
      vertex 11.695195317600227 7.049132409680919 14.8
      vertex 11.853818758029677 7.177583139031147 14.8
    endloop
  endfacet
  facet normal 0 0 1
    outer loop
      vertex 11.089697930049462 8.229305231718579 14.8
      vertex 11.311250462620345 6.574999999999999 14.8
      vertex 11.375 8.414582562299426 14.8
    endloop
  endfacet
  facet normal 0 0 1
    outer loop
      vertex 11.995694768281421 8.690933677959249 14.8
      vertex 11.853818758029677 7.177583139031147 14.8
      vertex 12.025 7.288749537379655 14.8
    endloop
  endfacet
  facet normal 0 0 1
    outer loop
      vertex 11.995694768281421 8.690933677959249 14.8
      vertex 12.025 7.288749537379655 14.8
      vertex 12.20686354600219 7.381413642403071 14.8
    endloop
  endfacet
  facet normal 0 0 1
    outer loop
      vertex 12.324287004842283 8.778979702384868 14.8
      vertex 12.20686354600219 7.381413642403071 14.8
      vertex 12.397416860968853 7.4545602067755485 14.8
    endloop
  endfacet
  facet normal 0 0 1
    outer loop
      vertex 11.375 8.414582562299426 14.8
      vertex 11.550867590319081 6.904804682399773 14.8
      vertex 11.67810591000365 8.569022737338452 14.8
    endloop
  endfacet
  facet normal 0 0 1
    outer loop
      vertex 12.324287004842283 8.778979702384868 14.8
      vertex 12.397416860968853 7.4545602067755485 14.8
      vertex 12.594572202905368 7.507387821430921 14.8
    endloop
  endfacet
  facet normal 0 0 1
    outer loop
      vertex 12.660282494380127 8.832196159946887 14.8
      vertex 12.594572202905368 7.507387821430921 14.8
      vertex 12.796169496628076 7.5393176959681325 14.8
    endloop
  endfacet
  facet normal 0 0 1
    outer loop
      vertex 12.660282494380127 8.832196159946887 14.8
      vertex 12.796169496628076 7.5393176959681325 14.8
      vertex 13 7.55 14.8
    endloop
  endfacet
  facet normal 0 0 1
    outer loop
      vertex 14.625 8.414582562299426 14.8
      vertex 14.577583139031148 6.746181241970322 14.8
      vertex 14.688749537379655 6.574999999999999 14.8
    endloop
  endfacet
  facet normal 0 0 1
    outer loop
      vertex 14.625 8.414582562299426 14.8
      vertex 14.449132409680919 6.904804682399773 14.8
      vertex 14.577583139031148 6.746181241970322 14.8
    endloop
  endfacet
  facet normal 0 0 1
    outer loop
      vertex 14.625 8.414582562299426 14.8
      vertex 14.304804682399773 7.049132409680919 14.8
      vertex 14.449132409680919 6.904804682399773 14.8
    endloop
  endfacet
  facet normal 0 0 1
    outer loop
      vertex 14.32189408999635 8.569022737338452 14.8
      vertex 14.146181241970323 7.177583139031147 14.8
      vertex 14.304804682399773 7.049132409680919 14.8
    endloop
  endfacet
  facet normal 0 0 1
    outer loop
      vertex 14.004305231718579 8.690933677959249 14.8
      vertex 13.79313645399781 7.381413642403071 14.8
      vertex 13.975 7.288749537379655 14.8
    endloop
  endfacet
  facet normal 0 0 1
    outer loop
      vertex 14.32189408999635 8.569022737338452 14.8
      vertex 13.975 7.288749537379655 14.8
      vertex 14.146181241970323 7.177583139031147 14.8
    endloop
  endfacet
  facet normal 0 0 1
    outer loop
      vertex 14.625 8.414582562299426 14.8
      vertex 14.688749537379655 6.574999999999999 14.8
      vertex 14.910302069950538 8.229305231718579 14.8
    endloop
  endfacet
  facet normal 0 0 1
    outer loop
      vertex 13.675712995157717 8.778979702384868 14.8
      vertex 13.405427797094632 7.507387821430921 14.8
      vertex 13.602583139031147 7.4545602067755485 14.8
    endloop
  endfacet
  facet normal 0 0 1
    outer loop
      vertex 14.004305231718579 8.690933677959249 14.8
      vertex 13.602583139031147 7.4545602067755485 14.8
      vertex 13.79313645399781 7.381413642403071 14.8
    endloop
  endfacet
  facet normal 0 0 1
    outer loop
      vertex 13.339717505619873 8.832196159946887 14.8
      vertex 13.203830503371924 7.5393176959681325 14.8
      vertex 13.405427797094632 7.507387821430921 14.8
    endloop
  endfacet
  facet normal 0 0 1
    outer loop
      vertex 13.339717505619873 8.832196159946887 14.8
      vertex 13 7.55 14.8
      vertex 13.203830503371924 7.5393176959681325 14.8
    endloop
  endfacet
  facet normal 0 0 1
    outer loop
      vertex 14.32189408999635 8.569022737338452 14.8
      vertex 14.304804682399773 7.049132409680919 14.8
      vertex 14.625 8.414582562299426 14.8
    endloop
  endfacet
  facet normal 0 0 1
    outer loop
      vertex 11.67810591000365 8.569022737338452 14.8
      vertex 11.853818758029677 7.177583139031147 14.8
      vertex 11.995694768281421 8.690933677959249 14.8
    endloop
  endfacet
  facet normal 0 0 1
    outer loop
      vertex 11.995694768281421 8.690933677959249 14.8
      vertex 12.20686354600219 7.381413642403071 14.8
      vertex 12.324287004842283 8.778979702384868 14.8
    endloop
  endfacet
  facet normal 0 0 1
    outer loop
      vertex 12.324287004842283 8.778979702384868 14.8
      vertex 12.594572202905368 7.507387821430921 14.8
      vertex 12.660282494380127 8.832196159946887 14.8
    endloop
  endfacet
  facet normal 0 0 1
    outer loop
      vertex 12.660282494380127 8.832196159946887 14.8
      vertex 13 7.55 14.8
      vertex 13 8.85 14.8
    endloop
  endfacet
  facet normal 0 0 1
    outer loop
      vertex 13 8.85 14.8
      vertex 13 7.55 14.8
      vertex 13.339717505619873 8.832196159946887 14.8
    endloop
  endfacet
  facet normal 0 0 1
    outer loop
      vertex 14.004305231718579 8.690933677959249 14.8
      vertex 13.975 7.288749537379655 14.8
      vertex 14.32189408999635 8.569022737338452 14.8
    endloop
  endfacet
  facet normal 0 0 1
    outer loop
      vertex 13.675712995157717 8.778979702384868 14.8
      vertex 13.602583139031147 7.4545602067755485 14.8
      vertex 14.004305231718579 8.690933677959249 14.8
    endloop
  endfacet
  facet normal 0 0 1
    outer loop
      vertex 13.339717505619873 8.832196159946887 14.8
      vertex 13.405427797094632 7.507387821430921 14.8
      vertex 13.675712995157717 8.778979702384868 14.8
    endloop
  endfacet
  facet normal -0.9986295347545738 0.05233595624294535 0
    outer loop
      vertex 11.060682304031868 5.803830503371924 24.6
      vertex 11.060682304031868 5.803830503371924 14.8
      vertex 11.05 5.6 14.8
    endloop
  endfacet
  facet normal -0.9876883405951388 0.15643446504022393 0
    outer loop
      vertex 11.092612178569079 6.00542779709463 24.6
      vertex 11.092612178569079 6.00542779709463 14.8
      vertex 11.060682304031868 5.803830503371924 14.8
    endloop
  endfacet
  facet normal -0.9659258262890671 0.25881904510252535 0
    outer loop
      vertex 11.145439793224451 6.202583139031147 24.6
      vertex 11.145439793224451 6.202583139031147 14.8
      vertex 11.092612178569079 6.00542779709463 14.8
    endloop
  endfacet
  facet normal -0.9335804264972027 0.3583679495452977 0
    outer loop
      vertex 11.218586357596928 6.39313645399781 24.6
      vertex 11.218586357596928 6.39313645399781 14.8
      vertex 11.145439793224451 6.202583139031147 14.8
    endloop
  endfacet
  facet normal 0.9986295347545738 0.05233595624294535 0
    outer loop
      vertex 14.95 5.6 24.6
      vertex 14.95 5.6 14.8
      vertex 14.939317695968132 5.803830503371924 14.8
    endloop
  endfacet
  facet normal 0.9876883405951388 0.15643446504022393 0
    outer loop
      vertex 14.939317695968132 5.803830503371924 24.6
      vertex 14.939317695968132 5.803830503371924 14.8
      vertex 14.907387821430921 6.00542779709463 14.8
    endloop
  endfacet
  facet normal 0.9659258262890671 0.25881904510252535 0
    outer loop
      vertex 14.907387821430921 6.00542779709463 24.6
      vertex 14.907387821430921 6.00542779709463 14.8
      vertex 14.854560206775549 6.202583139031147 14.8
    endloop
  endfacet
  facet normal 0.9335804264972027 0.3583679495452977 0
    outer loop
      vertex 14.854560206775549 6.202583139031147 24.6
      vertex 14.854560206775549 6.202583139031147 14.8
      vertex 14.781413642403072 6.39313645399781 14.8
    endloop
  endfacet
  facet normal -0.8910065241883666 0.45399049973954897 0
    outer loop
      vertex 11.311250462620345 6.574999999999999 24.6
      vertex 11.311250462620345 6.574999999999999 14.8
      vertex 11.218586357596928 6.39313645399781 14.8
    endloop
  endfacet
  facet normal -0.8386705679454263 0.5446390350150236 0
    outer loop
      vertex 11.422416860968852 6.746181241970322 24.6
      vertex 11.422416860968852 6.746181241970322 14.8
      vertex 11.311250462620345 6.574999999999999 14.8
    endloop
  endfacet
  facet normal -0.7771459614569696 0.629320391049839 0
    outer loop
      vertex 11.550867590319081 6.904804682399773 24.6
      vertex 11.550867590319081 6.904804682399773 14.8
      vertex 11.422416860968852 6.746181241970322 14.8
    endloop
  endfacet
  facet normal -0.7071067811865476 0.7071067811865476 0
    outer loop
      vertex 11.695195317600227 7.049132409680919 24.6
      vertex 11.695195317600227 7.049132409680919 14.8
      vertex 11.550867590319081 6.904804682399773 14.8
    endloop
  endfacet
  facet normal -0.6293203910498386 0.7771459614569699 0
    outer loop
      vertex 11.853818758029677 7.177583139031147 24.6
      vertex 11.853818758029677 7.177583139031147 14.8
      vertex 11.695195317600227 7.049132409680919 14.8
    endloop
  endfacet
  facet normal 0.8910065241883666 0.45399049973954897 0
    outer loop
      vertex 14.781413642403072 6.39313645399781 24.6
      vertex 14.781413642403072 6.39313645399781 14.8
      vertex 14.688749537379655 6.574999999999999 14.8
    endloop
  endfacet
  facet normal 0.8386705679454263 0.5446390350150236 0
    outer loop
      vertex 14.688749537379655 6.574999999999999 24.6
      vertex 14.688749537379655 6.574999999999999 14.8
      vertex 14.577583139031148 6.746181241970322 14.8
    endloop
  endfacet
  facet normal 0.7771459614569696 0.629320391049839 0
    outer loop
      vertex 14.577583139031148 6.746181241970322 24.6
      vertex 14.577583139031148 6.746181241970322 14.8
      vertex 14.449132409680919 6.904804682399773 14.8
    endloop
  endfacet
  facet normal 0.7071067811865476 0.7071067811865476 0
    outer loop
      vertex 14.449132409680919 6.904804682399773 24.6
      vertex 14.449132409680919 6.904804682399773 14.8
      vertex 14.304804682399773 7.049132409680919 14.8
    endloop
  endfacet
  facet normal 0.6293203910498386 0.7771459614569699 0
    outer loop
      vertex 14.304804682399773 7.049132409680919 24.6
      vertex 14.304804682399773 7.049132409680919 14.8
      vertex 14.146181241970323 7.177583139031147 14.8
    endloop
  endfacet
  facet normal 0.5446390350150246 0.8386705679454256 0
    outer loop
      vertex 14.146181241970323 7.177583139031147 24.6
      vertex 14.146181241970323 7.177583139031147 14.8
      vertex 13.975 7.288749537379655 14.8
    endloop
  endfacet
  facet normal -0.9986295347545738 0.05233595624294535 0
    outer loop
      vertex 11.05 5.6 24.6
      vertex 11.060682304031868 5.803830503371924 24.6
      vertex 11.05 5.6 14.8
    endloop
  endfacet
  facet normal -0.9876883405951388 0.15643446504022393 0
    outer loop
      vertex 11.060682304031868 5.803830503371924 24.6
      vertex 11.092612178569079 6.00542779709463 24.6
      vertex 11.060682304031868 5.803830503371924 14.8
    endloop
  endfacet
  facet normal -0.9659258262890671 0.25881904510252535 0
    outer loop
      vertex 11.092612178569079 6.00542779709463 24.6
      vertex 11.145439793224451 6.202583139031147 24.6
      vertex 11.092612178569079 6.00542779709463 14.8
    endloop
  endfacet
  facet normal -0.9335804264972027 0.3583679495452977 0
    outer loop
      vertex 11.145439793224451 6.202583139031147 24.6
      vertex 11.218586357596928 6.39313645399781 24.6
      vertex 11.145439793224451 6.202583139031147 14.8
    endloop
  endfacet
  facet normal 0.9986295347545738 0.05233595624294535 0
    outer loop
      vertex 14.95 5.6 24.6
      vertex 14.939317695968132 5.803830503371924 14.8
      vertex 14.939317695968132 5.803830503371924 24.6
    endloop
  endfacet
  facet normal 0.9876883405951388 0.15643446504022393 0
    outer loop
      vertex 14.939317695968132 5.803830503371924 24.6
      vertex 14.907387821430921 6.00542779709463 14.8
      vertex 14.907387821430921 6.00542779709463 24.6
    endloop
  endfacet
  facet normal 0.9659258262890671 0.25881904510252535 0
    outer loop
      vertex 14.907387821430921 6.00542779709463 24.6
      vertex 14.854560206775549 6.202583139031147 14.8
      vertex 14.854560206775549 6.202583139031147 24.6
    endloop
  endfacet
  facet normal 0.9335804264972027 0.3583679495452977 0
    outer loop
      vertex 14.854560206775549 6.202583139031147 24.6
      vertex 14.781413642403072 6.39313645399781 14.8
      vertex 14.781413642403072 6.39313645399781 24.6
    endloop
  endfacet
  facet normal 0 0 1
    outer loop
      vertex 11.092612178569079 5.194572202905369 24.6
      vertex 11.092612178569079 6.00542779709463 24.6
      vertex 11.060682304031868 5.803830503371924 24.6
    endloop
  endfacet
  facet normal 0 0 1
    outer loop
      vertex 11.145439793224451 4.997416860968852 24.6
      vertex 11.145439793224451 6.202583139031147 24.6
      vertex 11.092612178569079 6.00542779709463 24.6
    endloop
  endfacet
  facet normal 0 0 1
    outer loop
      vertex 11.218586357596928 4.806863546002189 24.6
      vertex 11.218586357596928 6.39313645399781 24.6
      vertex 11.145439793224451 6.202583139031147 24.6
    endloop
  endfacet
  facet normal 0 0 1
    outer loop
      vertex 11.311250462620345 4.625 24.6
      vertex 11.311250462620345 6.574999999999999 24.6
      vertex 11.218586357596928 6.39313645399781 24.6
    endloop
  endfacet
  facet normal 0 0 1
    outer loop
      vertex 11.422416860968852 4.453818758029677 24.6
      vertex 11.422416860968852 6.746181241970322 24.6
      vertex 11.311250462620345 6.574999999999999 24.6
    endloop
  endfacet
  facet normal 0 0 1
    outer loop
      vertex 11.550867590319081 4.295195317600227 24.6
      vertex 11.550867590319081 6.904804682399773 24.6
      vertex 11.422416860968852 6.746181241970322 24.6
    endloop
  endfacet
  facet normal 0 0 1
    outer loop
      vertex 11.695195317600227 4.150867590319081 24.6
      vertex 11.695195317600227 7.049132409680919 24.6
      vertex 11.550867590319081 6.904804682399773 24.6
    endloop
  endfacet
  facet normal 0 0 1
    outer loop
      vertex 11.853818758029677 4.022416860968852 24.6
      vertex 11.853818758029677 7.177583139031147 24.6
      vertex 11.695195317600227 7.049132409680919 24.6
    endloop
  endfacet
  facet normal 0 0 1
    outer loop
      vertex 12.025 3.9112504626203446 24.6
      vertex 12.025 7.288749537379655 24.6
      vertex 11.853818758029677 7.177583139031147 24.6
    endloop
  endfacet
  facet normal 0 0 1
    outer loop
      vertex 12.20686354600219 3.818586357596928 24.6
      vertex 12.20686354600219 7.381413642403071 24.6
      vertex 12.025 7.288749537379655 24.6
    endloop
  endfacet
  facet normal 0 0 1
    outer loop
      vertex 12.397416860968853 3.7454397932244503 24.6
      vertex 12.397416860968853 7.4545602067755485 24.6
      vertex 12.20686354600219 7.381413642403071 24.6
    endloop
  endfacet
  facet normal 0 0 1
    outer loop
      vertex 12.594572202905368 3.6926121785690786 24.6
      vertex 12.594572202905368 7.507387821430921 24.6
      vertex 12.397416860968853 7.4545602067755485 24.6
    endloop
  endfacet
  facet normal 0 0 1
    outer loop
      vertex 12.796169496628076 3.660682304031867 24.6
      vertex 12.796169496628076 7.5393176959681325 24.6
      vertex 12.594572202905368 7.507387821430921 24.6
    endloop
  endfacet
  facet normal 0 0 1
    outer loop
      vertex 12.796169496628076 7.5393176959681325 24.6
      vertex 13 3.6499999999999995 24.6
      vertex 13 7.55 24.6
    endloop
  endfacet
  facet normal 0 0 1
    outer loop
      vertex 13.203830503371924 3.660682304031867 24.6
      vertex 13.203830503371924 7.5393176959681325 24.6
      vertex 13 7.55 24.6
    endloop
  endfacet
  facet normal 0 0 1
    outer loop
      vertex 14.907387821430921 5.194572202905369 24.6
      vertex 14.907387821430921 6.00542779709463 24.6
      vertex 14.854560206775549 6.202583139031147 24.6
    endloop
  endfacet
  facet normal 0 0 1
    outer loop
      vertex 14.854560206775549 4.997416860968852 24.6
      vertex 14.854560206775549 6.202583139031147 24.6
      vertex 14.781413642403072 6.39313645399781 24.6
    endloop
  endfacet
  facet normal 0 0 1
    outer loop
      vertex 14.781413642403072 4.806863546002189 24.6
      vertex 14.781413642403072 6.39313645399781 24.6
      vertex 14.688749537379655 6.574999999999999 24.6
    endloop
  endfacet
  facet normal 0 0 1
    outer loop
      vertex 14.688749537379655 4.625 24.6
      vertex 14.688749537379655 6.574999999999999 24.6
      vertex 14.577583139031148 6.746181241970322 24.6
    endloop
  endfacet
  facet normal 0 0 1
    outer loop
      vertex 14.939317695968132 5.396169496628075 24.6
      vertex 14.939317695968132 5.803830503371924 24.6
      vertex 14.907387821430921 6.00542779709463 24.6
    endloop
  endfacet
  facet normal 0 0 1
    outer loop
      vertex 13.975 3.9112504626203446 24.6
      vertex 13.975 7.288749537379655 24.6
      vertex 13.79313645399781 7.381413642403071 24.6
    endloop
  endfacet
  facet normal 0 0 1
    outer loop
      vertex 14.449132409680919 4.295195317600227 24.6
      vertex 14.449132409680919 6.904804682399773 24.6
      vertex 14.304804682399773 7.049132409680919 24.6
    endloop
  endfacet
  facet normal 0 0 1
    outer loop
      vertex 14.577583139031148 4.453818758029677 24.6
      vertex 14.577583139031148 6.746181241970322 24.6
      vertex 14.449132409680919 6.904804682399773 24.6
    endloop
  endfacet
  facet normal 0 0 1
    outer loop
      vertex 14.304804682399773 4.150867590319081 24.6
      vertex 14.304804682399773 7.049132409680919 24.6
      vertex 14.146181241970323 7.177583139031147 24.6
    endloop
  endfacet
  facet normal 0 0 1
    outer loop
      vertex 14.146181241970323 4.022416860968852 24.6
      vertex 14.146181241970323 7.177583139031147 24.6
      vertex 13.975 7.288749537379655 24.6
    endloop
  endfacet
  facet normal 0 0 1
    outer loop
      vertex 13.405427797094632 3.6926121785690786 24.6
      vertex 13.405427797094632 7.507387821430921 24.6
      vertex 13.203830503371924 7.5393176959681325 24.6
    endloop
  endfacet
  facet normal 0 0 1
    outer loop
      vertex 13.602583139031147 3.7454397932244503 24.6
      vertex 13.602583139031147 7.4545602067755485 24.6
      vertex 13.405427797094632 7.507387821430921 24.6
    endloop
  endfacet
  facet normal 0 0 1
    outer loop
      vertex 13.79313645399781 3.818586357596928 24.6
      vertex 13.79313645399781 7.381413642403071 24.6
      vertex 13.602583139031147 7.4545602067755485 24.6
    endloop
  endfacet
  facet normal -0.8910065241883666 0.45399049973954897 0
    outer loop
      vertex 11.218586357596928 6.39313645399781 24.6
      vertex 11.311250462620345 6.574999999999999 24.6
      vertex 11.218586357596928 6.39313645399781 14.8
    endloop
  endfacet
  facet normal -0.8386705679454263 0.5446390350150236 0
    outer loop
      vertex 11.311250462620345 6.574999999999999 24.6
      vertex 11.422416860968852 6.746181241970322 24.6
      vertex 11.311250462620345 6.574999999999999 14.8
    endloop
  endfacet
  facet normal -0.7771459614569696 0.629320391049839 0
    outer loop
      vertex 11.422416860968852 6.746181241970322 24.6
      vertex 11.550867590319081 6.904804682399773 24.6
      vertex 11.422416860968852 6.746181241970322 14.8
    endloop
  endfacet
  facet normal -0.7071067811865476 0.7071067811865476 0
    outer loop
      vertex 11.550867590319081 6.904804682399773 24.6
      vertex 11.695195317600227 7.049132409680919 24.6
      vertex 11.550867590319081 6.904804682399773 14.8
    endloop
  endfacet
  facet normal -0.6293203910498386 0.7771459614569699 0
    outer loop
      vertex 11.695195317600227 7.049132409680919 24.6
      vertex 11.853818758029677 7.177583139031147 24.6
      vertex 11.695195317600227 7.049132409680919 14.8
    endloop
  endfacet
  facet normal -0.5446390350150246 0.8386705679454256 0
    outer loop
      vertex 11.853818758029677 7.177583139031147 24.6
      vertex 12.025 7.288749537379655 24.6
      vertex 11.853818758029677 7.177583139031147 14.8
    endloop
  endfacet
  facet normal 0.8910065241883666 0.45399049973954897 0
    outer loop
      vertex 14.781413642403072 6.39313645399781 24.6
      vertex 14.688749537379655 6.574999999999999 14.8
      vertex 14.688749537379655 6.574999999999999 24.6
    endloop
  endfacet
  facet normal 0.8386705679454263 0.5446390350150236 0
    outer loop
      vertex 14.577583139031148 6.746181241970322 24.6
      vertex 14.688749537379655 6.574999999999999 24.6
      vertex 14.577583139031148 6.746181241970322 14.8
    endloop
  endfacet
  facet normal 0.7771459614569696 0.629320391049839 0
    outer loop
      vertex 14.449132409680919 6.904804682399773 24.6
      vertex 14.577583139031148 6.746181241970322 24.6
      vertex 14.449132409680919 6.904804682399773 14.8
    endloop
  endfacet
  facet normal 0.7071067811865476 0.7071067811865476 0
    outer loop
      vertex 14.304804682399773 7.049132409680919 24.6
      vertex 14.449132409680919 6.904804682399773 24.6
      vertex 14.304804682399773 7.049132409680919 14.8
    endloop
  endfacet
  facet normal 0.6293203910498386 0.7771459614569699 0
    outer loop
      vertex 14.304804682399773 7.049132409680919 24.6
      vertex 14.146181241970323 7.177583139031147 14.8
      vertex 14.146181241970323 7.177583139031147 24.6
    endloop
  endfacet
  facet normal -0.5446390350150246 0.8386705679454256 0
    outer loop
      vertex 12.025 7.288749537379655 24.6
      vertex 12.025 7.288749537379655 14.8
      vertex 11.853818758029677 7.177583139031147 14.8
    endloop
  endfacet
  facet normal -0.45399049973954897 0.8910065241883666 0
    outer loop
      vertex 12.20686354600219 7.381413642403071 24.6
      vertex 12.20686354600219 7.381413642403071 14.8
      vertex 12.025 7.288749537379655 14.8
    endloop
  endfacet
  facet normal -0.3583679495452962 0.9335804264972032 0
    outer loop
      vertex 12.397416860968853 7.4545602067755485 24.6
      vertex 12.397416860968853 7.4545602067755485 14.8
      vertex 12.20686354600219 7.381413642403071 14.8
    endloop
  endfacet
  facet normal -0.25881904510252757 0.9659258262890665 0
    outer loop
      vertex 12.594572202905368 7.507387821430921 24.6
      vertex 12.594572202905368 7.507387821430921 14.8
      vertex 12.397416860968853 7.4545602067755485 14.8
    endloop
  endfacet
  facet normal -0.15643446504022684 0.9876883405951383 0
    outer loop
      vertex 12.796169496628076 7.5393176959681325 24.6
      vertex 12.796169496628076 7.5393176959681325 14.8
      vertex 12.594572202905368 7.507387821430921 14.8
    endloop
  endfacet
  facet normal -0.052335956242945576 0.9986295347545738 0
    outer loop
      vertex 13 7.55 24.6
      vertex 13 7.55 14.8
      vertex 12.796169496628076 7.5393176959681325 14.8
    endloop
  endfacet
  facet normal 0.052335956242945576 0.9986295347545738 0
    outer loop
      vertex 13.203830503371924 7.5393176959681325 24.6
      vertex 13.203830503371924 7.5393176959681325 14.8
      vertex 13 7.55 14.8
    endloop
  endfacet
  facet normal 0.45399049973954897 0.8910065241883666 0
    outer loop
      vertex 13.975 7.288749537379655 24.6
      vertex 13.975 7.288749537379655 14.8
      vertex 13.79313645399781 7.381413642403071 14.8
    endloop
  endfacet
  facet normal 0.3583679495452962 0.9335804264972032 0
    outer loop
      vertex 13.79313645399781 7.381413642403071 24.6
      vertex 13.79313645399781 7.381413642403071 14.8
      vertex 13.602583139031147 7.4545602067755485 14.8
    endloop
  endfacet
  facet normal 0.25881904510252757 0.9659258262890665 0
    outer loop
      vertex 13.602583139031147 7.4545602067755485 24.6
      vertex 13.602583139031147 7.4545602067755485 14.8
      vertex 13.405427797094632 7.507387821430921 14.8
    endloop
  endfacet
  facet normal 0.15643446504022684 0.9876883405951383 0
    outer loop
      vertex 13.405427797094632 7.507387821430921 24.6
      vertex 13.405427797094632 7.507387821430921 14.8
      vertex 13.203830503371924 7.5393176959681325 14.8
    endloop
  endfacet
  facet normal -0.45399049973954897 0.8910065241883666 0
    outer loop
      vertex 12.025 7.288749537379655 24.6
      vertex 12.20686354600219 7.381413642403071 24.6
      vertex 12.025 7.288749537379655 14.8
    endloop
  endfacet
  facet normal -0.3583679495452962 0.9335804264972032 0
    outer loop
      vertex 12.20686354600219 7.381413642403071 24.6
      vertex 12.397416860968853 7.4545602067755485 24.6
      vertex 12.20686354600219 7.381413642403071 14.8
    endloop
  endfacet
  facet normal -0.25881904510252757 0.9659258262890665 0
    outer loop
      vertex 12.397416860968853 7.4545602067755485 24.6
      vertex 12.594572202905368 7.507387821430921 24.6
      vertex 12.397416860968853 7.4545602067755485 14.8
    endloop
  endfacet
  facet normal -0.15643446504022684 0.9876883405951383 0
    outer loop
      vertex 12.594572202905368 7.507387821430921 24.6
      vertex 12.796169496628076 7.5393176959681325 24.6
      vertex 12.594572202905368 7.507387821430921 14.8
    endloop
  endfacet
  facet normal -0.052335956242945576 0.9986295347545738 0
    outer loop
      vertex 12.796169496628076 7.5393176959681325 24.6
      vertex 13 7.55 24.6
      vertex 12.796169496628076 7.5393176959681325 14.8
    endloop
  endfacet
  facet normal 0.052335956242945576 0.9986295347545738 0
    outer loop
      vertex 13 7.55 24.6
      vertex 13.203830503371924 7.5393176959681325 24.6
      vertex 13 7.55 14.8
    endloop
  endfacet
  facet normal 0.5446390350150246 0.8386705679454256 0
    outer loop
      vertex 13.975 7.288749537379655 24.6
      vertex 14.146181241970323 7.177583139031147 24.6
      vertex 13.975 7.288749537379655 14.8
    endloop
  endfacet
  facet normal 0.45399049973954897 0.8910065241883666 0
    outer loop
      vertex 13.79313645399781 7.381413642403071 24.6
      vertex 13.975 7.288749537379655 24.6
      vertex 13.79313645399781 7.381413642403071 14.8
    endloop
  endfacet
  facet normal 0.15643446504022684 0.9876883405951383 0
    outer loop
      vertex 13.203830503371924 7.5393176959681325 24.6
      vertex 13.405427797094632 7.507387821430921 24.6
      vertex 13.203830503371924 7.5393176959681325 14.8
    endloop
  endfacet
  facet normal 0.25881904510252757 0.9659258262890665 0
    outer loop
      vertex 13.405427797094632 7.507387821430921 24.6
      vertex 13.602583139031147 7.4545602067755485 24.6
      vertex 13.405427797094632 7.507387821430921 14.8
    endloop
  endfacet
  facet normal 0.3583679495452962 0.9335804264972032 0
    outer loop
      vertex 13.602583139031147 7.4545602067755485 24.6
      vertex 13.79313645399781 7.381413642403071 24.6
      vertex 13.602583139031147 7.4545602067755485 14.8
    endloop
  endfacet
  facet normal -0.35836794954529855 -0.9335804264972024 0
    outer loop
      vertex 19.736105910003648 2.630977262661547 9.6
      vertex 20.05369476828142 2.5090663220407508 9.6
      vertex 20.05369476828142 2.5090663220407508 14.8
    endloop
  endfacet
  facet normal -0.4539904997395487 -0.8910065241883669 0
    outer loop
      vertex 19.736105910003648 2.630977262661547 9.6
      vertex 19.736105910003648 2.630977262661547 14.8
      vertex 19.433 2.7854174377005743 9.6
    endloop
  endfacet
  facet normal -0.5446390350150248 -0.8386705679454255 0
    outer loop
      vertex 19.14769793004946 2.9706947682814207 9.6
      vertex 19.433 2.7854174377005743 9.6
      vertex 19.433 2.7854174377005743 14.8
    endloop
  endfacet
  facet normal -0.6293203910498387 -0.7771459614569697 0
    outer loop
      vertex 19.14769793004946 2.9706947682814207 9.6
      vertex 19.14769793004946 2.9706947682814207 14.8
      vertex 18.88332552933371 3.184779317198468 9.6
    endloop
  endfacet
  facet normal -0.2588190451025213 -0.9659258262890682 0
    outer loop
      vertex 20.05369476828142 2.5090663220407508 9.6
      vertex 20.382287004842283 2.421020297615131 9.6
      vertex 20.382287004842283 2.421020297615131 14.8
    endloop
  endfacet
  facet normal -0.15643446504023029 -0.9876883405951378 0
    outer loop
      vertex 20.382287004842283 2.421020297615131 9.6
      vertex 20.718282494380126 2.3678038400531114 9.6
      vertex 20.718282494380126 2.3678038400531114 14.8
    endloop
  endfacet
  facet normal -0.05233595624294419 -0.9986295347545739 0
    outer loop
      vertex 20.718282494380126 2.3678038400531114 9.6
      vertex 21.058 2.3499999999999996 9.6
      vertex 21.058 2.3499999999999996 14.8
    endloop
  endfacet
  facet normal 0.05233595624294419 -0.9986295347545739 0
    outer loop
      vertex 21.058 2.3499999999999996 9.6
      vertex 21.397717505619873 2.3678038400531114 9.6
      vertex 21.397717505619873 2.3678038400531114 14.8
    endloop
  endfacet
  facet normal 0.15643446504023029 -0.9876883405951378 0
    outer loop
      vertex 21.397717505619873 2.3678038400531114 9.6
      vertex 21.733712995157717 2.421020297615131 9.6
      vertex 21.733712995157717 2.421020297615131 14.8
    endloop
  endfacet
  facet normal 0.2588190451025213 -0.9659258262890682 0
    outer loop
      vertex 21.733712995157717 2.421020297615131 9.6
      vertex 22.06230523171858 2.5090663220407508 9.6
      vertex 22.06230523171858 2.5090663220407508 14.8
    endloop
  endfacet
  facet normal 0.35836794954529855 -0.9335804264972024 0
    outer loop
      vertex 22.06230523171858 2.5090663220407508 9.6
      vertex 22.379894089996352 2.630977262661547 9.6
      vertex 22.379894089996352 2.630977262661547 14.8
    endloop
  endfacet
  facet normal 0.4539904997395487 -0.8910065241883669 0
    outer loop
      vertex 22.379894089996352 2.630977262661547 9.6
      vertex 22.683 2.7854174377005743 9.6
      vertex 22.683 2.7854174377005743 14.8
    endloop
  endfacet
  facet normal 0.5446390350150248 -0.8386705679454255 0
    outer loop
      vertex 22.683 2.7854174377005743 9.6
      vertex 22.96830206995054 2.9706947682814207 9.6
      vertex 22.96830206995054 2.9706947682814207 14.8
    endloop
  endfacet
  facet normal 0.6293203910498387 -0.7771459614569697 0
    outer loop
      vertex 22.96830206995054 2.9706947682814207 9.6
      vertex 23.23267447066629 3.184779317198468 9.6
      vertex 23.23267447066629 3.184779317198468 14.8
    endloop
  endfacet
  facet normal -0.35836794954529855 -0.9335804264972024 0
    outer loop
      vertex 19.736105910003648 2.630977262661547 9.6
      vertex 20.05369476828142 2.5090663220407508 14.8
      vertex 19.736105910003648 2.630977262661547 14.8
    endloop
  endfacet
  facet normal -0.4539904997395487 -0.8910065241883669 0
    outer loop
      vertex 19.433 2.7854174377005743 9.6
      vertex 19.736105910003648 2.630977262661547 14.8
      vertex 19.433 2.7854174377005743 14.8
    endloop
  endfacet
  facet normal -0.5446390350150248 -0.8386705679454255 0
    outer loop
      vertex 19.14769793004946 2.9706947682814207 9.6
      vertex 19.433 2.7854174377005743 14.8
      vertex 19.14769793004946 2.9706947682814207 14.8
    endloop
  endfacet
  facet normal -0.6293203910498387 -0.7771459614569697 0
    outer loop
      vertex 18.88332552933371 3.184779317198468 9.6
      vertex 19.14769793004946 2.9706947682814207 14.8
      vertex 18.88332552933371 3.184779317198468 14.8
    endloop
  endfacet
  facet normal -0.05233595624294419 -0.9986295347545739 0
    outer loop
      vertex 20.718282494380126 2.3678038400531114 9.6
      vertex 21.058 2.3499999999999996 14.8
      vertex 20.718282494380126 2.3678038400531114 14.8
    endloop
  endfacet
  facet normal -0.15643446504023029 -0.9876883405951378 0
    outer loop
      vertex 20.382287004842283 2.421020297615131 9.6
      vertex 20.718282494380126 2.3678038400531114 14.8
      vertex 20.382287004842283 2.421020297615131 14.8
    endloop
  endfacet
  facet normal -0.2588190451025213 -0.9659258262890682 0
    outer loop
      vertex 20.05369476828142 2.5090663220407508 9.6
      vertex 20.382287004842283 2.421020297615131 14.8
      vertex 20.05369476828142 2.5090663220407508 14.8
    endloop
  endfacet
  facet normal 0.05233595624294419 -0.9986295347545739 0
    outer loop
      vertex 21.058 2.3499999999999996 9.6
      vertex 21.397717505619873 2.3678038400531114 14.8
      vertex 21.058 2.3499999999999996 14.8
    endloop
  endfacet
  facet normal 0.15643446504023029 -0.9876883405951378 0
    outer loop
      vertex 21.397717505619873 2.3678038400531114 9.6
      vertex 21.733712995157717 2.421020297615131 14.8
      vertex 21.397717505619873 2.3678038400531114 14.8
    endloop
  endfacet
  facet normal 0.2588190451025213 -0.9659258262890682 0
    outer loop
      vertex 21.733712995157717 2.421020297615131 9.6
      vertex 22.06230523171858 2.5090663220407508 14.8
      vertex 21.733712995157717 2.421020297615131 14.8
    endloop
  endfacet
  facet normal 0.35836794954529855 -0.9335804264972024 0
    outer loop
      vertex 22.06230523171858 2.5090663220407508 9.6
      vertex 22.379894089996352 2.630977262661547 14.8
      vertex 22.06230523171858 2.5090663220407508 14.8
    endloop
  endfacet
  facet normal 0.4539904997395487 -0.8910065241883669 0
    outer loop
      vertex 22.379894089996352 2.630977262661547 9.6
      vertex 22.683 2.7854174377005743 14.8
      vertex 22.379894089996352 2.630977262661547 14.8
    endloop
  endfacet
  facet normal 0.5446390350150248 -0.8386705679454255 0
    outer loop
      vertex 22.683 2.7854174377005743 9.6
      vertex 22.96830206995054 2.9706947682814207 14.8
      vertex 22.683 2.7854174377005743 14.8
    endloop
  endfacet
  facet normal 0.6293203910498387 -0.7771459614569697 0
    outer loop
      vertex 22.96830206995054 2.9706947682814207 9.6
      vertex 23.23267447066629 3.184779317198468 14.8
      vertex 22.96830206995054 2.9706947682814207 14.8
    endloop
  endfacet
  facet normal -0.7071067811865462 -0.7071067811865489 0
    outer loop
      vertex 18.642779317198467 3.42532552933371 9.6
      vertex 18.88332552933371 3.184779317198468 9.6
      vertex 18.642779317198467 3.42532552933371 14.8
    endloop
  endfacet
  facet normal -0.8386705679454253 -0.5446390350150252 0
    outer loop
      vertex 18.42869476828142 3.689697930049462 9.6
      vertex 18.243417437700575 3.9749999999999996 14.8
      vertex 18.243417437700575 3.9749999999999996 9.6
    endloop
  endfacet
  facet normal -0.7771459614569731 -0.6293203910498346 0
    outer loop
      vertex 18.42869476828142 3.689697930049462 9.6
      vertex 18.642779317198467 3.42532552933371 9.6
      vertex 18.42869476828142 3.689697930049462 14.8
    endloop
  endfacet
  facet normal 0.7071067811865462 -0.7071067811865489 0
    outer loop
      vertex 23.23267447066629 3.184779317198468 9.6
      vertex 23.473220682801532 3.42532552933371 9.6
      vertex 23.23267447066629 3.184779317198468 14.8
    endloop
  endfacet
  facet normal -0.7071067811865462 -0.7071067811865489 0
    outer loop
      vertex 18.88332552933371 3.184779317198468 9.6
      vertex 18.88332552933371 3.184779317198468 14.8
      vertex 18.642779317198467 3.42532552933371 14.8
    endloop
  endfacet
  facet normal -0.7771459614569731 -0.6293203910498346 0
    outer loop
      vertex 18.642779317198467 3.42532552933371 9.6
      vertex 18.642779317198467 3.42532552933371 14.8
      vertex 18.42869476828142 3.689697930049462 14.8
    endloop
  endfacet
  facet normal -0.8386705679454253 -0.5446390350150252 0
    outer loop
      vertex 18.42869476828142 3.689697930049462 9.6
      vertex 18.42869476828142 3.689697930049462 14.8
      vertex 18.243417437700575 3.9749999999999996 14.8
    endloop
  endfacet
  facet normal 0.7071067811865462 -0.7071067811865489 0
    outer loop
      vertex 23.473220682801532 3.42532552933371 9.6
      vertex 23.473220682801532 3.42532552933371 14.8
      vertex 23.23267447066629 3.184779317198468 14.8
    endloop
  endfacet
  facet normal 0 0 1
    outer loop
      vertex 19.736105910003648 2.630977262661547 14.8
      vertex 20.05369476828142 2.5090663220407508 14.8
      vertex 20.083 3.9112504626203446 14.8
    endloop
  endfacet
  facet normal 0 0 1
    outer loop
      vertex 20.382287004842283 2.421020297615131 14.8
      vertex 20.718282494380126 2.3678038400531114 14.8
      vertex 20.652572202905368 3.6926121785690786 14.8
    endloop
  endfacet
  facet normal 0 0 1
    outer loop
      vertex 20.05369476828142 2.5090663220407508 14.8
      vertex 20.382287004842283 2.421020297615131 14.8
      vertex 20.455416860968853 3.7454397932244503 14.8
    endloop
  endfacet
  facet normal 0 0 1
    outer loop
      vertex 20.718282494380126 2.3678038400531114 14.8
      vertex 21.058 2.3499999999999996 14.8
      vertex 21.058 3.6499999999999995 14.8
    endloop
  endfacet
  facet normal 0 0 1
    outer loop
      vertex 21.058 2.3499999999999996 14.8
      vertex 21.397717505619873 2.3678038400531114 14.8
      vertex 21.058 3.6499999999999995 14.8
    endloop
  endfacet
  facet normal 0 0 1
    outer loop
      vertex 21.397717505619873 2.3678038400531114 14.8
      vertex 21.733712995157717 2.421020297615131 14.8
      vertex 21.46342779709463 3.6926121785690786 14.8
    endloop
  endfacet
  facet normal 0 0 1
    outer loop
      vertex 21.733712995157717 2.421020297615131 14.8
      vertex 22.06230523171858 2.5090663220407508 14.8
      vertex 21.85113645399781 3.818586357596928 14.8
    endloop
  endfacet
  facet normal 0 0 1
    outer loop
      vertex 22.06230523171858 2.5090663220407508 14.8
      vertex 22.379894089996352 2.630977262661547 14.8
      vertex 22.20418124197032 4.022416860968852 14.8
    endloop
  endfacet
  facet normal 0 0 1
    outer loop
      vertex 19.736105910003648 2.630977262661547 14.8
      vertex 19.753195317600227 4.150867590319081 14.8
      vertex 19.433 2.7854174377005743 14.8
    endloop
  endfacet
  facet normal 0 0 1
    outer loop
      vertex 19.14769793004946 2.9706947682814207 14.8
      vertex 19.433 2.7854174377005743 14.8
      vertex 19.369250462620343 4.625 14.8
    endloop
  endfacet
  facet normal 0 0 1
    outer loop
      vertex 19.736105910003648 2.630977262661547 14.8
      vertex 20.083 3.9112504626203446 14.8
      vertex 19.91181875802968 4.022416860968852 14.8
    endloop
  endfacet
  facet normal 0 0 1
    outer loop
      vertex 19.736105910003648 2.630977262661547 14.8
      vertex 19.91181875802968 4.022416860968852 14.8
      vertex 19.753195317600227 4.150867590319081 14.8
    endloop
  endfacet
  facet normal 0 0 1
    outer loop
      vertex 19.433 2.7854174377005743 14.8
      vertex 19.753195317600227 4.150867590319081 14.8
      vertex 19.608867590319083 4.295195317600227 14.8
    endloop
  endfacet
  facet normal 0 0 1
    outer loop
      vertex 19.433 2.7854174377005743 14.8
      vertex 19.608867590319083 4.295195317600227 14.8
      vertex 19.48041686096885 4.453818758029677 14.8
    endloop
  endfacet
  facet normal 0 0 1
    outer loop
      vertex 19.433 2.7854174377005743 14.8
      vertex 19.48041686096885 4.453818758029677 14.8
      vertex 19.369250462620343 4.625 14.8
    endloop
  endfacet
  facet normal 0 0 1
    outer loop
      vertex 20.718282494380126 2.3678038400531114 14.8
      vertex 21.058 3.6499999999999995 14.8
      vertex 20.854169496628074 3.660682304031867 14.8
    endloop
  endfacet
  facet normal 0 0 1
    outer loop
      vertex 20.718282494380126 2.3678038400531114 14.8
      vertex 20.854169496628074 3.660682304031867 14.8
      vertex 20.652572202905368 3.6926121785690786 14.8
    endloop
  endfacet
  facet normal 0 0 1
    outer loop
      vertex 20.05369476828142 2.5090663220407508 14.8
      vertex 20.455416860968853 3.7454397932244503 14.8
      vertex 20.26486354600219 3.818586357596928 14.8
    endloop
  endfacet
  facet normal 0 0 1
    outer loop
      vertex 20.382287004842283 2.421020297615131 14.8
      vertex 20.652572202905368 3.6926121785690786 14.8
      vertex 20.455416860968853 3.7454397932244503 14.8
    endloop
  endfacet
  facet normal 0 0 1
    outer loop
      vertex 21.397717505619873 2.3678038400531114 14.8
      vertex 21.261830503371925 3.660682304031867 14.8
      vertex 21.058 3.6499999999999995 14.8
    endloop
  endfacet
  facet normal 0 0 1
    outer loop
      vertex 21.397717505619873 2.3678038400531114 14.8
      vertex 21.46342779709463 3.6926121785690786 14.8
      vertex 21.261830503371925 3.660682304031867 14.8
    endloop
  endfacet
  facet normal 0 0 1
    outer loop
      vertex 21.733712995157717 2.421020297615131 14.8
      vertex 21.660583139031147 3.7454397932244503 14.8
      vertex 21.46342779709463 3.6926121785690786 14.8
    endloop
  endfacet
  facet normal 0 0 1
    outer loop
      vertex 20.05369476828142 2.5090663220407508 14.8
      vertex 20.26486354600219 3.818586357596928 14.8
      vertex 20.083 3.9112504626203446 14.8
    endloop
  endfacet
  facet normal 0 0 1
    outer loop
      vertex 22.379894089996352 2.630977262661547 14.8
      vertex 22.683 2.7854174377005743 14.8
      vertex 22.507132409680917 4.295195317600227 14.8
    endloop
  endfacet
  facet normal 0 0 1
    outer loop
      vertex 21.733712995157717 2.421020297615131 14.8
      vertex 21.85113645399781 3.818586357596928 14.8
      vertex 21.660583139031147 3.7454397932244503 14.8
    endloop
  endfacet
  facet normal 0 0 1
    outer loop
      vertex 22.06230523171858 2.5090663220407508 14.8
      vertex 22.033 3.9112504626203446 14.8
      vertex 21.85113645399781 3.818586357596928 14.8
    endloop
  endfacet
  facet normal 0 0 1
    outer loop
      vertex 22.06230523171858 2.5090663220407508 14.8
      vertex 22.20418124197032 4.022416860968852 14.8
      vertex 22.033 3.9112504626203446 14.8
    endloop
  endfacet
  facet normal 0 0 1
    outer loop
      vertex 22.683 2.7854174377005743 14.8
      vertex 22.96830206995054 2.9706947682814207 14.8
      vertex 22.746749537379657 4.625 14.8
    endloop
  endfacet
  facet normal 0 0 1
    outer loop
      vertex 22.379894089996352 2.630977262661547 14.8
      vertex 22.362804682399773 4.150867590319081 14.8
      vertex 22.20418124197032 4.022416860968852 14.8
    endloop
  endfacet
  facet normal 0 0 1
    outer loop
      vertex 22.379894089996352 2.630977262661547 14.8
      vertex 22.507132409680917 4.295195317600227 14.8
      vertex 22.362804682399773 4.150867590319081 14.8
    endloop
  endfacet
  facet normal 0 0 1
    outer loop
      vertex 22.683 2.7854174377005743 14.8
      vertex 22.635583139031148 4.453818758029677 14.8
      vertex 22.507132409680917 4.295195317600227 14.8
    endloop
  endfacet
  facet normal 0 0 1
    outer loop
      vertex 22.96830206995054 2.9706947682814207 14.8
      vertex 23.23267447066629 3.184779317198468 14.8
      vertex 22.997317695968132 5.396169496628075 14.8
    endloop
  endfacet
  facet normal 0 0 1
    outer loop
      vertex 22.683 2.7854174377005743 14.8
      vertex 22.746749537379657 4.625 14.8
      vertex 22.635583139031148 4.453818758029677 14.8
    endloop
  endfacet
  facet normal -0.8910065241883675 -0.4539904997395476 0
    outer loop
      vertex 18.088977262661547 4.278105910003649 9.6
      vertex 18.243417437700575 3.9749999999999996 9.6
      vertex 18.088977262661547 4.278105910003649 14.8
    endloop
  endfacet
  facet normal 0 0 -1
    outer loop
      vertex 19.736105910003648 2.630977262661547 9.6
      vertex 20.05369476828142 8.690933677959249 9.6
      vertex 20.05369476828142 2.5090663220407508 9.6
    endloop
  endfacet
  facet normal 0 0 -1
    outer loop
      vertex 19.736105910003648 2.630977262661547 9.6
      vertex 19.433 2.7854174377005743 9.6
      vertex 19.736105910003648 8.569022737338452 9.6
    endloop
  endfacet
  facet normal 0 0 -1
    outer loop
      vertex 19.14769793004946 2.9706947682814207 9.6
      vertex 19.433 8.414582562299426 9.6
      vertex 19.433 2.7854174377005743 9.6
    endloop
  endfacet
  facet normal -0.9335804264972009 -0.35836794954530254 0
    outer loop
      vertex 18.088977262661547 4.278105910003649 9.6
      vertex 17.96706632204075 4.595694768281421 14.8
      vertex 17.96706632204075 4.595694768281421 9.6
    endloop
  endfacet
  facet normal 0 0 -1
    outer loop
      vertex 20.05369476828142 2.5090663220407508 9.6
      vertex 20.382287004842283 8.778979702384868 9.6
      vertex 20.382287004842283 2.421020297615131 9.6
    endloop
  endfacet
  facet normal 0 0 -1
    outer loop
      vertex 20.382287004842283 2.421020297615131 9.6
      vertex 20.718282494380126 8.832196159946887 9.6
      vertex 20.718282494380126 2.3678038400531114 9.6
    endloop
  endfacet
  facet normal 0 0 -1
    outer loop
      vertex 20.718282494380126 2.3678038400531114 9.6
      vertex 21.058 8.85 9.6
      vertex 21.058 2.3499999999999996 9.6
    endloop
  endfacet
  facet normal 0 0 -1
    outer loop
      vertex 21.058 2.3499999999999996 9.6
      vertex 21.397717505619873 8.832196159946887 9.6
      vertex 21.397717505619873 2.3678038400531114 9.6
    endloop
  endfacet
  facet normal 0 0 -1
    outer loop
      vertex 21.397717505619873 2.3678038400531114 9.6
      vertex 21.733712995157717 8.778979702384868 9.6
      vertex 21.733712995157717 2.421020297615131 9.6
    endloop
  endfacet
  facet normal 0 0 -1
    outer loop
      vertex 21.733712995157717 2.421020297615131 9.6
      vertex 22.06230523171858 8.690933677959249 9.6
      vertex 22.06230523171858 2.5090663220407508 9.6
    endloop
  endfacet
  facet normal 0 0 -1
    outer loop
      vertex 22.06230523171858 2.5090663220407508 9.6
      vertex 22.379894089996352 8.569022737338452 9.6
      vertex 22.379894089996352 2.630977262661547 9.6
    endloop
  endfacet
  facet normal 0 0 -1
    outer loop
      vertex 22.379894089996352 2.630977262661547 9.6
      vertex 22.683 8.414582562299426 9.6
      vertex 22.683 2.7854174377005743 9.6
    endloop
  endfacet
  facet normal 0 0 -1
    outer loop
      vertex 22.683 2.7854174377005743 9.6
      vertex 22.96830206995054 8.229305231718579 9.6
      vertex 22.96830206995054 2.9706947682814207 9.6
    endloop
  endfacet
  facet normal 0 0 -1
    outer loop
      vertex 22.96830206995054 2.9706947682814207 9.6
      vertex 23.23267447066629 8.01522068280153 9.6
      vertex 23.23267447066629 3.184779317198468 9.6
    endloop
  endfacet
  facet normal -0.8910065241883675 -0.4539904997395476 0
    outer loop
      vertex 18.243417437700575 3.9749999999999996 9.6
      vertex 18.243417437700575 3.9749999999999996 14.8
      vertex 18.088977262661547 4.278105910003649 14.8
    endloop
  endfacet
  facet normal -0.9335804264972009 -0.35836794954530254 0
    outer loop
      vertex 18.088977262661547 4.278105910003649 9.6
      vertex 18.088977262661547 4.278105910003649 14.8
      vertex 17.96706632204075 4.595694768281421 14.8
    endloop
  endfacet
  facet normal -0.9659258262890683 -0.2588190451025207 0
    outer loop
      vertex 17.96706632204075 4.595694768281421 9.6
      vertex 17.96706632204075 4.595694768281421 14.8
      vertex 17.87902029761513 4.924287004842282 14.8
    endloop
  endfacet
  facet normal 0 0 -1
    outer loop
      vertex 18.088977262661547 4.278105910003649 9.6
      vertex 18.243417437700575 7.225 9.6
      vertex 18.243417437700575 3.9749999999999996 9.6
    endloop
  endfacet
  facet normal 0 0 -1
    outer loop
      vertex 19.14769793004946 2.9706947682814207 9.6
      vertex 18.88332552933371 3.184779317198468 9.6
      vertex 19.14769793004946 8.229305231718579 9.6
    endloop
  endfacet
  facet normal 0 0 -1
    outer loop
      vertex 18.642779317198467 3.42532552933371 9.6
      vertex 18.88332552933371 8.01522068280153 9.6
      vertex 18.88332552933371 3.184779317198468 9.6
    endloop
  endfacet
  facet normal 0 0 -1
    outer loop
      vertex 18.42869476828142 3.689697930049462 9.6
      vertex 18.642779317198467 7.774674470666289 9.6
      vertex 18.642779317198467 3.42532552933371 9.6
    endloop
  endfacet
  facet normal 0 0 -1
    outer loop
      vertex 18.42869476828142 3.689697930049462 9.6
      vertex 18.243417437700575 3.9749999999999996 9.6
      vertex 18.42869476828142 7.510302069950537 9.6
    endloop
  endfacet
  facet normal -0.9659258262890683 -0.2588190451025207 0
    outer loop
      vertex 17.96706632204075 4.595694768281421 9.6
      vertex 17.87902029761513 4.924287004842282 14.8
      vertex 17.87902029761513 4.924287004842282 9.6
    endloop
  endfacet
  facet normal -0.9876883405951381 -0.15643446504022862 0
    outer loop
      vertex 17.87902029761513 4.924287004842282 9.6
      vertex 17.825803840053112 5.260282494380126 14.8
      vertex 17.825803840053112 5.260282494380126 9.6
    endloop
  endfacet
  facet normal 0 0 -1
    outer loop
      vertex 18.088977262661547 4.278105910003649 9.6
      vertex 17.96706632204075 4.595694768281421 9.6
      vertex 18.088977262661547 6.92189408999635 9.6
    endloop
  endfacet
  facet normal 0 0 -1
    outer loop
      vertex 17.96706632204075 4.595694768281421 9.6
      vertex 17.87902029761513 4.924287004842282 9.6
      vertex 17.96706632204075 6.604305231718579 9.6
    endloop
  endfacet
  facet normal 0 0 -1
    outer loop
      vertex 17.87902029761513 4.924287004842282 9.6
      vertex 17.825803840053112 5.260282494380126 9.6
      vertex 17.87902029761513 6.2757129951577175 9.6
    endloop
  endfacet
  facet normal 0 0 -1
    outer loop
      vertex 17.825803840053112 5.260282494380126 9.6
      vertex 17.808 5.6 9.6
      vertex 17.825803840053112 5.939717505619873 9.6
    endloop
  endfacet
  facet normal -0.9986295347545737 -0.05233595624294548 0
    outer loop
      vertex 17.825803840053112 5.260282494380126 9.6
      vertex 17.808 5.6 14.8
      vertex 17.808 5.6 9.6
    endloop
  endfacet
  facet normal 0 0 -1
    outer loop
      vertex 23.23267447066629 3.184779317198468 9.6
      vertex 23.473220682801532 7.774674470666289 9.6
      vertex 23.473220682801532 3.42532552933371 9.6
    endloop
  endfacet
  facet normal -0.9876883405951381 -0.15643446504022862 0
    outer loop
      vertex 17.87902029761513 4.924287004842282 9.6
      vertex 17.87902029761513 4.924287004842282 14.8
      vertex 17.825803840053112 5.260282494380126 14.8
    endloop
  endfacet
  facet normal -0.9986295347545737 -0.05233595624294548 0
    outer loop
      vertex 17.825803840053112 5.260282494380126 9.6
      vertex 17.825803840053112 5.260282494380126 14.8
      vertex 17.808 5.6 14.8
    endloop
  endfacet
  facet normal 0 0 1
    outer loop
      vertex 19.14769793004946 2.9706947682814207 14.8
      vertex 19.369250462620343 4.625 14.8
      vertex 19.27658635759693 4.806863546002189 14.8
    endloop
  endfacet
  facet normal 0 0 1
    outer loop
      vertex 19.14769793004946 2.9706947682814207 14.8
      vertex 19.27658635759693 4.806863546002189 14.8
      vertex 19.20343979322445 4.997416860968852 14.8
    endloop
  endfacet
  facet normal 0 0 1
    outer loop
      vertex 19.14769793004946 2.9706947682814207 14.8
      vertex 19.20343979322445 4.997416860968852 14.8
      vertex 19.15061217856908 5.194572202905369 14.8
    endloop
  endfacet
  facet normal 0 0 1
    outer loop
      vertex 19.14769793004946 2.9706947682814207 14.8
      vertex 19.15061217856908 5.194572202905369 14.8
      vertex 19.118682304031868 5.396169496628075 14.8
    endloop
  endfacet
  facet normal 0 0 1
    outer loop
      vertex 19.14769793004946 2.9706947682814207 14.8
      vertex 18.88332552933371 8.01522068280153 14.8
      vertex 18.88332552933371 3.184779317198468 14.8
    endloop
  endfacet
  facet normal 0 0 1
    outer loop
      vertex 22.96830206995054 2.9706947682814207 14.8
      vertex 22.83941364240307 4.806863546002189 14.8
      vertex 22.746749537379657 4.625 14.8
    endloop
  endfacet
  facet normal 0 0 1
    outer loop
      vertex 22.96830206995054 2.9706947682814207 14.8
      vertex 22.91256020677555 4.997416860968852 14.8
      vertex 22.83941364240307 4.806863546002189 14.8
    endloop
  endfacet
  facet normal 0 0 1
    outer loop
      vertex 22.96830206995054 2.9706947682814207 14.8
      vertex 22.96538782143092 5.194572202905369 14.8
      vertex 22.91256020677555 4.997416860968852 14.8
    endloop
  endfacet
  facet normal 0 0 1
    outer loop
      vertex 22.96830206995054 2.9706947682814207 14.8
      vertex 22.997317695968132 5.396169496628075 14.8
      vertex 22.96538782143092 5.194572202905369 14.8
    endloop
  endfacet
  facet normal 0 0 1
    outer loop
      vertex 23.23267447066629 3.184779317198468 14.8
      vertex 23.008 5.6 14.8
      vertex 22.997317695968132 5.396169496628075 14.8
    endloop
  endfacet
  facet normal 0 0 1
    outer loop
      vertex 18.42869476828142 3.689697930049462 14.8
      vertex 18.243417437700575 7.225 14.8
      vertex 18.243417437700575 3.9749999999999996 14.8
    endloop
  endfacet
  facet normal 0 0 1
    outer loop
      vertex 18.088977262661547 4.278105910003649 14.8
      vertex 18.243417437700575 3.9749999999999996 14.8
      vertex 18.088977262661547 6.92189408999635 14.8
    endloop
  endfacet
  facet normal 0 0 1
    outer loop
      vertex 18.088977262661547 4.278105910003649 14.8
      vertex 17.96706632204075 6.604305231718579 14.8
      vertex 17.96706632204075 4.595694768281421 14.8
    endloop
  endfacet
  facet normal 0 0 1
    outer loop
      vertex 18.642779317198467 3.42532552933371 14.8
      vertex 18.88332552933371 3.184779317198468 14.8
      vertex 18.642779317198467 7.774674470666289 14.8
    endloop
  endfacet
  facet normal 0 0 1
    outer loop
      vertex 18.42869476828142 3.689697930049462 14.8
      vertex 18.642779317198467 3.42532552933371 14.8
      vertex 18.42869476828142 7.510302069950537 14.8
    endloop
  endfacet
  facet normal 0 0 1
    outer loop
      vertex 17.96706632204075 4.595694768281421 14.8
      vertex 17.87902029761513 6.2757129951577175 14.8
      vertex 17.87902029761513 4.924287004842282 14.8
    endloop
  endfacet
  facet normal 0 0 1
    outer loop
      vertex 17.87902029761513 4.924287004842282 14.8
      vertex 17.825803840053112 5.939717505619873 14.8
      vertex 17.825803840053112 5.260282494380126 14.8
    endloop
  endfacet
  facet normal 0 0 1
    outer loop
      vertex 17.825803840053112 5.260282494380126 14.8
      vertex 17.825803840053112 5.939717505619873 14.8
      vertex 17.808 5.6 14.8
    endloop
  endfacet
  facet normal 0 0 1
    outer loop
      vertex 19.14769793004946 2.9706947682814207 14.8
      vertex 19.118682304031868 5.396169496628075 14.8
      vertex 18.88332552933371 8.01522068280153 14.8
    endloop
  endfacet
  facet normal 0 0 1
    outer loop
      vertex 23.23267447066629 3.184779317198468 14.8
      vertex 22.997317695968132 5.803830503371924 14.8
      vertex 23.008 5.6 14.8
    endloop
  endfacet
  facet normal 0 0 1
    outer loop
      vertex 23.23267447066629 3.184779317198468 14.8
      vertex 23.473220682801532 3.42532552933371 14.8
      vertex 23.23267447066629 8.01522068280153 14.8
    endloop
  endfacet
  facet normal 0.7771459614569731 -0.6293203910498346 0
    outer loop
      vertex 23.473220682801532 3.42532552933371 9.6
      vertex 23.68730523171858 3.689697930049462 9.6
      vertex 23.473220682801532 3.42532552933371 14.8
    endloop
  endfacet
  facet normal 0.8386705679454253 -0.5446390350150252 0
    outer loop
      vertex 23.68730523171858 3.689697930049462 9.6
      vertex 23.872582562299424 3.9749999999999996 9.6
      vertex 23.68730523171858 3.689697930049462 14.8
    endloop
  endfacet
  facet normal 0.7771459614569731 -0.6293203910498346 0
    outer loop
      vertex 23.68730523171858 3.689697930049462 9.6
      vertex 23.68730523171858 3.689697930049462 14.8
      vertex 23.473220682801532 3.42532552933371 14.8
    endloop
  endfacet
  facet normal 0.8386705679454253 -0.5446390350150252 0
    outer loop
      vertex 23.872582562299424 3.9749999999999996 9.6
      vertex 23.872582562299424 3.9749999999999996 14.8
      vertex 23.68730523171858 3.689697930049462 14.8
    endloop
  endfacet
  facet normal 0.8910065241883675 -0.4539904997395476 0
    outer loop
      vertex 23.872582562299424 3.9749999999999996 9.6
      vertex 24.027022737338452 4.278105910003649 9.6
      vertex 23.872582562299424 3.9749999999999996 14.8
    endloop
  endfacet
  facet normal 0.9335804264972009 -0.35836794954530254 0
    outer loop
      vertex 24.027022737338452 4.278105910003649 9.6
      vertex 24.14893367795925 4.595694768281421 9.6
      vertex 24.027022737338452 4.278105910003649 14.8
    endloop
  endfacet
  facet normal 0.9659258262890683 -0.2588190451025207 0
    outer loop
      vertex 24.14893367795925 4.595694768281421 9.6
      vertex 24.23697970238487 4.924287004842282 9.6
      vertex 24.14893367795925 4.595694768281421 14.8
    endloop
  endfacet
  facet normal 0.8910065241883675 -0.4539904997395476 0
    outer loop
      vertex 24.027022737338452 4.278105910003649 9.6
      vertex 24.027022737338452 4.278105910003649 14.8
      vertex 23.872582562299424 3.9749999999999996 14.8
    endloop
  endfacet
  facet normal 0.9335804264972009 -0.35836794954530254 0
    outer loop
      vertex 24.14893367795925 4.595694768281421 9.6
      vertex 24.14893367795925 4.595694768281421 14.8
      vertex 24.027022737338452 4.278105910003649 14.8
    endloop
  endfacet
  facet normal 0 0 -1
    outer loop
      vertex 23.473220682801532 3.42532552933371 9.6
      vertex 23.68730523171858 7.510302069950537 9.6
      vertex 23.68730523171858 3.689697930049462 9.6
    endloop
  endfacet
  facet normal 0 0 -1
    outer loop
      vertex 23.68730523171858 3.689697930049462 9.6
      vertex 23.872582562299424 7.225 9.6
      vertex 23.872582562299424 3.9749999999999996 9.6
    endloop
  endfacet
  facet normal 0 0 -1
    outer loop
      vertex 23.872582562299424 3.9749999999999996 9.6
      vertex 24.027022737338452 6.92189408999635 9.6
      vertex 24.027022737338452 4.278105910003649 9.6
    endloop
  endfacet
  facet normal 0 0 -1
    outer loop
      vertex 24.027022737338452 4.278105910003649 9.6
      vertex 24.14893367795925 6.604305231718579 9.6
      vertex 24.14893367795925 4.595694768281421 9.6
    endloop
  endfacet
  facet normal 0.9876883405951381 -0.15643446504022862 0
    outer loop
      vertex 24.23697970238487 4.924287004842282 9.6
      vertex 24.290196159946888 5.260282494380126 9.6
      vertex 24.23697970238487 4.924287004842282 14.8
    endloop
  endfacet
  facet normal 0 0 -1
    outer loop
      vertex 24.14893367795925 4.595694768281421 9.6
      vertex 24.23697970238487 6.2757129951577175 9.6
      vertex 24.23697970238487 4.924287004842282 9.6
    endloop
  endfacet
  facet normal 0 0 -1
    outer loop
      vertex 24.23697970238487 4.924287004842282 9.6
      vertex 24.290196159946888 5.939717505619873 9.6
      vertex 24.290196159946888 5.260282494380126 9.6
    endloop
  endfacet
  facet normal 0 0 -1
    outer loop
      vertex 24.290196159946888 5.260282494380126 9.6
      vertex 24.290196159946888 5.939717505619873 9.6
      vertex 24.308 5.6 9.6
    endloop
  endfacet
  facet normal 0.9986295347545737 -0.05233595624294548 0
    outer loop
      vertex 24.290196159946888 5.260282494380126 9.6
      vertex 24.308 5.6 9.6
      vertex 24.290196159946888 5.260282494380126 14.8
    endloop
  endfacet
  facet normal 0.9659258262890683 -0.2588190451025207 0
    outer loop
      vertex 24.23697970238487 4.924287004842282 9.6
      vertex 24.23697970238487 4.924287004842282 14.8
      vertex 24.14893367795925 4.595694768281421 14.8
    endloop
  endfacet
  facet normal 0.9876883405951381 -0.15643446504022862 0
    outer loop
      vertex 24.290196159946888 5.260282494380126 9.6
      vertex 24.290196159946888 5.260282494380126 14.8
      vertex 24.23697970238487 4.924287004842282 14.8
    endloop
  endfacet
  facet normal 0.9986295347545737 -0.05233595624294548 0
    outer loop
      vertex 24.290196159946888 5.260282494380126 14.8
      vertex 24.308 5.6 9.6
      vertex 24.308 5.6 14.8
    endloop
  endfacet
  facet normal 0 0 1
    outer loop
      vertex 23.473220682801532 3.42532552933371 14.8
      vertex 23.68730523171858 3.689697930049462 14.8
      vertex 23.473220682801532 7.774674470666289 14.8
    endloop
  endfacet
  facet normal 0 0 1
    outer loop
      vertex 23.68730523171858 3.689697930049462 14.8
      vertex 23.872582562299424 3.9749999999999996 14.8
      vertex 23.68730523171858 7.510302069950537 14.8
    endloop
  endfacet
  facet normal 0 0 1
    outer loop
      vertex 23.872582562299424 3.9749999999999996 14.8
      vertex 24.027022737338452 4.278105910003649 14.8
      vertex 23.872582562299424 7.225 14.8
    endloop
  endfacet
  facet normal 0 0 1
    outer loop
      vertex 24.027022737338452 4.278105910003649 14.8
      vertex 24.14893367795925 4.595694768281421 14.8
      vertex 24.027022737338452 6.92189408999635 14.8
    endloop
  endfacet
  facet normal 0 0 1
    outer loop
      vertex 24.14893367795925 4.595694768281421 14.8
      vertex 24.23697970238487 4.924287004842282 14.8
      vertex 24.14893367795925 6.604305231718579 14.8
    endloop
  endfacet
  facet normal 0 0 1
    outer loop
      vertex 24.23697970238487 4.924287004842282 14.8
      vertex 24.290196159946888 5.260282494380126 14.8
      vertex 24.23697970238487 6.2757129951577175 14.8
    endloop
  endfacet
  facet normal 0 0 1
    outer loop
      vertex 24.290196159946888 5.260282494380126 14.8
      vertex 24.308 5.6 14.8
      vertex 24.290196159946888 5.939717505619873 14.8
    endloop
  endfacet
  facet normal -0.15643446504023029 -0.9876883405951378 0
    outer loop
      vertex 20.652572202905368 3.6926121785690786 24.6
      vertex 20.652572202905368 3.6926121785690786 14.8
      vertex 20.854169496628074 3.660682304031867 14.8
    endloop
  endfacet
  facet normal -0.2588190451025235 -0.9659258262890675 0
    outer loop
      vertex 20.455416860968853 3.7454397932244503 24.6
      vertex 20.455416860968853 3.7454397932244503 14.8
      vertex 20.652572202905368 3.6926121785690786 14.8
    endloop
  endfacet
  facet normal -0.05233595624294511 -0.9986295347545737 0
    outer loop
      vertex 20.854169496628074 3.660682304031867 24.6
      vertex 20.854169496628074 3.660682304031867 14.8
      vertex 21.058 3.6499999999999995 14.8
    endloop
  endfacet
  facet normal 0.05233595624294511 -0.9986295347545737 0
    outer loop
      vertex 21.058 3.6499999999999995 24.6
      vertex 21.058 3.6499999999999995 14.8
      vertex 21.261830503371925 3.660682304031867 14.8
    endloop
  endfacet
  facet normal 0.15643446504023029 -0.9876883405951378 0
    outer loop
      vertex 21.261830503371925 3.660682304031867 24.6
      vertex 21.261830503371925 3.660682304031867 14.8
      vertex 21.46342779709463 3.6926121785690786 14.8
    endloop
  endfacet
  facet normal 0.2588190451025235 -0.9659258262890675 0
    outer loop
      vertex 21.46342779709463 3.6926121785690786 24.6
      vertex 21.46342779709463 3.6926121785690786 14.8
      vertex 21.660583139031147 3.7454397932244503 14.8
    endloop
  endfacet
  facet normal 0.3583679495452982 -0.9335804264972026 0
    outer loop
      vertex 21.660583139031147 3.7454397932244503 24.6
      vertex 21.660583139031147 3.7454397932244503 14.8
      vertex 21.85113645399781 3.818586357596928 14.8
    endloop
  endfacet
  facet normal -0.3583679495452982 -0.9335804264972026 0
    outer loop
      vertex 20.26486354600219 3.818586357596928 24.6
      vertex 20.26486354600219 3.818586357596928 14.8
      vertex 20.455416860968853 3.7454397932244503 14.8
    endloop
  endfacet
  facet normal -0.4539904997395454 -0.8910065241883685 0
    outer loop
      vertex 20.083 3.9112504626203446 24.6
      vertex 20.083 3.9112504626203446 14.8
      vertex 20.26486354600219 3.818586357596928 14.8
    endloop
  endfacet
  facet normal 0.4539904997395454 -0.8910065241883685 0
    outer loop
      vertex 21.85113645399781 3.818586357596928 24.6
      vertex 21.85113645399781 3.818586357596928 14.8
      vertex 22.033 3.9112504626203446 14.8
    endloop
  endfacet
  facet normal 0.5446390350150326 -0.8386705679454205 0
    outer loop
      vertex 22.033 3.9112504626203446 24.6
      vertex 22.033 3.9112504626203446 14.8
      vertex 22.20418124197032 4.022416860968852 14.8
    endloop
  endfacet
  facet normal -0.5446390350150326 -0.8386705679454205 0
    outer loop
      vertex 19.91181875802968 4.022416860968852 24.6
      vertex 20.083 3.9112504626203446 14.8
      vertex 20.083 3.9112504626203446 24.6
    endloop
  endfacet
  facet normal -0.3583679495452982 -0.9335804264972026 0
    outer loop
      vertex 20.26486354600219 3.818586357596928 24.6
      vertex 20.455416860968853 3.7454397932244503 14.8
      vertex 20.455416860968853 3.7454397932244503 24.6
    endloop
  endfacet
  facet normal -0.2588190451025235 -0.9659258262890675 0
    outer loop
      vertex 20.455416860968853 3.7454397932244503 24.6
      vertex 20.652572202905368 3.6926121785690786 14.8
      vertex 20.652572202905368 3.6926121785690786 24.6
    endloop
  endfacet
  facet normal -0.15643446504023029 -0.9876883405951378 0
    outer loop
      vertex 20.652572202905368 3.6926121785690786 24.6
      vertex 20.854169496628074 3.660682304031867 14.8
      vertex 20.854169496628074 3.660682304031867 24.6
    endloop
  endfacet
  facet normal -0.05233595624294511 -0.9986295347545737 0
    outer loop
      vertex 20.854169496628074 3.660682304031867 24.6
      vertex 21.058 3.6499999999999995 14.8
      vertex 21.058 3.6499999999999995 24.6
    endloop
  endfacet
  facet normal 0.05233595624294511 -0.9986295347545737 0
    outer loop
      vertex 21.058 3.6499999999999995 24.6
      vertex 21.261830503371925 3.660682304031867 14.8
      vertex 21.261830503371925 3.660682304031867 24.6
    endloop
  endfacet
  facet normal 0.15643446504023029 -0.9876883405951378 0
    outer loop
      vertex 21.261830503371925 3.660682304031867 24.6
      vertex 21.46342779709463 3.6926121785690786 14.8
      vertex 21.46342779709463 3.6926121785690786 24.6
    endloop
  endfacet
  facet normal 0.2588190451025235 -0.9659258262890675 0
    outer loop
      vertex 21.46342779709463 3.6926121785690786 24.6
      vertex 21.660583139031147 3.7454397932244503 14.8
      vertex 21.660583139031147 3.7454397932244503 24.6
    endloop
  endfacet
  facet normal -0.4539904997395454 -0.8910065241883685 0
    outer loop
      vertex 20.26486354600219 3.818586357596928 24.6
      vertex 20.083 3.9112504626203446 24.6
      vertex 20.26486354600219 3.818586357596928 14.8
    endloop
  endfacet
  facet normal 0.3583679495452982 -0.9335804264972026 0
    outer loop
      vertex 21.660583139031147 3.7454397932244503 24.6
      vertex 21.85113645399781 3.818586357596928 14.8
      vertex 21.85113645399781 3.818586357596928 24.6
    endloop
  endfacet
  facet normal 0.4539904997395454 -0.8910065241883685 0
    outer loop
      vertex 21.85113645399781 3.818586357596928 24.6
      vertex 22.033 3.9112504626203446 14.8
      vertex 22.033 3.9112504626203446 24.6
    endloop
  endfacet
  facet normal -0.5446390350150326 -0.8386705679454205 0
    outer loop
      vertex 19.91181875802968 4.022416860968852 24.6
      vertex 19.91181875802968 4.022416860968852 14.8
      vertex 20.083 3.9112504626203446 14.8
    endloop
  endfacet
  facet normal -0.6293203910498343 -0.7771459614569733 0
    outer loop
      vertex 19.753195317600227 4.150867590319081 24.6
      vertex 19.753195317600227 4.150867590319081 14.8
      vertex 19.91181875802968 4.022416860968852 14.8
    endloop
  endfacet
  facet normal -0.7071067811865518 -0.7071067811865431 0
    outer loop
      vertex 19.608867590319083 4.295195317600227 24.6
      vertex 19.608867590319083 4.295195317600227 14.8
      vertex 19.753195317600227 4.150867590319081 14.8
    endloop
  endfacet
  facet normal -0.7771459614569652 -0.6293203910498443 0
    outer loop
      vertex 19.48041686096885 4.453818758029677 24.6
      vertex 19.48041686096885 4.453818758029677 14.8
      vertex 19.608867590319083 4.295195317600227 14.8
    endloop
  endfacet
  facet normal -0.8386705679454222 -0.5446390350150297 0
    outer loop
      vertex 19.369250462620343 4.625 24.6
      vertex 19.369250462620343 4.625 14.8
      vertex 19.48041686096885 4.453818758029677 14.8
    endloop
  endfacet
  facet normal -0.8910065241883738 -0.45399049973953515 0
    outer loop
      vertex 19.27658635759693 4.806863546002189 24.6
      vertex 19.27658635759693 4.806863546002189 14.8
      vertex 19.369250462620343 4.625 14.8
    endloop
  endfacet
  facet normal 0.6293203910498343 -0.7771459614569733 0
    outer loop
      vertex 22.20418124197032 4.022416860968852 24.6
      vertex 22.20418124197032 4.022416860968852 14.8
      vertex 22.362804682399773 4.150867590319081 14.8
    endloop
  endfacet
  facet normal 0.7071067811865518 -0.7071067811865431 0
    outer loop
      vertex 22.362804682399773 4.150867590319081 24.6
      vertex 22.362804682399773 4.150867590319081 14.8
      vertex 22.507132409680917 4.295195317600227 14.8
    endloop
  endfacet
  facet normal 0.7771459614569652 -0.6293203910498443 0
    outer loop
      vertex 22.507132409680917 4.295195317600227 24.6
      vertex 22.507132409680917 4.295195317600227 14.8
      vertex 22.635583139031148 4.453818758029677 14.8
    endloop
  endfacet
  facet normal 0.8386705679454222 -0.5446390350150297 0
    outer loop
      vertex 22.635583139031148 4.453818758029677 24.6
      vertex 22.635583139031148 4.453818758029677 14.8
      vertex 22.746749537379657 4.625 14.8
    endloop
  endfacet
  facet normal 0.8910065241883738 -0.45399049973953515 0
    outer loop
      vertex 22.746749537379657 4.625 24.6
      vertex 22.746749537379657 4.625 14.8
      vertex 22.83941364240307 4.806863546002189 14.8
    endloop
  endfacet
  facet normal -0.9335804264971999 -0.3583679495453053 0
    outer loop
      vertex 19.20343979322445 4.997416860968852 24.6
      vertex 19.20343979322445 4.997416860968852 14.8
      vertex 19.27658635759693 4.806863546002189 14.8
    endloop
  endfacet
  facet normal -0.9659258262890692 -0.25881904510251724 0
    outer loop
      vertex 19.15061217856908 5.194572202905369 24.6
      vertex 19.15061217856908 5.194572202905369 14.8
      vertex 19.20343979322445 4.997416860968852 14.8
    endloop
  endfacet
  facet normal -0.9876883405951375 -0.15643446504023245 0
    outer loop
      vertex 19.118682304031868 5.396169496628075 24.6
      vertex 19.118682304031868 5.396169496628075 14.8
      vertex 19.15061217856908 5.194572202905369 14.8
    endloop
  endfacet
  facet normal -0.9986295347545738 -0.05233595624294535 0
    outer loop
      vertex 19.108 5.6 24.6
      vertex 19.108 5.6 14.8
      vertex 19.118682304031868 5.396169496628075 14.8
    endloop
  endfacet
  facet normal 0.9335804264971999 -0.3583679495453053 0
    outer loop
      vertex 22.83941364240307 4.806863546002189 24.6
      vertex 22.83941364240307 4.806863546002189 14.8
      vertex 22.91256020677555 4.997416860968852 14.8
    endloop
  endfacet
  facet normal 0.9659258262890692 -0.25881904510251724 0
    outer loop
      vertex 22.91256020677555 4.997416860968852 24.6
      vertex 22.91256020677555 4.997416860968852 14.8
      vertex 22.96538782143092 5.194572202905369 14.8
    endloop
  endfacet
  facet normal 0.9876883405951375 -0.15643446504023245 0
    outer loop
      vertex 22.96538782143092 5.194572202905369 24.6
      vertex 22.96538782143092 5.194572202905369 14.8
      vertex 22.997317695968132 5.396169496628075 14.8
    endloop
  endfacet
  facet normal 0.9986295347545738 -0.05233595624294535 0
    outer loop
      vertex 22.997317695968132 5.396169496628075 24.6
      vertex 22.997317695968132 5.396169496628075 14.8
      vertex 23.008 5.6 14.8
    endloop
  endfacet
  facet normal -0.6293203910498343 -0.7771459614569733 0
    outer loop
      vertex 19.91181875802968 4.022416860968852 24.6
      vertex 19.753195317600227 4.150867590319081 24.6
      vertex 19.91181875802968 4.022416860968852 14.8
    endloop
  endfacet
  facet normal -0.7071067811865518 -0.7071067811865431 0
    outer loop
      vertex 19.608867590319083 4.295195317600227 24.6
      vertex 19.753195317600227 4.150867590319081 14.8
      vertex 19.753195317600227 4.150867590319081 24.6
    endloop
  endfacet
  facet normal -0.7771459614569652 -0.6293203910498443 0
    outer loop
      vertex 19.48041686096885 4.453818758029677 24.6
      vertex 19.608867590319083 4.295195317600227 14.8
      vertex 19.608867590319083 4.295195317600227 24.6
    endloop
  endfacet
  facet normal -0.8386705679454222 -0.5446390350150297 0
    outer loop
      vertex 19.48041686096885 4.453818758029677 24.6
      vertex 19.369250462620343 4.625 24.6
      vertex 19.48041686096885 4.453818758029677 14.8
    endloop
  endfacet
  facet normal -0.8910065241883738 -0.45399049973953515 0
    outer loop
      vertex 19.27658635759693 4.806863546002189 24.6
      vertex 19.369250462620343 4.625 14.8
      vertex 19.369250462620343 4.625 24.6
    endloop
  endfacet
  facet normal 0.5446390350150326 -0.8386705679454205 0
    outer loop
      vertex 22.033 3.9112504626203446 24.6
      vertex 22.20418124197032 4.022416860968852 14.8
      vertex 22.20418124197032 4.022416860968852 24.6
    endloop
  endfacet
  facet normal 0.6293203910498343 -0.7771459614569733 0
    outer loop
      vertex 22.20418124197032 4.022416860968852 24.6
      vertex 22.362804682399773 4.150867590319081 14.8
      vertex 22.362804682399773 4.150867590319081 24.6
    endloop
  endfacet
  facet normal 0.7071067811865518 -0.7071067811865431 0
    outer loop
      vertex 22.362804682399773 4.150867590319081 24.6
      vertex 22.507132409680917 4.295195317600227 14.8
      vertex 22.507132409680917 4.295195317600227 24.6
    endloop
  endfacet
  facet normal 0.7771459614569652 -0.6293203910498443 0
    outer loop
      vertex 22.507132409680917 4.295195317600227 24.6
      vertex 22.635583139031148 4.453818758029677 14.8
      vertex 22.635583139031148 4.453818758029677 24.6
    endloop
  endfacet
  facet normal 0.8386705679454222 -0.5446390350150297 0
    outer loop
      vertex 22.635583139031148 4.453818758029677 24.6
      vertex 22.746749537379657 4.625 14.8
      vertex 22.746749537379657 4.625 24.6
    endloop
  endfacet
  facet normal 0.8910065241883738 -0.45399049973953515 0
    outer loop
      vertex 22.746749537379657 4.625 24.6
      vertex 22.83941364240307 4.806863546002189 14.8
      vertex 22.83941364240307 4.806863546002189 24.6
    endloop
  endfacet
  facet normal -0.9335804264971999 -0.3583679495453053 0
    outer loop
      vertex 19.27658635759693 4.806863546002189 24.6
      vertex 19.20343979322445 4.997416860968852 24.6
      vertex 19.27658635759693 4.806863546002189 14.8
    endloop
  endfacet
  facet normal -0.9659258262890692 -0.25881904510251724 0
    outer loop
      vertex 19.20343979322445 4.997416860968852 24.6
      vertex 19.15061217856908 5.194572202905369 24.6
      vertex 19.20343979322445 4.997416860968852 14.8
    endloop
  endfacet
  facet normal -0.9876883405951375 -0.15643446504023245 0
    outer loop
      vertex 19.15061217856908 5.194572202905369 24.6
      vertex 19.118682304031868 5.396169496628075 24.6
      vertex 19.15061217856908 5.194572202905369 14.8
    endloop
  endfacet
  facet normal -0.9986295347545738 -0.05233595624294535 0
    outer loop
      vertex 19.118682304031868 5.396169496628075 24.6
      vertex 19.108 5.6 24.6
      vertex 19.118682304031868 5.396169496628075 14.8
    endloop
  endfacet
  facet normal 0.9335804264971999 -0.3583679495453053 0
    outer loop
      vertex 22.83941364240307 4.806863546002189 24.6
      vertex 22.91256020677555 4.997416860968852 14.8
      vertex 22.91256020677555 4.997416860968852 24.6
    endloop
  endfacet
  facet normal 0.9659258262890692 -0.25881904510251724 0
    outer loop
      vertex 22.91256020677555 4.997416860968852 24.6
      vertex 22.96538782143092 5.194572202905369 14.8
      vertex 22.96538782143092 5.194572202905369 24.6
    endloop
  endfacet
  facet normal 0.9876883405951375 -0.15643446504023245 0
    outer loop
      vertex 22.96538782143092 5.194572202905369 24.6
      vertex 22.997317695968132 5.396169496628075 14.8
      vertex 22.997317695968132 5.396169496628075 24.6
    endloop
  endfacet
  facet normal 0.9986295347545738 -0.05233595624294535 0
    outer loop
      vertex 22.997317695968132 5.396169496628075 24.6
      vertex 23.008 5.6 14.8
      vertex 23.008 5.6 24.6
    endloop
  endfacet
  facet normal 0 0 1
    outer loop
      vertex 19.91181875802968 4.022416860968852 24.6
      vertex 20.083 3.9112504626203446 24.6
      vertex 19.91181875802968 7.177583139031147 24.6
    endloop
  endfacet
  facet normal 0 0 1
    outer loop
      vertex 19.91181875802968 4.022416860968852 24.6
      vertex 19.753195317600227 7.049132409680919 24.6
      vertex 19.753195317600227 4.150867590319081 24.6
    endloop
  endfacet
  facet normal 0 0 1
    outer loop
      vertex 19.48041686096885 4.453818758029677 24.6
      vertex 19.608867590319083 4.295195317600227 24.6
      vertex 19.48041686096885 6.746181241970322 24.6
    endloop
  endfacet
  facet normal 0 0 1
    outer loop
      vertex 19.608867590319083 4.295195317600227 24.6
      vertex 19.753195317600227 4.150867590319081 24.6
      vertex 19.608867590319083 6.904804682399773 24.6
    endloop
  endfacet
  facet normal 0 0 1
    outer loop
      vertex 19.48041686096885 4.453818758029677 24.6
      vertex 19.369250462620343 6.574999999999999 24.6
      vertex 19.369250462620343 4.625 24.6
    endloop
  endfacet
  facet normal 0 0 1
    outer loop
      vertex 19.27658635759693 4.806863546002189 24.6
      vertex 19.369250462620343 4.625 24.6
      vertex 19.27658635759693 6.39313645399781 24.6
    endloop
  endfacet
  facet normal 0 0 1
    outer loop
      vertex 19.27658635759693 4.806863546002189 24.6
      vertex 19.20343979322445 6.202583139031147 24.6
      vertex 19.20343979322445 4.997416860968852 24.6
    endloop
  endfacet
  facet normal 0 0 1
    outer loop
      vertex 19.20343979322445 4.997416860968852 24.6
      vertex 19.15061217856908 6.00542779709463 24.6
      vertex 19.15061217856908 5.194572202905369 24.6
    endloop
  endfacet
  facet normal 0 0 1
    outer loop
      vertex 19.15061217856908 5.194572202905369 24.6
      vertex 19.118682304031868 5.803830503371924 24.6
      vertex 19.118682304031868 5.396169496628075 24.6
    endloop
  endfacet
  facet normal 0 0 1
    outer loop
      vertex 19.118682304031868 5.396169496628075 24.6
      vertex 19.118682304031868 5.803830503371924 24.6
      vertex 19.108 5.6 24.6
    endloop
  endfacet
  facet normal 0 0 1
    outer loop
      vertex 20.26486354600219 3.818586357596928 24.6
      vertex 20.455416860968853 3.7454397932244503 24.6
      vertex 20.26486354600219 7.381413642403071 24.6
    endloop
  endfacet
  facet normal 0 0 1
    outer loop
      vertex 20.455416860968853 3.7454397932244503 24.6
      vertex 20.652572202905368 3.6926121785690786 24.6
      vertex 20.455416860968853 7.4545602067755485 24.6
    endloop
  endfacet
  facet normal 0 0 1
    outer loop
      vertex 20.652572202905368 3.6926121785690786 24.6
      vertex 20.854169496628074 3.660682304031867 24.6
      vertex 20.652572202905368 7.507387821430921 24.6
    endloop
  endfacet
  facet normal 0 0 1
    outer loop
      vertex 20.854169496628074 3.660682304031867 24.6
      vertex 21.058 3.6499999999999995 24.6
      vertex 20.854169496628074 7.5393176959681325 24.6
    endloop
  endfacet
  facet normal 0 0 1
    outer loop
      vertex 21.058 3.6499999999999995 24.6
      vertex 21.261830503371925 3.660682304031867 24.6
      vertex 21.058 7.55 24.6
    endloop
  endfacet
  facet normal 0 0 1
    outer loop
      vertex 21.261830503371925 3.660682304031867 24.6
      vertex 21.46342779709463 3.6926121785690786 24.6
      vertex 21.261830503371925 7.5393176959681325 24.6
    endloop
  endfacet
  facet normal 0 0 1
    outer loop
      vertex 21.46342779709463 3.6926121785690786 24.6
      vertex 21.660583139031147 3.7454397932244503 24.6
      vertex 21.46342779709463 7.507387821430921 24.6
    endloop
  endfacet
  facet normal 0 0 1
    outer loop
      vertex 20.26486354600219 3.818586357596928 24.6
      vertex 20.083 7.288749537379655 24.6
      vertex 20.083 3.9112504626203446 24.6
    endloop
  endfacet
  facet normal 0 0 1
    outer loop
      vertex 21.660583139031147 3.7454397932244503 24.6
      vertex 21.85113645399781 3.818586357596928 24.6
      vertex 21.660583139031147 7.4545602067755485 24.6
    endloop
  endfacet
  facet normal 0 0 1
    outer loop
      vertex 21.85113645399781 3.818586357596928 24.6
      vertex 22.033 3.9112504626203446 24.6
      vertex 21.85113645399781 7.381413642403071 24.6
    endloop
  endfacet
  facet normal 0 0 1
    outer loop
      vertex 22.033 3.9112504626203446 24.6
      vertex 22.20418124197032 4.022416860968852 24.6
      vertex 22.033 7.288749537379655 24.6
    endloop
  endfacet
  facet normal 0 0 1
    outer loop
      vertex 22.20418124197032 4.022416860968852 24.6
      vertex 22.362804682399773 4.150867590319081 24.6
      vertex 22.20418124197032 7.177583139031147 24.6
    endloop
  endfacet
  facet normal 0 0 1
    outer loop
      vertex 22.362804682399773 4.150867590319081 24.6
      vertex 22.507132409680917 4.295195317600227 24.6
      vertex 22.362804682399773 7.049132409680919 24.6
    endloop
  endfacet
  facet normal 0 0 1
    outer loop
      vertex 22.507132409680917 4.295195317600227 24.6
      vertex 22.635583139031148 4.453818758029677 24.6
      vertex 22.507132409680917 6.904804682399773 24.6
    endloop
  endfacet
  facet normal 0 0 1
    outer loop
      vertex 22.635583139031148 4.453818758029677 24.6
      vertex 22.746749537379657 4.625 24.6
      vertex 22.635583139031148 6.746181241970322 24.6
    endloop
  endfacet
  facet normal 0 0 1
    outer loop
      vertex 22.746749537379657 4.625 24.6
      vertex 22.83941364240307 4.806863546002189 24.6
      vertex 22.746749537379657 6.574999999999999 24.6
    endloop
  endfacet
  facet normal 0 0 1
    outer loop
      vertex 22.83941364240307 4.806863546002189 24.6
      vertex 22.91256020677555 4.997416860968852 24.6
      vertex 22.83941364240307 6.39313645399781 24.6
    endloop
  endfacet
  facet normal 0 0 1
    outer loop
      vertex 22.91256020677555 4.997416860968852 24.6
      vertex 22.96538782143092 5.194572202905369 24.6
      vertex 22.91256020677555 6.202583139031147 24.6
    endloop
  endfacet
  facet normal 0 0 1
    outer loop
      vertex 22.96538782143092 5.194572202905369 24.6
      vertex 22.997317695968132 5.396169496628075 24.6
      vertex 22.96538782143092 6.00542779709463 24.6
    endloop
  endfacet
  facet normal 0 0 1
    outer loop
      vertex 22.997317695968132 5.396169496628075 24.6
      vertex 23.008 5.6 24.6
      vertex 22.997317695968132 5.803830503371924 24.6
    endloop
  endfacet
  facet normal 0 0 -1
    outer loop
      vertex 17.825803840053112 5.260282494380126 9.6
      vertex 17.825803840053112 5.939717505619873 9.6
      vertex 17.87902029761513 6.2757129951577175 9.6
    endloop
  endfacet
  facet normal 0 0 -1
    outer loop
      vertex 17.87902029761513 4.924287004842282 9.6
      vertex 17.87902029761513 6.2757129951577175 9.6
      vertex 17.96706632204075 6.604305231718579 9.6
    endloop
  endfacet
  facet normal -0.9986295347545737 0.05233595624294548 0
    outer loop
      vertex 17.808 5.6 9.6
      vertex 17.825803840053112 5.939717505619873 14.8
      vertex 17.825803840053112 5.939717505619873 9.6
    endloop
  endfacet
  facet normal 0 0 -1
    outer loop
      vertex 17.96706632204075 4.595694768281421 9.6
      vertex 17.96706632204075 6.604305231718579 9.6
      vertex 18.088977262661547 6.92189408999635 9.6
    endloop
  endfacet
  facet normal 0 0 -1
    outer loop
      vertex 18.088977262661547 4.278105910003649 9.6
      vertex 18.088977262661547 6.92189408999635 9.6
      vertex 18.243417437700575 7.225 9.6
    endloop
  endfacet
  facet normal 0 0 -1
    outer loop
      vertex 18.243417437700575 3.9749999999999996 9.6
      vertex 18.243417437700575 7.225 9.6
      vertex 18.42869476828142 7.510302069950537 9.6
    endloop
  endfacet
  facet normal 0 0 -1
    outer loop
      vertex 18.42869476828142 3.689697930049462 9.6
      vertex 18.42869476828142 7.510302069950537 9.6
      vertex 18.642779317198467 7.774674470666289 9.6
    endloop
  endfacet
  facet normal 0 0 -1
    outer loop
      vertex 18.642779317198467 3.42532552933371 9.6
      vertex 18.642779317198467 7.774674470666289 9.6
      vertex 18.88332552933371 8.01522068280153 9.6
    endloop
  endfacet
  facet normal -0.9876883405951381 0.15643446504022862 0
    outer loop
      vertex 17.825803840053112 5.939717505619873 9.6
      vertex 17.87902029761513 6.2757129951577175 14.8
      vertex 17.87902029761513 6.2757129951577175 9.6
    endloop
  endfacet
  facet normal 0 0 -1
    outer loop
      vertex 23.23267447066629 3.184779317198468 9.6
      vertex 23.23267447066629 8.01522068280153 9.6
      vertex 23.473220682801532 7.774674470666289 9.6
    endloop
  endfacet
  facet normal 0 0 -1
    outer loop
      vertex 22.96830206995054 2.9706947682814207 9.6
      vertex 22.96830206995054 8.229305231718579 9.6
      vertex 23.23267447066629 8.01522068280153 9.6
    endloop
  endfacet
  facet normal -0.9986295347545737 0.05233595624294548 0
    outer loop
      vertex 17.808 5.6 9.6
      vertex 17.808 5.6 14.8
      vertex 17.825803840053112 5.939717505619873 14.8
    endloop
  endfacet
  facet normal -0.9876883405951381 0.15643446504022862 0
    outer loop
      vertex 17.825803840053112 5.939717505619873 9.6
      vertex 17.825803840053112 5.939717505619873 14.8
      vertex 17.87902029761513 6.2757129951577175 14.8
    endloop
  endfacet
  facet normal -0.9659258262890683 0.2588190451025207 0
    outer loop
      vertex 17.87902029761513 6.2757129951577175 9.6
      vertex 17.87902029761513 6.2757129951577175 14.8
      vertex 17.96706632204075 6.604305231718579 14.8
    endloop
  endfacet
  facet normal 0 0 -1
    outer loop
      vertex 18.88332552933371 3.184779317198468 9.6
      vertex 18.88332552933371 8.01522068280153 9.6
      vertex 19.14769793004946 8.229305231718579 9.6
    endloop
  endfacet
  facet normal 0 0 -1
    outer loop
      vertex 19.14769793004946 2.9706947682814207 9.6
      vertex 19.14769793004946 8.229305231718579 9.6
      vertex 19.433 8.414582562299426 9.6
    endloop
  endfacet
  facet normal 0 0 -1
    outer loop
      vertex 19.433 2.7854174377005743 9.6
      vertex 19.433 8.414582562299426 9.6
      vertex 19.736105910003648 8.569022737338452 9.6
    endloop
  endfacet
  facet normal 0 0 -1
    outer loop
      vertex 19.736105910003648 2.630977262661547 9.6
      vertex 19.736105910003648 8.569022737338452 9.6
      vertex 20.05369476828142 8.690933677959249 9.6
    endloop
  endfacet
  facet normal -0.9659258262890683 0.2588190451025207 0
    outer loop
      vertex 17.87902029761513 6.2757129951577175 9.6
      vertex 17.96706632204075 6.604305231718579 14.8
      vertex 17.96706632204075 6.604305231718579 9.6
    endloop
  endfacet
  facet normal -0.9335804264972009 0.35836794954530254 0
    outer loop
      vertex 17.96706632204075 6.604305231718579 9.6
      vertex 18.088977262661547 6.92189408999635 14.8
      vertex 18.088977262661547 6.92189408999635 9.6
    endloop
  endfacet
  facet normal -0.8910065241883675 0.4539904997395476 0
    outer loop
      vertex 18.088977262661547 6.92189408999635 9.6
      vertex 18.243417437700575 7.225 14.8
      vertex 18.243417437700575 7.225 9.6
    endloop
  endfacet
  facet normal 0 0 -1
    outer loop
      vertex 20.05369476828142 2.5090663220407508 9.6
      vertex 20.05369476828142 8.690933677959249 9.6
      vertex 20.382287004842283 8.778979702384868 9.6
    endloop
  endfacet
  facet normal 0 0 -1
    outer loop
      vertex 20.382287004842283 2.421020297615131 9.6
      vertex 20.382287004842283 8.778979702384868 9.6
      vertex 20.718282494380126 8.832196159946887 9.6
    endloop
  endfacet
  facet normal 0 0 -1
    outer loop
      vertex 20.718282494380126 2.3678038400531114 9.6
      vertex 20.718282494380126 8.832196159946887 9.6
      vertex 21.058 8.85 9.6
    endloop
  endfacet
  facet normal 0 0 -1
    outer loop
      vertex 21.058 2.3499999999999996 9.6
      vertex 21.058 8.85 9.6
      vertex 21.397717505619873 8.832196159946887 9.6
    endloop
  endfacet
  facet normal 0 0 -1
    outer loop
      vertex 21.397717505619873 2.3678038400531114 9.6
      vertex 21.397717505619873 8.832196159946887 9.6
      vertex 21.733712995157717 8.778979702384868 9.6
    endloop
  endfacet
  facet normal 0 0 -1
    outer loop
      vertex 22.06230523171858 2.5090663220407508 9.6
      vertex 22.06230523171858 8.690933677959249 9.6
      vertex 22.379894089996352 8.569022737338452 9.6
    endloop
  endfacet
  facet normal 0 0 -1
    outer loop
      vertex 22.379894089996352 2.630977262661547 9.6
      vertex 22.379894089996352 8.569022737338452 9.6
      vertex 22.683 8.414582562299426 9.6
    endloop
  endfacet
  facet normal 0 0 -1
    outer loop
      vertex 22.683 2.7854174377005743 9.6
      vertex 22.683 8.414582562299426 9.6
      vertex 22.96830206995054 8.229305231718579 9.6
    endloop
  endfacet
  facet normal 0 0 -1
    outer loop
      vertex 21.733712995157717 2.421020297615131 9.6
      vertex 21.733712995157717 8.778979702384868 9.6
      vertex 22.06230523171858 8.690933677959249 9.6
    endloop
  endfacet
  facet normal -0.9335804264972009 0.35836794954530254 0
    outer loop
      vertex 17.96706632204075 6.604305231718579 9.6
      vertex 17.96706632204075 6.604305231718579 14.8
      vertex 18.088977262661547 6.92189408999635 14.8
    endloop
  endfacet
  facet normal -0.8910065241883675 0.4539904997395476 0
    outer loop
      vertex 18.088977262661547 6.92189408999635 9.6
      vertex 18.088977262661547 6.92189408999635 14.8
      vertex 18.243417437700575 7.225 14.8
    endloop
  endfacet
  facet normal 0 0 1
    outer loop
      vertex 17.87902029761513 4.924287004842282 14.8
      vertex 17.87902029761513 6.2757129951577175 14.8
      vertex 17.825803840053112 5.939717505619873 14.8
    endloop
  endfacet
  facet normal 0 0 1
    outer loop
      vertex 17.96706632204075 4.595694768281421 14.8
      vertex 17.96706632204075 6.604305231718579 14.8
      vertex 17.87902029761513 6.2757129951577175 14.8
    endloop
  endfacet
  facet normal 0 0 1
    outer loop
      vertex 18.088977262661547 4.278105910003649 14.8
      vertex 18.088977262661547 6.92189408999635 14.8
      vertex 17.96706632204075 6.604305231718579 14.8
    endloop
  endfacet
  facet normal 0 0 1
    outer loop
      vertex 18.243417437700575 3.9749999999999996 14.8
      vertex 18.243417437700575 7.225 14.8
      vertex 18.088977262661547 6.92189408999635 14.8
    endloop
  endfacet
  facet normal 0 0 1
    outer loop
      vertex 18.42869476828142 3.689697930049462 14.8
      vertex 18.42869476828142 7.510302069950537 14.8
      vertex 18.243417437700575 7.225 14.8
    endloop
  endfacet
  facet normal 0 0 1
    outer loop
      vertex 18.642779317198467 3.42532552933371 14.8
      vertex 18.642779317198467 7.774674470666289 14.8
      vertex 18.42869476828142 7.510302069950537 14.8
    endloop
  endfacet
  facet normal 0 0 1
    outer loop
      vertex 18.88332552933371 3.184779317198468 14.8
      vertex 18.88332552933371 8.01522068280153 14.8
      vertex 18.642779317198467 7.774674470666289 14.8
    endloop
  endfacet
  facet normal 0 0 1
    outer loop
      vertex 18.88332552933371 8.01522068280153 14.8
      vertex 19.118682304031868 5.396169496628075 14.8
      vertex 19.108 5.6 14.8
    endloop
  endfacet
  facet normal 0 0 1
    outer loop
      vertex 23.23267447066629 3.184779317198468 14.8
      vertex 22.96830206995054 8.229305231718579 14.8
      vertex 22.997317695968132 5.803830503371924 14.8
    endloop
  endfacet
  facet normal 0 0 1
    outer loop
      vertex 23.473220682801532 3.42532552933371 14.8
      vertex 23.473220682801532 7.774674470666289 14.8
      vertex 23.23267447066629 8.01522068280153 14.8
    endloop
  endfacet
  facet normal 0 0 1
    outer loop
      vertex 18.88332552933371 8.01522068280153 14.8
      vertex 19.108 5.6 14.8
      vertex 19.118682304031868 5.803830503371924 14.8
    endloop
  endfacet
  facet normal 0 0 1
    outer loop
      vertex 19.14769793004946 8.229305231718579 14.8
      vertex 19.118682304031868 5.803830503371924 14.8
      vertex 19.15061217856908 6.00542779709463 14.8
    endloop
  endfacet
  facet normal 0 0 1
    outer loop
      vertex 19.14769793004946 8.229305231718579 14.8
      vertex 19.15061217856908 6.00542779709463 14.8
      vertex 19.20343979322445 6.202583139031147 14.8
    endloop
  endfacet
  facet normal 0 0 1
    outer loop
      vertex 19.14769793004946 8.229305231718579 14.8
      vertex 19.20343979322445 6.202583139031147 14.8
      vertex 19.27658635759693 6.39313645399781 14.8
    endloop
  endfacet
  facet normal 0 0 1
    outer loop
      vertex 19.14769793004946 8.229305231718579 14.8
      vertex 19.27658635759693 6.39313645399781 14.8
      vertex 19.369250462620343 6.574999999999999 14.8
    endloop
  endfacet
  facet normal 0 0 1
    outer loop
      vertex 23.23267447066629 3.184779317198468 14.8
      vertex 23.23267447066629 8.01522068280153 14.8
      vertex 22.96830206995054 8.229305231718579 14.8
    endloop
  endfacet
  facet normal 0 0 1
    outer loop
      vertex 22.96830206995054 8.229305231718579 14.8
      vertex 22.96538782143092 6.00542779709463 14.8
      vertex 22.997317695968132 5.803830503371924 14.8
    endloop
  endfacet
  facet normal 0 0 1
    outer loop
      vertex 22.96830206995054 8.229305231718579 14.8
      vertex 22.91256020677555 6.202583139031147 14.8
      vertex 22.96538782143092 6.00542779709463 14.8
    endloop
  endfacet
  facet normal 0 0 1
    outer loop
      vertex 22.96830206995054 8.229305231718579 14.8
      vertex 22.83941364240307 6.39313645399781 14.8
      vertex 22.91256020677555 6.202583139031147 14.8
    endloop
  endfacet
  facet normal 0 0 1
    outer loop
      vertex 22.96830206995054 8.229305231718579 14.8
      vertex 22.746749537379657 6.574999999999999 14.8
      vertex 22.83941364240307 6.39313645399781 14.8
    endloop
  endfacet
  facet normal -0.8386705679454253 0.5446390350150252 0
    outer loop
      vertex 18.243417437700575 7.225 9.6
      vertex 18.42869476828142 7.510302069950537 14.8
      vertex 18.42869476828142 7.510302069950537 9.6
    endloop
  endfacet
  facet normal -0.7771459614569731 0.6293203910498346 0
    outer loop
      vertex 18.42869476828142 7.510302069950537 9.6
      vertex 18.642779317198467 7.774674470666289 14.8
      vertex 18.642779317198467 7.774674470666289 9.6
    endloop
  endfacet
  facet normal -0.7071067811865449 0.7071067811865502 0
    outer loop
      vertex 18.642779317198467 7.774674470666289 9.6
      vertex 18.88332552933371 8.01522068280153 14.8
      vertex 18.88332552933371 8.01522068280153 9.6
    endloop
  endfacet
  facet normal 0.7071067811865449 0.7071067811865502 0
    outer loop
      vertex 23.23267447066629 8.01522068280153 9.6
      vertex 23.473220682801532 7.774674470666289 14.8
      vertex 23.473220682801532 7.774674470666289 9.6
    endloop
  endfacet
  facet normal -0.8386705679454253 0.5446390350150252 0
    outer loop
      vertex 18.243417437700575 7.225 9.6
      vertex 18.243417437700575 7.225 14.8
      vertex 18.42869476828142 7.510302069950537 14.8
    endloop
  endfacet
  facet normal -0.7771459614569731 0.6293203910498346 0
    outer loop
      vertex 18.42869476828142 7.510302069950537 9.6
      vertex 18.42869476828142 7.510302069950537 14.8
      vertex 18.642779317198467 7.774674470666289 14.8
    endloop
  endfacet
  facet normal -0.7071067811865449 0.7071067811865502 0
    outer loop
      vertex 18.642779317198467 7.774674470666289 9.6
      vertex 18.642779317198467 7.774674470666289 14.8
      vertex 18.88332552933371 8.01522068280153 14.8
    endloop
  endfacet
  facet normal 0.7071067811865449 0.7071067811865502 0
    outer loop
      vertex 23.23267447066629 8.01522068280153 9.6
      vertex 23.23267447066629 8.01522068280153 14.8
      vertex 23.473220682801532 7.774674470666289 14.8
    endloop
  endfacet
  facet normal -0.6293203910498404 0.7771459614569685 0
    outer loop
      vertex 18.88332552933371 8.01522068280153 9.6
      vertex 18.88332552933371 8.01522068280153 14.8
      vertex 19.14769793004946 8.229305231718579 9.6
    endloop
  endfacet
  facet normal -0.5446390350150265 0.8386705679454244 0
    outer loop
      vertex 19.14769793004946 8.229305231718579 9.6
      vertex 19.14769793004946 8.229305231718579 14.8
      vertex 19.433 8.414582562299426 9.6
    endloop
  endfacet
  facet normal -0.4539904997395455 0.8910065241883685 0
    outer loop
      vertex 19.433 8.414582562299426 9.6
      vertex 19.433 8.414582562299426 14.8
      vertex 19.736105910003648 8.569022737338452 9.6
    endloop
  endfacet
  facet normal -0.35836794954530077 0.9335804264972014 0
    outer loop
      vertex 19.736105910003648 8.569022737338452 9.6
      vertex 19.736105910003648 8.569022737338452 14.8
      vertex 20.05369476828142 8.690933677959249 9.6
    endloop
  endfacet
  facet normal 0.6293203910498404 0.7771459614569685 0
    outer loop
      vertex 23.23267447066629 8.01522068280153 9.6
      vertex 22.96830206995054 8.229305231718579 9.6
      vertex 22.96830206995054 8.229305231718579 14.8
    endloop
  endfacet
  facet normal 0.5446390350150265 0.8386705679454244 0
    outer loop
      vertex 22.683 8.414582562299426 9.6
      vertex 22.683 8.414582562299426 14.8
      vertex 22.96830206995054 8.229305231718579 9.6
    endloop
  endfacet
  facet normal -0.2588190451025201 0.9659258262890685 0
    outer loop
      vertex 20.05369476828142 8.690933677959249 9.6
      vertex 20.05369476828142 8.690933677959249 14.8
      vertex 20.382287004842283 8.778979702384868 9.6
    endloop
  endfacet
  facet normal -0.156434465040229 0.987688340595138 0
    outer loop
      vertex 20.382287004842283 8.778979702384868 9.6
      vertex 20.382287004842283 8.778979702384868 14.8
      vertex 20.718282494380126 8.832196159946887 9.6
    endloop
  endfacet
  facet normal -0.05233595624294548 0.9986295347545737 0
    outer loop
      vertex 20.718282494380126 8.832196159946887 9.6
      vertex 20.718282494380126 8.832196159946887 14.8
      vertex 21.058 8.85 9.6
    endloop
  endfacet
  facet normal 0.05233595624294548 0.9986295347545737 0
    outer loop
      vertex 21.058 8.85 9.6
      vertex 21.058 8.85 14.8
      vertex 21.397717505619873 8.832196159946887 9.6
    endloop
  endfacet
  facet normal 0.156434465040229 0.987688340595138 0
    outer loop
      vertex 21.397717505619873 8.832196159946887 9.6
      vertex 21.397717505619873 8.832196159946887 14.8
      vertex 21.733712995157717 8.778979702384868 9.6
    endloop
  endfacet
  facet normal 0.4539904997395455 0.8910065241883685 0
    outer loop
      vertex 22.379894089996352 8.569022737338452 9.6
      vertex 22.379894089996352 8.569022737338452 14.8
      vertex 22.683 8.414582562299426 9.6
    endloop
  endfacet
  facet normal 0.35836794954530077 0.9335804264972014 0
    outer loop
      vertex 22.06230523171858 8.690933677959249 9.6
      vertex 22.06230523171858 8.690933677959249 14.8
      vertex 22.379894089996352 8.569022737338452 9.6
    endloop
  endfacet
  facet normal 0.2588190451025201 0.9659258262890685 0
    outer loop
      vertex 21.733712995157717 8.778979702384868 9.6
      vertex 21.733712995157717 8.778979702384868 14.8
      vertex 22.06230523171858 8.690933677959249 9.6
    endloop
  endfacet
  facet normal -0.6293203910498404 0.7771459614569685 0
    outer loop
      vertex 19.14769793004946 8.229305231718579 9.6
      vertex 18.88332552933371 8.01522068280153 14.8
      vertex 19.14769793004946 8.229305231718579 14.8
    endloop
  endfacet
  facet normal -0.5446390350150265 0.8386705679454244 0
    outer loop
      vertex 19.433 8.414582562299426 9.6
      vertex 19.14769793004946 8.229305231718579 14.8
      vertex 19.433 8.414582562299426 14.8
    endloop
  endfacet
  facet normal -0.4539904997395455 0.8910065241883685 0
    outer loop
      vertex 19.736105910003648 8.569022737338452 9.6
      vertex 19.433 8.414582562299426 14.8
      vertex 19.736105910003648 8.569022737338452 14.8
    endloop
  endfacet
  facet normal -0.35836794954530077 0.9335804264972014 0
    outer loop
      vertex 20.05369476828142 8.690933677959249 9.6
      vertex 19.736105910003648 8.569022737338452 14.8
      vertex 20.05369476828142 8.690933677959249 14.8
    endloop
  endfacet
  facet normal 0.6293203910498404 0.7771459614569685 0
    outer loop
      vertex 23.23267447066629 8.01522068280153 9.6
      vertex 22.96830206995054 8.229305231718579 14.8
      vertex 23.23267447066629 8.01522068280153 14.8
    endloop
  endfacet
  facet normal 0.5446390350150265 0.8386705679454244 0
    outer loop
      vertex 22.96830206995054 8.229305231718579 9.6
      vertex 22.683 8.414582562299426 14.8
      vertex 22.96830206995054 8.229305231718579 14.8
    endloop
  endfacet
  facet normal -0.2588190451025201 0.9659258262890685 0
    outer loop
      vertex 20.382287004842283 8.778979702384868 9.6
      vertex 20.05369476828142 8.690933677959249 14.8
      vertex 20.382287004842283 8.778979702384868 14.8
    endloop
  endfacet
  facet normal -0.156434465040229 0.987688340595138 0
    outer loop
      vertex 20.718282494380126 8.832196159946887 9.6
      vertex 20.382287004842283 8.778979702384868 14.8
      vertex 20.718282494380126 8.832196159946887 14.8
    endloop
  endfacet
  facet normal -0.05233595624294548 0.9986295347545737 0
    outer loop
      vertex 20.718282494380126 8.832196159946887 14.8
      vertex 21.058 8.85 14.8
      vertex 21.058 8.85 9.6
    endloop
  endfacet
  facet normal 0.05233595624294548 0.9986295347545737 0
    outer loop
      vertex 21.397717505619873 8.832196159946887 9.6
      vertex 21.058 8.85 14.8
      vertex 21.397717505619873 8.832196159946887 14.8
    endloop
  endfacet
  facet normal 0.156434465040229 0.987688340595138 0
    outer loop
      vertex 21.733712995157717 8.778979702384868 9.6
      vertex 21.397717505619873 8.832196159946887 14.8
      vertex 21.733712995157717 8.778979702384868 14.8
    endloop
  endfacet
  facet normal 0.4539904997395455 0.8910065241883685 0
    outer loop
      vertex 22.683 8.414582562299426 9.6
      vertex 22.379894089996352 8.569022737338452 14.8
      vertex 22.683 8.414582562299426 14.8
    endloop
  endfacet
  facet normal 0.35836794954530077 0.9335804264972014 0
    outer loop
      vertex 22.379894089996352 8.569022737338452 9.6
      vertex 22.06230523171858 8.690933677959249 14.8
      vertex 22.379894089996352 8.569022737338452 14.8
    endloop
  endfacet
  facet normal 0.2588190451025201 0.9659258262890685 0
    outer loop
      vertex 22.06230523171858 8.690933677959249 9.6
      vertex 21.733712995157717 8.778979702384868 14.8
      vertex 22.06230523171858 8.690933677959249 14.8
    endloop
  endfacet
  facet normal 0 0 1
    outer loop
      vertex 18.88332552933371 8.01522068280153 14.8
      vertex 19.118682304031868 5.803830503371924 14.8
      vertex 19.14769793004946 8.229305231718579 14.8
    endloop
  endfacet
  facet normal 0 0 1
    outer loop
      vertex 19.433 8.414582562299426 14.8
      vertex 19.369250462620343 6.574999999999999 14.8
      vertex 19.48041686096885 6.746181241970322 14.8
    endloop
  endfacet
  facet normal 0 0 1
    outer loop
      vertex 19.433 8.414582562299426 14.8
      vertex 19.48041686096885 6.746181241970322 14.8
      vertex 19.608867590319083 6.904804682399773 14.8
    endloop
  endfacet
  facet normal 0 0 1
    outer loop
      vertex 19.736105910003648 8.569022737338452 14.8
      vertex 19.608867590319083 6.904804682399773 14.8
      vertex 19.753195317600227 7.049132409680919 14.8
    endloop
  endfacet
  facet normal 0 0 1
    outer loop
      vertex 19.736105910003648 8.569022737338452 14.8
      vertex 19.753195317600227 7.049132409680919 14.8
      vertex 19.91181875802968 7.177583139031147 14.8
    endloop
  endfacet
  facet normal 0 0 1
    outer loop
      vertex 20.05369476828142 8.690933677959249 14.8
      vertex 19.91181875802968 7.177583139031147 14.8
      vertex 20.083 7.288749537379655 14.8
    endloop
  endfacet
  facet normal 0 0 1
    outer loop
      vertex 19.14769793004946 8.229305231718579 14.8
      vertex 19.369250462620343 6.574999999999999 14.8
      vertex 19.433 8.414582562299426 14.8
    endloop
  endfacet
  facet normal 0 0 1
    outer loop
      vertex 19.433 8.414582562299426 14.8
      vertex 19.608867590319083 6.904804682399773 14.8
      vertex 19.736105910003648 8.569022737338452 14.8
    endloop
  endfacet
  facet normal 0 0 1
    outer loop
      vertex 22.683 8.414582562299426 14.8
      vertex 22.635583139031148 6.746181241970322 14.8
      vertex 22.746749537379657 6.574999999999999 14.8
    endloop
  endfacet
  facet normal 0 0 1
    outer loop
      vertex 22.683 8.414582562299426 14.8
      vertex 22.507132409680917 6.904804682399773 14.8
      vertex 22.635583139031148 6.746181241970322 14.8
    endloop
  endfacet
  facet normal 0 0 1
    outer loop
      vertex 22.683 8.414582562299426 14.8
      vertex 22.362804682399773 7.049132409680919 14.8
      vertex 22.507132409680917 6.904804682399773 14.8
    endloop
  endfacet
  facet normal 0 0 1
    outer loop
      vertex 22.379894089996352 8.569022737338452 14.8
      vertex 22.20418124197032 7.177583139031147 14.8
      vertex 22.362804682399773 7.049132409680919 14.8
    endloop
  endfacet
  facet normal 0 0 1
    outer loop
      vertex 20.05369476828142 8.690933677959249 14.8
      vertex 20.083 7.288749537379655 14.8
      vertex 20.26486354600219 7.381413642403071 14.8
    endloop
  endfacet
  facet normal 0 0 1
    outer loop
      vertex 20.382287004842283 8.778979702384868 14.8
      vertex 20.26486354600219 7.381413642403071 14.8
      vertex 20.455416860968853 7.4545602067755485 14.8
    endloop
  endfacet
  facet normal 0 0 1
    outer loop
      vertex 20.382287004842283 8.778979702384868 14.8
      vertex 20.455416860968853 7.4545602067755485 14.8
      vertex 20.652572202905368 7.507387821430921 14.8
    endloop
  endfacet
  facet normal 0 0 1
    outer loop
      vertex 20.718282494380126 8.832196159946887 14.8
      vertex 20.652572202905368 7.507387821430921 14.8
      vertex 20.854169496628074 7.5393176959681325 14.8
    endloop
  endfacet
  facet normal 0 0 1
    outer loop
      vertex 20.718282494380126 8.832196159946887 14.8
      vertex 20.854169496628074 7.5393176959681325 14.8
      vertex 21.058 7.55 14.8
    endloop
  endfacet
  facet normal 0 0 1
    outer loop
      vertex 21.733712995157717 8.778979702384868 14.8
      vertex 21.46342779709463 7.507387821430921 14.8
      vertex 21.660583139031147 7.4545602067755485 14.8
    endloop
  endfacet
  facet normal 0 0 1
    outer loop
      vertex 21.397717505619873 8.832196159946887 14.8
      vertex 21.058 7.55 14.8
      vertex 21.261830503371925 7.5393176959681325 14.8
    endloop
  endfacet
  facet normal 0 0 1
    outer loop
      vertex 21.397717505619873 8.832196159946887 14.8
      vertex 21.261830503371925 7.5393176959681325 14.8
      vertex 21.46342779709463 7.507387821430921 14.8
    endloop
  endfacet
  facet normal 0 0 1
    outer loop
      vertex 22.379894089996352 8.569022737338452 14.8
      vertex 22.033 7.288749537379655 14.8
      vertex 22.20418124197032 7.177583139031147 14.8
    endloop
  endfacet
  facet normal 0 0 1
    outer loop
      vertex 22.06230523171858 8.690933677959249 14.8
      vertex 21.85113645399781 7.381413642403071 14.8
      vertex 22.033 7.288749537379655 14.8
    endloop
  endfacet
  facet normal 0 0 1
    outer loop
      vertex 22.683 8.414582562299426 14.8
      vertex 22.746749537379657 6.574999999999999 14.8
      vertex 22.96830206995054 8.229305231718579 14.8
    endloop
  endfacet
  facet normal 0 0 1
    outer loop
      vertex 22.06230523171858 8.690933677959249 14.8
      vertex 21.660583139031147 7.4545602067755485 14.8
      vertex 21.85113645399781 7.381413642403071 14.8
    endloop
  endfacet
  facet normal 0 0 1
    outer loop
      vertex 22.379894089996352 8.569022737338452 14.8
      vertex 22.362804682399773 7.049132409680919 14.8
      vertex 22.683 8.414582562299426 14.8
    endloop
  endfacet
  facet normal 0 0 1
    outer loop
      vertex 19.736105910003648 8.569022737338452 14.8
      vertex 19.91181875802968 7.177583139031147 14.8
      vertex 20.05369476828142 8.690933677959249 14.8
    endloop
  endfacet
  facet normal 0 0 1
    outer loop
      vertex 20.05369476828142 8.690933677959249 14.8
      vertex 20.26486354600219 7.381413642403071 14.8
      vertex 20.382287004842283 8.778979702384868 14.8
    endloop
  endfacet
  facet normal 0 0 1
    outer loop
      vertex 20.382287004842283 8.778979702384868 14.8
      vertex 20.652572202905368 7.507387821430921 14.8
      vertex 20.718282494380126 8.832196159946887 14.8
    endloop
  endfacet
  facet normal 0 0 1
    outer loop
      vertex 20.718282494380126 8.832196159946887 14.8
      vertex 21.058 7.55 14.8
      vertex 21.058 8.85 14.8
    endloop
  endfacet
  facet normal 0 0 1
    outer loop
      vertex 21.058 8.85 14.8
      vertex 21.058 7.55 14.8
      vertex 21.397717505619873 8.832196159946887 14.8
    endloop
  endfacet
  facet normal 0 0 1
    outer loop
      vertex 21.397717505619873 8.832196159946887 14.8
      vertex 21.46342779709463 7.507387821430921 14.8
      vertex 21.733712995157717 8.778979702384868 14.8
    endloop
  endfacet
  facet normal 0 0 1
    outer loop
      vertex 22.06230523171858 8.690933677959249 14.8
      vertex 22.033 7.288749537379655 14.8
      vertex 22.379894089996352 8.569022737338452 14.8
    endloop
  endfacet
  facet normal 0 0 1
    outer loop
      vertex 21.733712995157717 8.778979702384868 14.8
      vertex 21.660583139031147 7.4545602067755485 14.8
      vertex 22.06230523171858 8.690933677959249 14.8
    endloop
  endfacet
  facet normal 0 0 -1
    outer loop
      vertex 24.23697970238487 4.924287004842282 9.6
      vertex 24.23697970238487 6.2757129951577175 9.6
      vertex 24.290196159946888 5.939717505619873 9.6
    endloop
  endfacet
  facet normal 0 0 -1
    outer loop
      vertex 24.14893367795925 4.595694768281421 9.6
      vertex 24.14893367795925 6.604305231718579 9.6
      vertex 24.23697970238487 6.2757129951577175 9.6
    endloop
  endfacet
  facet normal 0 0 -1
    outer loop
      vertex 24.027022737338452 4.278105910003649 9.6
      vertex 24.027022737338452 6.92189408999635 9.6
      vertex 24.14893367795925 6.604305231718579 9.6
    endloop
  endfacet
  facet normal 0.9986295347545737 0.05233595624294548 0
    outer loop
      vertex 24.308 5.6 9.6
      vertex 24.290196159946888 5.939717505619873 9.6
      vertex 24.308 5.6 14.8
    endloop
  endfacet
  facet normal 0 0 -1
    outer loop
      vertex 23.872582562299424 3.9749999999999996 9.6
      vertex 23.872582562299424 7.225 9.6
      vertex 24.027022737338452 6.92189408999635 9.6
    endloop
  endfacet
  facet normal 0 0 -1
    outer loop
      vertex 23.68730523171858 3.689697930049462 9.6
      vertex 23.68730523171858 7.510302069950537 9.6
      vertex 23.872582562299424 7.225 9.6
    endloop
  endfacet
  facet normal 0 0 -1
    outer loop
      vertex 23.473220682801532 3.42532552933371 9.6
      vertex 23.473220682801532 7.774674470666289 9.6
      vertex 23.68730523171858 7.510302069950537 9.6
    endloop
  endfacet
  facet normal 0.9876883405951381 0.15643446504022862 0
    outer loop
      vertex 24.290196159946888 5.939717505619873 9.6
      vertex 24.23697970238487 6.2757129951577175 9.6
      vertex 24.290196159946888 5.939717505619873 14.8
    endloop
  endfacet
  facet normal 0.9659258262890683 0.2588190451025207 0
    outer loop
      vertex 24.23697970238487 6.2757129951577175 9.6
      vertex 24.14893367795925 6.604305231718579 9.6
      vertex 24.23697970238487 6.2757129951577175 14.8
    endloop
  endfacet
  facet normal 0.9986295347545737 0.05233595624294548 0
    outer loop
      vertex 24.290196159946888 5.939717505619873 9.6
      vertex 24.290196159946888 5.939717505619873 14.8
      vertex 24.308 5.6 14.8
    endloop
  endfacet
  facet normal 0.9876883405951381 0.15643446504022862 0
    outer loop
      vertex 24.23697970238487 6.2757129951577175 9.6
      vertex 24.23697970238487 6.2757129951577175 14.8
      vertex 24.290196159946888 5.939717505619873 14.8
    endloop
  endfacet
  facet normal 0.9335804264972009 0.35836794954530254 0
    outer loop
      vertex 24.14893367795925 6.604305231718579 9.6
      vertex 24.027022737338452 6.92189408999635 9.6
      vertex 24.14893367795925 6.604305231718579 14.8
    endloop
  endfacet
  facet normal 0.8910065241883675 0.4539904997395476 0
    outer loop
      vertex 24.027022737338452 6.92189408999635 9.6
      vertex 23.872582562299424 7.225 9.6
      vertex 24.027022737338452 6.92189408999635 14.8
    endloop
  endfacet
  facet normal 0.9659258262890683 0.2588190451025207 0
    outer loop
      vertex 24.14893367795925 6.604305231718579 9.6
      vertex 24.14893367795925 6.604305231718579 14.8
      vertex 24.23697970238487 6.2757129951577175 14.8
    endloop
  endfacet
  facet normal 0.9335804264972009 0.35836794954530254 0
    outer loop
      vertex 24.027022737338452 6.92189408999635 9.6
      vertex 24.027022737338452 6.92189408999635 14.8
      vertex 24.14893367795925 6.604305231718579 14.8
    endloop
  endfacet
  facet normal 0.8910065241883675 0.4539904997395476 0
    outer loop
      vertex 23.872582562299424 7.225 9.6
      vertex 23.872582562299424 7.225 14.8
      vertex 24.027022737338452 6.92189408999635 14.8
    endloop
  endfacet
  facet normal 0 0 1
    outer loop
      vertex 24.290196159946888 5.260282494380126 14.8
      vertex 24.290196159946888 5.939717505619873 14.8
      vertex 24.23697970238487 6.2757129951577175 14.8
    endloop
  endfacet
  facet normal 0 0 1
    outer loop
      vertex 24.23697970238487 4.924287004842282 14.8
      vertex 24.23697970238487 6.2757129951577175 14.8
      vertex 24.14893367795925 6.604305231718579 14.8
    endloop
  endfacet
  facet normal 0 0 1
    outer loop
      vertex 24.14893367795925 4.595694768281421 14.8
      vertex 24.14893367795925 6.604305231718579 14.8
      vertex 24.027022737338452 6.92189408999635 14.8
    endloop
  endfacet
  facet normal 0 0 1
    outer loop
      vertex 24.027022737338452 4.278105910003649 14.8
      vertex 24.027022737338452 6.92189408999635 14.8
      vertex 23.872582562299424 7.225 14.8
    endloop
  endfacet
  facet normal 0 0 1
    outer loop
      vertex 23.872582562299424 3.9749999999999996 14.8
      vertex 23.872582562299424 7.225 14.8
      vertex 23.68730523171858 7.510302069950537 14.8
    endloop
  endfacet
  facet normal 0 0 1
    outer loop
      vertex 23.68730523171858 3.689697930049462 14.8
      vertex 23.68730523171858 7.510302069950537 14.8
      vertex 23.473220682801532 7.774674470666289 14.8
    endloop
  endfacet
  facet normal 0.8386705679454253 0.5446390350150252 0
    outer loop
      vertex 23.68730523171858 7.510302069950537 9.6
      vertex 23.872582562299424 7.225 14.8
      vertex 23.872582562299424 7.225 9.6
    endloop
  endfacet
  facet normal 0.7771459614569731 0.6293203910498346 0
    outer loop
      vertex 23.473220682801532 7.774674470666289 9.6
      vertex 23.68730523171858 7.510302069950537 14.8
      vertex 23.68730523171858 7.510302069950537 9.6
    endloop
  endfacet
  facet normal 0.8386705679454253 0.5446390350150252 0
    outer loop
      vertex 23.68730523171858 7.510302069950537 9.6
      vertex 23.68730523171858 7.510302069950537 14.8
      vertex 23.872582562299424 7.225 14.8
    endloop
  endfacet
  facet normal 0.7771459614569731 0.6293203910498346 0
    outer loop
      vertex 23.473220682801532 7.774674470666289 9.6
      vertex 23.473220682801532 7.774674470666289 14.8
      vertex 23.68730523171858 7.510302069950537 14.8
    endloop
  endfacet
  facet normal -0.9986295347545738 0.05233595624294535 0
    outer loop
      vertex 19.118682304031868 5.803830503371924 24.6
      vertex 19.118682304031868 5.803830503371924 14.8
      vertex 19.108 5.6 14.8
    endloop
  endfacet
  facet normal -0.9876883405951375 0.15643446504023245 0
    outer loop
      vertex 19.15061217856908 6.00542779709463 24.6
      vertex 19.15061217856908 6.00542779709463 14.8
      vertex 19.118682304031868 5.803830503371924 14.8
    endloop
  endfacet
  facet normal -0.9659258262890692 0.25881904510251724 0
    outer loop
      vertex 19.20343979322445 6.202583139031147 24.6
      vertex 19.20343979322445 6.202583139031147 14.8
      vertex 19.15061217856908 6.00542779709463 14.8
    endloop
  endfacet
  facet normal -0.9335804264971999 0.3583679495453053 0
    outer loop
      vertex 19.27658635759693 6.39313645399781 24.6
      vertex 19.27658635759693 6.39313645399781 14.8
      vertex 19.20343979322445 6.202583139031147 14.8
    endloop
  endfacet
  facet normal 0.9986295347545738 0.05233595624294535 0
    outer loop
      vertex 23.008 5.6 24.6
      vertex 23.008 5.6 14.8
      vertex 22.997317695968132 5.803830503371924 14.8
    endloop
  endfacet
  facet normal 0.9876883405951375 0.15643446504023245 0
    outer loop
      vertex 22.997317695968132 5.803830503371924 24.6
      vertex 22.997317695968132 5.803830503371924 14.8
      vertex 22.96538782143092 6.00542779709463 14.8
    endloop
  endfacet
  facet normal 0.9659258262890692 0.25881904510251724 0
    outer loop
      vertex 22.96538782143092 6.00542779709463 24.6
      vertex 22.96538782143092 6.00542779709463 14.8
      vertex 22.91256020677555 6.202583139031147 14.8
    endloop
  endfacet
  facet normal 0.9335804264971999 0.3583679495453053 0
    outer loop
      vertex 22.91256020677555 6.202583139031147 24.6
      vertex 22.91256020677555 6.202583139031147 14.8
      vertex 22.83941364240307 6.39313645399781 14.8
    endloop
  endfacet
  facet normal -0.8910065241883738 0.45399049973953515 0
    outer loop
      vertex 19.369250462620343 6.574999999999999 24.6
      vertex 19.369250462620343 6.574999999999999 14.8
      vertex 19.27658635759693 6.39313645399781 14.8
    endloop
  endfacet
  facet normal -0.8386705679454222 0.5446390350150297 0
    outer loop
      vertex 19.48041686096885 6.746181241970322 24.6
      vertex 19.48041686096885 6.746181241970322 14.8
      vertex 19.369250462620343 6.574999999999999 14.8
    endloop
  endfacet
  facet normal -0.7771459614569652 0.6293203910498443 0
    outer loop
      vertex 19.608867590319083 6.904804682399773 24.6
      vertex 19.608867590319083 6.904804682399773 14.8
      vertex 19.48041686096885 6.746181241970322 14.8
    endloop
  endfacet
  facet normal -0.7071067811865518 0.7071067811865431 0
    outer loop
      vertex 19.753195317600227 7.049132409680919 24.6
      vertex 19.753195317600227 7.049132409680919 14.8
      vertex 19.608867590319083 6.904804682399773 14.8
    endloop
  endfacet
  facet normal -0.6293203910498343 0.7771459614569733 0
    outer loop
      vertex 19.91181875802968 7.177583139031147 24.6
      vertex 19.91181875802968 7.177583139031147 14.8
      vertex 19.753195317600227 7.049132409680919 14.8
    endloop
  endfacet
  facet normal 0.8910065241883738 0.45399049973953515 0
    outer loop
      vertex 22.83941364240307 6.39313645399781 24.6
      vertex 22.83941364240307 6.39313645399781 14.8
      vertex 22.746749537379657 6.574999999999999 14.8
    endloop
  endfacet
  facet normal 0.7771459614569652 0.6293203910498443 0
    outer loop
      vertex 22.635583139031148 6.746181241970322 24.6
      vertex 22.635583139031148 6.746181241970322 14.8
      vertex 22.507132409680917 6.904804682399773 14.8
    endloop
  endfacet
  facet normal 0.8386705679454222 0.5446390350150297 0
    outer loop
      vertex 22.746749537379657 6.574999999999999 24.6
      vertex 22.746749537379657 6.574999999999999 14.8
      vertex 22.635583139031148 6.746181241970322 14.8
    endloop
  endfacet
  facet normal 0.7071067811865518 0.7071067811865431 0
    outer loop
      vertex 22.507132409680917 6.904804682399773 24.6
      vertex 22.507132409680917 6.904804682399773 14.8
      vertex 22.362804682399773 7.049132409680919 14.8
    endloop
  endfacet
  facet normal 0.6293203910498343 0.7771459614569733 0
    outer loop
      vertex 22.362804682399773 7.049132409680919 24.6
      vertex 22.362804682399773 7.049132409680919 14.8
      vertex 22.20418124197032 7.177583139031147 14.8
    endloop
  endfacet
  facet normal 0.5446390350150326 0.8386705679454205 0
    outer loop
      vertex 22.20418124197032 7.177583139031147 24.6
      vertex 22.20418124197032 7.177583139031147 14.8
      vertex 22.033 7.288749537379655 14.8
    endloop
  endfacet
  facet normal -0.9986295347545738 0.05233595624294535 0
    outer loop
      vertex 19.108 5.6 24.6
      vertex 19.118682304031868 5.803830503371924 24.6
      vertex 19.108 5.6 14.8
    endloop
  endfacet
  facet normal -0.9876883405951375 0.15643446504023245 0
    outer loop
      vertex 19.118682304031868 5.803830503371924 24.6
      vertex 19.15061217856908 6.00542779709463 24.6
      vertex 19.118682304031868 5.803830503371924 14.8
    endloop
  endfacet
  facet normal -0.9659258262890692 0.25881904510251724 0
    outer loop
      vertex 19.15061217856908 6.00542779709463 24.6
      vertex 19.20343979322445 6.202583139031147 24.6
      vertex 19.15061217856908 6.00542779709463 14.8
    endloop
  endfacet
  facet normal -0.9335804264971999 0.3583679495453053 0
    outer loop
      vertex 19.20343979322445 6.202583139031147 24.6
      vertex 19.27658635759693 6.39313645399781 24.6
      vertex 19.20343979322445 6.202583139031147 14.8
    endloop
  endfacet
  facet normal 0.9986295347545738 0.05233595624294535 0
    outer loop
      vertex 23.008 5.6 24.6
      vertex 22.997317695968132 5.803830503371924 14.8
      vertex 22.997317695968132 5.803830503371924 24.6
    endloop
  endfacet
  facet normal 0.9876883405951375 0.15643446504023245 0
    outer loop
      vertex 22.997317695968132 5.803830503371924 24.6
      vertex 22.96538782143092 6.00542779709463 14.8
      vertex 22.96538782143092 6.00542779709463 24.6
    endloop
  endfacet
  facet normal 0.9659258262890692 0.25881904510251724 0
    outer loop
      vertex 22.96538782143092 6.00542779709463 24.6
      vertex 22.91256020677555 6.202583139031147 14.8
      vertex 22.91256020677555 6.202583139031147 24.6
    endloop
  endfacet
  facet normal 0.9335804264971999 0.3583679495453053 0
    outer loop
      vertex 22.91256020677555 6.202583139031147 24.6
      vertex 22.83941364240307 6.39313645399781 14.8
      vertex 22.83941364240307 6.39313645399781 24.6
    endloop
  endfacet
  facet normal 0 0 1
    outer loop
      vertex 19.15061217856908 5.194572202905369 24.6
      vertex 19.15061217856908 6.00542779709463 24.6
      vertex 19.118682304031868 5.803830503371924 24.6
    endloop
  endfacet
  facet normal 0 0 1
    outer loop
      vertex 19.20343979322445 4.997416860968852 24.6
      vertex 19.20343979322445 6.202583139031147 24.6
      vertex 19.15061217856908 6.00542779709463 24.6
    endloop
  endfacet
  facet normal 0 0 1
    outer loop
      vertex 19.27658635759693 4.806863546002189 24.6
      vertex 19.27658635759693 6.39313645399781 24.6
      vertex 19.20343979322445 6.202583139031147 24.6
    endloop
  endfacet
  facet normal 0 0 1
    outer loop
      vertex 19.369250462620343 4.625 24.6
      vertex 19.369250462620343 6.574999999999999 24.6
      vertex 19.27658635759693 6.39313645399781 24.6
    endloop
  endfacet
  facet normal 0 0 1
    outer loop
      vertex 19.48041686096885 4.453818758029677 24.6
      vertex 19.48041686096885 6.746181241970322 24.6
      vertex 19.369250462620343 6.574999999999999 24.6
    endloop
  endfacet
  facet normal 0 0 1
    outer loop
      vertex 19.608867590319083 4.295195317600227 24.6
      vertex 19.608867590319083 6.904804682399773 24.6
      vertex 19.48041686096885 6.746181241970322 24.6
    endloop
  endfacet
  facet normal 0 0 1
    outer loop
      vertex 19.753195317600227 4.150867590319081 24.6
      vertex 19.753195317600227 7.049132409680919 24.6
      vertex 19.608867590319083 6.904804682399773 24.6
    endloop
  endfacet
  facet normal 0 0 1
    outer loop
      vertex 19.91181875802968 4.022416860968852 24.6
      vertex 19.91181875802968 7.177583139031147 24.6
      vertex 19.753195317600227 7.049132409680919 24.6
    endloop
  endfacet
  facet normal 0 0 1
    outer loop
      vertex 20.083 3.9112504626203446 24.6
      vertex 20.083 7.288749537379655 24.6
      vertex 19.91181875802968 7.177583139031147 24.6
    endloop
  endfacet
  facet normal 0 0 1
    outer loop
      vertex 22.997317695968132 5.396169496628075 24.6
      vertex 22.997317695968132 5.803830503371924 24.6
      vertex 22.96538782143092 6.00542779709463 24.6
    endloop
  endfacet
  facet normal 0 0 1
    outer loop
      vertex 22.96538782143092 5.194572202905369 24.6
      vertex 22.96538782143092 6.00542779709463 24.6
      vertex 22.91256020677555 6.202583139031147 24.6
    endloop
  endfacet
  facet normal 0 0 1
    outer loop
      vertex 22.91256020677555 4.997416860968852 24.6
      vertex 22.91256020677555 6.202583139031147 24.6
      vertex 22.83941364240307 6.39313645399781 24.6
    endloop
  endfacet
  facet normal 0 0 1
    outer loop
      vertex 22.83941364240307 4.806863546002189 24.6
      vertex 22.83941364240307 6.39313645399781 24.6
      vertex 22.746749537379657 6.574999999999999 24.6
    endloop
  endfacet
  facet normal 0 0 1
    outer loop
      vertex 22.746749537379657 4.625 24.6
      vertex 22.746749537379657 6.574999999999999 24.6
      vertex 22.635583139031148 6.746181241970322 24.6
    endloop
  endfacet
  facet normal 0 0 1
    outer loop
      vertex 20.26486354600219 3.818586357596928 24.6
      vertex 20.26486354600219 7.381413642403071 24.6
      vertex 20.083 7.288749537379655 24.6
    endloop
  endfacet
  facet normal 0 0 1
    outer loop
      vertex 20.455416860968853 3.7454397932244503 24.6
      vertex 20.455416860968853 7.4545602067755485 24.6
      vertex 20.26486354600219 7.381413642403071 24.6
    endloop
  endfacet
  facet normal 0 0 1
    outer loop
      vertex 20.652572202905368 3.6926121785690786 24.6
      vertex 20.652572202905368 7.507387821430921 24.6
      vertex 20.455416860968853 7.4545602067755485 24.6
    endloop
  endfacet
  facet normal 0 0 1
    outer loop
      vertex 20.854169496628074 3.660682304031867 24.6
      vertex 20.854169496628074 7.5393176959681325 24.6
      vertex 20.652572202905368 7.507387821430921 24.6
    endloop
  endfacet
  facet normal 0 0 1
    outer loop
      vertex 20.854169496628074 7.5393176959681325 24.6
      vertex 21.058 3.6499999999999995 24.6
      vertex 21.058 7.55 24.6
    endloop
  endfacet
  facet normal 0 0 1
    outer loop
      vertex 21.261830503371925 3.660682304031867 24.6
      vertex 21.261830503371925 7.5393176959681325 24.6
      vertex 21.058 7.55 24.6
    endloop
  endfacet
  facet normal 0 0 1
    outer loop
      vertex 21.46342779709463 3.6926121785690786 24.6
      vertex 21.46342779709463 7.507387821430921 24.6
      vertex 21.261830503371925 7.5393176959681325 24.6
    endloop
  endfacet
  facet normal 0 0 1
    outer loop
      vertex 21.660583139031147 3.7454397932244503 24.6
      vertex 21.660583139031147 7.4545602067755485 24.6
      vertex 21.46342779709463 7.507387821430921 24.6
    endloop
  endfacet
  facet normal 0 0 1
    outer loop
      vertex 22.635583139031148 4.453818758029677 24.6
      vertex 22.635583139031148 6.746181241970322 24.6
      vertex 22.507132409680917 6.904804682399773 24.6
    endloop
  endfacet
  facet normal 0 0 1
    outer loop
      vertex 22.507132409680917 4.295195317600227 24.6
      vertex 22.507132409680917 6.904804682399773 24.6
      vertex 22.362804682399773 7.049132409680919 24.6
    endloop
  endfacet
  facet normal 0 0 1
    outer loop
      vertex 22.20418124197032 4.022416860968852 24.6
      vertex 22.20418124197032 7.177583139031147 24.6
      vertex 22.033 7.288749537379655 24.6
    endloop
  endfacet
  facet normal 0 0 1
    outer loop
      vertex 22.033 3.9112504626203446 24.6
      vertex 22.033 7.288749537379655 24.6
      vertex 21.85113645399781 7.381413642403071 24.6
    endloop
  endfacet
  facet normal 0 0 1
    outer loop
      vertex 22.362804682399773 4.150867590319081 24.6
      vertex 22.362804682399773 7.049132409680919 24.6
      vertex 22.20418124197032 7.177583139031147 24.6
    endloop
  endfacet
  facet normal 0 0 1
    outer loop
      vertex 21.85113645399781 3.818586357596928 24.6
      vertex 21.85113645399781 7.381413642403071 24.6
      vertex 21.660583139031147 7.4545602067755485 24.6
    endloop
  endfacet
  facet normal -0.8910065241883738 0.45399049973953515 0
    outer loop
      vertex 19.27658635759693 6.39313645399781 24.6
      vertex 19.369250462620343 6.574999999999999 24.6
      vertex 19.27658635759693 6.39313645399781 14.8
    endloop
  endfacet
  facet normal -0.8386705679454222 0.5446390350150297 0
    outer loop
      vertex 19.369250462620343 6.574999999999999 24.6
      vertex 19.48041686096885 6.746181241970322 24.6
      vertex 19.369250462620343 6.574999999999999 14.8
    endloop
  endfacet
  facet normal -0.7771459614569652 0.6293203910498443 0
    outer loop
      vertex 19.48041686096885 6.746181241970322 24.6
      vertex 19.608867590319083 6.904804682399773 24.6
      vertex 19.48041686096885 6.746181241970322 14.8
    endloop
  endfacet
  facet normal -0.7071067811865518 0.7071067811865431 0
    outer loop
      vertex 19.608867590319083 6.904804682399773 24.6
      vertex 19.753195317600227 7.049132409680919 24.6
      vertex 19.608867590319083 6.904804682399773 14.8
    endloop
  endfacet
  facet normal -0.6293203910498343 0.7771459614569733 0
    outer loop
      vertex 19.753195317600227 7.049132409680919 24.6
      vertex 19.91181875802968 7.177583139031147 24.6
      vertex 19.753195317600227 7.049132409680919 14.8
    endloop
  endfacet
  facet normal -0.5446390350150326 0.8386705679454205 0
    outer loop
      vertex 19.91181875802968 7.177583139031147 24.6
      vertex 20.083 7.288749537379655 24.6
      vertex 19.91181875802968 7.177583139031147 14.8
    endloop
  endfacet
  facet normal 0.8910065241883738 0.45399049973953515 0
    outer loop
      vertex 22.83941364240307 6.39313645399781 24.6
      vertex 22.746749537379657 6.574999999999999 14.8
      vertex 22.746749537379657 6.574999999999999 24.6
    endloop
  endfacet
  facet normal 0.8386705679454222 0.5446390350150297 0
    outer loop
      vertex 22.635583139031148 6.746181241970322 24.6
      vertex 22.746749537379657 6.574999999999999 24.6
      vertex 22.635583139031148 6.746181241970322 14.8
    endloop
  endfacet
  facet normal 0.7771459614569652 0.6293203910498443 0
    outer loop
      vertex 22.507132409680917 6.904804682399773 24.6
      vertex 22.635583139031148 6.746181241970322 24.6
      vertex 22.507132409680917 6.904804682399773 14.8
    endloop
  endfacet
  facet normal 0.7071067811865518 0.7071067811865431 0
    outer loop
      vertex 22.362804682399773 7.049132409680919 24.6
      vertex 22.507132409680917 6.904804682399773 24.6
      vertex 22.362804682399773 7.049132409680919 14.8
    endloop
  endfacet
  facet normal 0.6293203910498343 0.7771459614569733 0
    outer loop
      vertex 22.362804682399773 7.049132409680919 24.6
      vertex 22.20418124197032 7.177583139031147 14.8
      vertex 22.20418124197032 7.177583139031147 24.6
    endloop
  endfacet
  facet normal -0.5446390350150326 0.8386705679454205 0
    outer loop
      vertex 20.083 7.288749537379655 24.6
      vertex 20.083 7.288749537379655 14.8
      vertex 19.91181875802968 7.177583139031147 14.8
    endloop
  endfacet
  facet normal -0.4539904997395454 0.8910065241883685 0
    outer loop
      vertex 20.26486354600219 7.381413642403071 24.6
      vertex 20.26486354600219 7.381413642403071 14.8
      vertex 20.083 7.288749537379655 14.8
    endloop
  endfacet
  facet normal -0.3583679495452962 0.9335804264972032 0
    outer loop
      vertex 20.455416860968853 7.4545602067755485 24.6
      vertex 20.455416860968853 7.4545602067755485 14.8
      vertex 20.26486354600219 7.381413642403071 14.8
    endloop
  endfacet
  facet normal -0.25881904510252757 0.9659258262890665 0
    outer loop
      vertex 20.652572202905368 7.507387821430921 24.6
      vertex 20.652572202905368 7.507387821430921 14.8
      vertex 20.455416860968853 7.4545602067755485 14.8
    endloop
  endfacet
  facet normal -0.15643446504022818 0.9876883405951382 0
    outer loop
      vertex 20.854169496628074 7.5393176959681325 24.6
      vertex 20.854169496628074 7.5393176959681325 14.8
      vertex 20.652572202905368 7.507387821430921 14.8
    endloop
  endfacet
  facet normal 0.25881904510252757 0.9659258262890665 0
    outer loop
      vertex 21.660583139031147 7.4545602067755485 24.6
      vertex 21.660583139031147 7.4545602067755485 14.8
      vertex 21.46342779709463 7.507387821430921 14.8
    endloop
  endfacet
  facet normal 0.15643446504022818 0.9876883405951382 0
    outer loop
      vertex 21.46342779709463 7.507387821430921 24.6
      vertex 21.46342779709463 7.507387821430921 14.8
      vertex 21.261830503371925 7.5393176959681325 14.8
    endloop
  endfacet
  facet normal -0.05233595624294511 0.9986295347545737 0
    outer loop
      vertex 21.058 7.55 24.6
      vertex 21.058 7.55 14.8
      vertex 20.854169496628074 7.5393176959681325 14.8
    endloop
  endfacet
  facet normal 0.05233595624294511 0.9986295347545737 0
    outer loop
      vertex 21.261830503371925 7.5393176959681325 24.6
      vertex 21.261830503371925 7.5393176959681325 14.8
      vertex 21.058 7.55 14.8
    endloop
  endfacet
  facet normal 0.4539904997395454 0.8910065241883685 0
    outer loop
      vertex 22.033 7.288749537379655 24.6
      vertex 22.033 7.288749537379655 14.8
      vertex 21.85113645399781 7.381413642403071 14.8
    endloop
  endfacet
  facet normal 0.3583679495452962 0.9335804264972032 0
    outer loop
      vertex 21.85113645399781 7.381413642403071 24.6
      vertex 21.85113645399781 7.381413642403071 14.8
      vertex 21.660583139031147 7.4545602067755485 14.8
    endloop
  endfacet
  facet normal -0.4539904997395454 0.8910065241883685 0
    outer loop
      vertex 20.083 7.288749537379655 24.6
      vertex 20.26486354600219 7.381413642403071 24.6
      vertex 20.083 7.288749537379655 14.8
    endloop
  endfacet
  facet normal -0.3583679495452962 0.9335804264972032 0
    outer loop
      vertex 20.26486354600219 7.381413642403071 24.6
      vertex 20.455416860968853 7.4545602067755485 24.6
      vertex 20.26486354600219 7.381413642403071 14.8
    endloop
  endfacet
  facet normal -0.25881904510252757 0.9659258262890665 0
    outer loop
      vertex 20.455416860968853 7.4545602067755485 24.6
      vertex 20.652572202905368 7.507387821430921 24.6
      vertex 20.455416860968853 7.4545602067755485 14.8
    endloop
  endfacet
  facet normal -0.15643446504022818 0.9876883405951382 0
    outer loop
      vertex 20.652572202905368 7.507387821430921 24.6
      vertex 20.854169496628074 7.5393176959681325 24.6
      vertex 20.652572202905368 7.507387821430921 14.8
    endloop
  endfacet
  facet normal 0.3583679495452962 0.9335804264972032 0
    outer loop
      vertex 21.660583139031147 7.4545602067755485 24.6
      vertex 21.85113645399781 7.381413642403071 24.6
      vertex 21.660583139031147 7.4545602067755485 14.8
    endloop
  endfacet
  facet normal 0.25881904510252757 0.9659258262890665 0
    outer loop
      vertex 21.46342779709463 7.507387821430921 24.6
      vertex 21.660583139031147 7.4545602067755485 24.6
      vertex 21.46342779709463 7.507387821430921 14.8
    endloop
  endfacet
  facet normal 0.15643446504022818 0.9876883405951382 0
    outer loop
      vertex 21.261830503371925 7.5393176959681325 24.6
      vertex 21.46342779709463 7.507387821430921 24.6
      vertex 21.261830503371925 7.5393176959681325 14.8
    endloop
  endfacet
  facet normal -0.05233595624294511 0.9986295347545737 0
    outer loop
      vertex 20.854169496628074 7.5393176959681325 24.6
      vertex 21.058 7.55 24.6
      vertex 20.854169496628074 7.5393176959681325 14.8
    endloop
  endfacet
  facet normal 0.05233595624294511 0.9986295347545737 0
    outer loop
      vertex 21.058 7.55 24.6
      vertex 21.261830503371925 7.5393176959681325 24.6
      vertex 21.058 7.55 14.8
    endloop
  endfacet
  facet normal 0.5446390350150326 0.8386705679454205 0
    outer loop
      vertex 22.033 7.288749537379655 24.6
      vertex 22.20418124197032 7.177583139031147 24.6
      vertex 22.033 7.288749537379655 14.8
    endloop
  endfacet
  facet normal 0.4539904997395454 0.8910065241883685 0
    outer loop
      vertex 21.85113645399781 7.381413642403071 24.6
      vertex 22.033 7.288749537379655 24.6
      vertex 21.85113645399781 7.381413642403071 14.8
    endloop
  endfacet
  facet normal -0.2588190451025213 -0.9659258262890682 0
    outer loop
      vertex 28.11169476828142 2.5090663220407508 9.6
      vertex 28.440287004842283 2.421020297615131 9.6
      vertex 28.440287004842283 2.421020297615131 14.8
    endloop
  endfacet
  facet normal -0.35836794954529855 -0.9335804264972024 0
    outer loop
      vertex 27.794105910003648 2.630977262661547 9.6
      vertex 28.11169476828142 2.5090663220407508 9.6
      vertex 28.11169476828142 2.5090663220407508 14.8
    endloop
  endfacet
  facet normal -0.4539904997395487 -0.8910065241883669 0
    outer loop
      vertex 27.794105910003648 2.630977262661547 9.6
      vertex 27.794105910003648 2.630977262661547 14.8
      vertex 27.491 2.7854174377005743 9.6
    endloop
  endfacet
  facet normal -0.15643446504023029 -0.9876883405951378 0
    outer loop
      vertex 28.440287004842283 2.421020297615131 9.6
      vertex 28.776282494380126 2.3678038400531114 9.6
      vertex 28.776282494380126 2.3678038400531114 14.8
    endloop
  endfacet
  facet normal -0.05233595624294419 -0.9986295347545739 0
    outer loop
      vertex 28.776282494380126 2.3678038400531114 9.6
      vertex 29.116 2.3499999999999996 9.6
      vertex 29.116 2.3499999999999996 14.8
    endloop
  endfacet
  facet normal 0.05233595624294419 -0.9986295347545739 0
    outer loop
      vertex 29.116 2.3499999999999996 9.6
      vertex 29.455717505619873 2.3678038400531114 9.6
      vertex 29.455717505619873 2.3678038400531114 14.8
    endloop
  endfacet
  facet normal 0.15643446504023029 -0.9876883405951378 0
    outer loop
      vertex 29.455717505619873 2.3678038400531114 9.6
      vertex 29.791712995157717 2.421020297615131 9.6
      vertex 29.791712995157717 2.421020297615131 14.8
    endloop
  endfacet
  facet normal 0.2588190451025213 -0.9659258262890682 0
    outer loop
      vertex 29.791712995157717 2.421020297615131 9.6
      vertex 30.12030523171858 2.5090663220407508 9.6
      vertex 30.12030523171858 2.5090663220407508 14.8
    endloop
  endfacet
  facet normal -0.5446390350150248 -0.8386705679454255 0
    outer loop
      vertex 27.20569793004946 2.9706947682814207 9.6
      vertex 27.491 2.7854174377005743 9.6
      vertex 27.491 2.7854174377005743 14.8
    endloop
  endfacet
  facet normal -0.6293203910498387 -0.7771459614569697 0
    outer loop
      vertex 27.20569793004946 2.9706947682814207 9.6
      vertex 27.20569793004946 2.9706947682814207 14.8
      vertex 26.94132552933371 3.184779317198468 9.6
    endloop
  endfacet
  facet normal -0.15643446504023029 -0.9876883405951378 0
    outer loop
      vertex 28.440287004842283 2.421020297615131 9.6
      vertex 28.776282494380126 2.3678038400531114 14.8
      vertex 28.440287004842283 2.421020297615131 14.8
    endloop
  endfacet
  facet normal -0.2588190451025213 -0.9659258262890682 0
    outer loop
      vertex 28.11169476828142 2.5090663220407508 9.6
      vertex 28.440287004842283 2.421020297615131 14.8
      vertex 28.11169476828142 2.5090663220407508 14.8
    endloop
  endfacet
  facet normal -0.4539904997395487 -0.8910065241883669 0
    outer loop
      vertex 27.491 2.7854174377005743 9.6
      vertex 27.794105910003648 2.630977262661547 14.8
      vertex 27.491 2.7854174377005743 14.8
    endloop
  endfacet
  facet normal -0.35836794954529855 -0.9335804264972024 0
    outer loop
      vertex 27.794105910003648 2.630977262661547 9.6
      vertex 28.11169476828142 2.5090663220407508 14.8
      vertex 27.794105910003648 2.630977262661547 14.8
    endloop
  endfacet
  facet normal -0.05233595624294419 -0.9986295347545739 0
    outer loop
      vertex 28.776282494380126 2.3678038400531114 9.6
      vertex 29.116 2.3499999999999996 14.8
      vertex 28.776282494380126 2.3678038400531114 14.8
    endloop
  endfacet
  facet normal 0.05233595624294419 -0.9986295347545739 0
    outer loop
      vertex 29.116 2.3499999999999996 9.6
      vertex 29.455717505619873 2.3678038400531114 14.8
      vertex 29.116 2.3499999999999996 14.8
    endloop
  endfacet
  facet normal 0.15643446504023029 -0.9876883405951378 0
    outer loop
      vertex 29.455717505619873 2.3678038400531114 9.6
      vertex 29.791712995157717 2.421020297615131 14.8
      vertex 29.455717505619873 2.3678038400531114 14.8
    endloop
  endfacet
  facet normal 0.2588190451025213 -0.9659258262890682 0
    outer loop
      vertex 29.791712995157717 2.421020297615131 9.6
      vertex 30.12030523171858 2.5090663220407508 14.8
      vertex 29.791712995157717 2.421020297615131 14.8
    endloop
  endfacet
  facet normal 0.35836794954529855 -0.9335804264972024 0
    outer loop
      vertex 30.12030523171858 2.5090663220407508 9.6
      vertex 30.43789408999635 2.630977262661547 14.8
      vertex 30.12030523171858 2.5090663220407508 14.8
    endloop
  endfacet
  facet normal -0.5446390350150248 -0.8386705679454255 0
    outer loop
      vertex 27.20569793004946 2.9706947682814207 9.6
      vertex 27.491 2.7854174377005743 14.8
      vertex 27.20569793004946 2.9706947682814207 14.8
    endloop
  endfacet
  facet normal -0.6293203910498387 -0.7771459614569697 0
    outer loop
      vertex 26.94132552933371 3.184779317198468 9.6
      vertex 27.20569793004946 2.9706947682814207 14.8
      vertex 26.94132552933371 3.184779317198468 14.8
    endloop
  endfacet
  facet normal -0.7071067811865462 -0.7071067811865489 0
    outer loop
      vertex 26.700779317198467 3.42532552933371 9.6
      vertex 26.94132552933371 3.184779317198468 9.6
      vertex 26.700779317198467 3.42532552933371 14.8
    endloop
  endfacet
  facet normal -0.7771459614569731 -0.6293203910498346 0
    outer loop
      vertex 26.48669476828142 3.689697930049462 9.6
      vertex 26.700779317198467 3.42532552933371 9.6
      vertex 26.48669476828142 3.689697930049462 14.8
    endloop
  endfacet
  facet normal -0.8386705679454253 -0.5446390350150252 0
    outer loop
      vertex 26.48669476828142 3.689697930049462 9.6
      vertex 26.301417437700575 3.9749999999999996 14.8
      vertex 26.301417437700575 3.9749999999999996 9.6
    endloop
  endfacet
  facet normal -0.7071067811865462 -0.7071067811865489 0
    outer loop
      vertex 26.94132552933371 3.184779317198468 9.6
      vertex 26.94132552933371 3.184779317198468 14.8
      vertex 26.700779317198467 3.42532552933371 14.8
    endloop
  endfacet
  facet normal -0.7771459614569731 -0.6293203910498346 0
    outer loop
      vertex 26.700779317198467 3.42532552933371 9.6
      vertex 26.700779317198467 3.42532552933371 14.8
      vertex 26.48669476828142 3.689697930049462 14.8
    endloop
  endfacet
  facet normal -0.8386705679454253 -0.5446390350150252 0
    outer loop
      vertex 26.48669476828142 3.689697930049462 9.6
      vertex 26.48669476828142 3.689697930049462 14.8
      vertex 26.301417437700575 3.9749999999999996 14.8
    endloop
  endfacet
  facet normal 0.35836794954529855 -0.9335804264972024 0
    outer loop
      vertex 30.12030523171858 2.5090663220407508 9.6
      vertex 30.43789408999635 2.630977262661547 9.6
      vertex 30.43789408999635 2.630977262661547 14.8
    endloop
  endfacet
  facet normal 0.4539904997395487 -0.8910065241883669 0
    outer loop
      vertex 30.43789408999635 2.630977262661547 9.6
      vertex 30.741 2.7854174377005743 9.6
      vertex 30.741 2.7854174377005743 14.8
    endloop
  endfacet
  facet normal 0.5446390350150248 -0.8386705679454255 0
    outer loop
      vertex 30.741 2.7854174377005743 9.6
      vertex 31.02630206995054 2.9706947682814207 9.6
      vertex 31.02630206995054 2.9706947682814207 14.8
    endloop
  endfacet
  facet normal 0.6293203910498387 -0.7771459614569697 0
    outer loop
      vertex 31.02630206995054 2.9706947682814207 9.6
      vertex 31.29067447066629 3.184779317198468 9.6
      vertex 31.29067447066629 3.184779317198468 14.8
    endloop
  endfacet
  facet normal 0.4539904997395487 -0.8910065241883669 0
    outer loop
      vertex 30.43789408999635 2.630977262661547 9.6
      vertex 30.741 2.7854174377005743 14.8
      vertex 30.43789408999635 2.630977262661547 14.8
    endloop
  endfacet
  facet normal 0.5446390350150248 -0.8386705679454255 0
    outer loop
      vertex 30.741 2.7854174377005743 9.6
      vertex 31.02630206995054 2.9706947682814207 14.8
      vertex 30.741 2.7854174377005743 14.8
    endloop
  endfacet
  facet normal 0.6293203910498387 -0.7771459614569697 0
    outer loop
      vertex 31.02630206995054 2.9706947682814207 9.6
      vertex 31.29067447066629 3.184779317198468 14.8
      vertex 31.02630206995054 2.9706947682814207 14.8
    endloop
  endfacet
  facet normal 0.7071067811865462 -0.7071067811865489 0
    outer loop
      vertex 31.29067447066629 3.184779317198468 9.6
      vertex 31.531220682801532 3.42532552933371 9.6
      vertex 31.29067447066629 3.184779317198468 14.8
    endloop
  endfacet
  facet normal 0.7771459614569731 -0.6293203910498346 0
    outer loop
      vertex 31.531220682801532 3.42532552933371 9.6
      vertex 31.74530523171858 3.689697930049462 9.6
      vertex 31.531220682801532 3.42532552933371 14.8
    endloop
  endfacet
  facet normal 0.8386705679454253 -0.5446390350150252 0
    outer loop
      vertex 31.74530523171858 3.689697930049462 9.6
      vertex 31.930582562299424 3.9749999999999996 9.6
      vertex 31.74530523171858 3.689697930049462 14.8
    endloop
  endfacet
  facet normal 0.7071067811865462 -0.7071067811865489 0
    outer loop
      vertex 31.531220682801532 3.42532552933371 9.6
      vertex 31.531220682801532 3.42532552933371 14.8
      vertex 31.29067447066629 3.184779317198468 14.8
    endloop
  endfacet
  facet normal 0.7771459614569731 -0.6293203910498346 0
    outer loop
      vertex 31.74530523171858 3.689697930049462 9.6
      vertex 31.74530523171858 3.689697930049462 14.8
      vertex 31.531220682801532 3.42532552933371 14.8
    endloop
  endfacet
  facet normal 0.8386705679454253 -0.5446390350150252 0
    outer loop
      vertex 31.930582562299424 3.9749999999999996 9.6
      vertex 31.930582562299424 3.9749999999999996 14.8
      vertex 31.74530523171858 3.689697930049462 14.8
    endloop
  endfacet
  facet normal 0 0 1
    outer loop
      vertex 28.11169476828142 2.5090663220407508 14.8
      vertex 28.440287004842283 2.421020297615131 14.8
      vertex 28.513416860968853 3.7454397932244503 14.8
    endloop
  endfacet
  facet normal 0 0 1
    outer loop
      vertex 27.794105910003648 2.630977262661547 14.8
      vertex 28.11169476828142 2.5090663220407508 14.8
      vertex 28.141 3.9112504626203446 14.8
    endloop
  endfacet
  facet normal 0 0 1
    outer loop
      vertex 28.776282494380126 2.3678038400531114 14.8
      vertex 29.116 2.3499999999999996 14.8
      vertex 29.116 3.6499999999999995 14.8
    endloop
  endfacet
  facet normal 0 0 1
    outer loop
      vertex 28.440287004842283 2.421020297615131 14.8
      vertex 28.776282494380126 2.3678038400531114 14.8
      vertex 28.710572202905368 3.6926121785690786 14.8
    endloop
  endfacet
  facet normal 0 0 1
    outer loop
      vertex 29.116 2.3499999999999996 14.8
      vertex 29.455717505619873 2.3678038400531114 14.8
      vertex 29.116 3.6499999999999995 14.8
    endloop
  endfacet
  facet normal 0 0 1
    outer loop
      vertex 29.455717505619873 2.3678038400531114 14.8
      vertex 29.791712995157717 2.421020297615131 14.8
      vertex 29.52142779709463 3.6926121785690786 14.8
    endloop
  endfacet
  facet normal 0 0 1
    outer loop
      vertex 29.791712995157717 2.421020297615131 14.8
      vertex 30.12030523171858 2.5090663220407508 14.8
      vertex 29.90913645399781 3.818586357596928 14.8
    endloop
  endfacet
  facet normal 0 0 1
    outer loop
      vertex 30.12030523171858 2.5090663220407508 14.8
      vertex 30.43789408999635 2.630977262661547 14.8
      vertex 30.26218124197032 4.022416860968852 14.8
    endloop
  endfacet
  facet normal 0 0 1
    outer loop
      vertex 27.794105910003648 2.630977262661547 14.8
      vertex 27.811195317600227 4.150867590319081 14.8
      vertex 27.491 2.7854174377005743 14.8
    endloop
  endfacet
  facet normal 0 0 1
    outer loop
      vertex 28.440287004842283 2.421020297615131 14.8
      vertex 28.710572202905368 3.6926121785690786 14.8
      vertex 28.513416860968853 3.7454397932244503 14.8
    endloop
  endfacet
  facet normal 0 0 1
    outer loop
      vertex 28.11169476828142 2.5090663220407508 14.8
      vertex 28.513416860968853 3.7454397932244503 14.8
      vertex 28.32286354600219 3.818586357596928 14.8
    endloop
  endfacet
  facet normal 0 0 1
    outer loop
      vertex 27.20569793004946 2.9706947682814207 14.8
      vertex 27.491 2.7854174377005743 14.8
      vertex 27.427250462620343 4.625 14.8
    endloop
  endfacet
  facet normal 0 0 1
    outer loop
      vertex 28.11169476828142 2.5090663220407508 14.8
      vertex 28.32286354600219 3.818586357596928 14.8
      vertex 28.141 3.9112504626203446 14.8
    endloop
  endfacet
  facet normal 0 0 1
    outer loop
      vertex 27.794105910003648 2.630977262661547 14.8
      vertex 28.141 3.9112504626203446 14.8
      vertex 27.969818758029678 4.022416860968852 14.8
    endloop
  endfacet
  facet normal 0 0 1
    outer loop
      vertex 28.776282494380126 2.3678038400531114 14.8
      vertex 28.912169496628074 3.660682304031867 14.8
      vertex 28.710572202905368 3.6926121785690786 14.8
    endloop
  endfacet
  facet normal 0 0 1
    outer loop
      vertex 28.776282494380126 2.3678038400531114 14.8
      vertex 29.116 3.6499999999999995 14.8
      vertex 28.912169496628074 3.660682304031867 14.8
    endloop
  endfacet
  facet normal 0 0 1
    outer loop
      vertex 29.455717505619873 2.3678038400531114 14.8
      vertex 29.319830503371925 3.660682304031867 14.8
      vertex 29.116 3.6499999999999995 14.8
    endloop
  endfacet
  facet normal 0 0 1
    outer loop
      vertex 29.455717505619873 2.3678038400531114 14.8
      vertex 29.52142779709463 3.6926121785690786 14.8
      vertex 29.319830503371925 3.660682304031867 14.8
    endloop
  endfacet
  facet normal 0 0 1
    outer loop
      vertex 29.791712995157717 2.421020297615131 14.8
      vertex 29.718583139031146 3.7454397932244503 14.8
      vertex 29.52142779709463 3.6926121785690786 14.8
    endloop
  endfacet
  facet normal 0 0 1
    outer loop
      vertex 29.791712995157717 2.421020297615131 14.8
      vertex 29.90913645399781 3.818586357596928 14.8
      vertex 29.718583139031146 3.7454397932244503 14.8
    endloop
  endfacet
  facet normal 0 0 1
    outer loop
      vertex 30.12030523171858 2.5090663220407508 14.8
      vertex 30.091 3.9112504626203446 14.8
      vertex 29.90913645399781 3.818586357596928 14.8
    endloop
  endfacet
  facet normal 0 0 1
    outer loop
      vertex 30.12030523171858 2.5090663220407508 14.8
      vertex 30.26218124197032 4.022416860968852 14.8
      vertex 30.091 3.9112504626203446 14.8
    endloop
  endfacet
  facet normal 0 0 1
    outer loop
      vertex 27.491 2.7854174377005743 14.8
      vertex 27.811195317600227 4.150867590319081 14.8
      vertex 27.666867590319082 4.295195317600227 14.8
    endloop
  endfacet
  facet normal 0 0 1
    outer loop
      vertex 27.794105910003648 2.630977262661547 14.8
      vertex 27.969818758029678 4.022416860968852 14.8
      vertex 27.811195317600227 4.150867590319081 14.8
    endloop
  endfacet
  facet normal 0 0 1
    outer loop
      vertex 27.491 2.7854174377005743 14.8
      vertex 27.666867590319082 4.295195317600227 14.8
      vertex 27.53841686096885 4.453818758029677 14.8
    endloop
  endfacet
  facet normal 0 0 1
    outer loop
      vertex 27.491 2.7854174377005743 14.8
      vertex 27.53841686096885 4.453818758029677 14.8
      vertex 27.427250462620343 4.625 14.8
    endloop
  endfacet
  facet normal 0 0 1
    outer loop
      vertex 30.43789408999635 2.630977262661547 14.8
      vertex 30.741 2.7854174377005743 14.8
      vertex 30.565132409680917 4.295195317600227 14.8
    endloop
  endfacet
  facet normal 0 0 1
    outer loop
      vertex 30.741 2.7854174377005743 14.8
      vertex 31.02630206995054 2.9706947682814207 14.8
      vertex 30.804749537379656 4.625 14.8
    endloop
  endfacet
  facet normal 0 0 1
    outer loop
      vertex 30.43789408999635 2.630977262661547 14.8
      vertex 30.420804682399773 4.150867590319081 14.8
      vertex 30.26218124197032 4.022416860968852 14.8
    endloop
  endfacet
  facet normal 0 0 1
    outer loop
      vertex 30.43789408999635 2.630977262661547 14.8
      vertex 30.565132409680917 4.295195317600227 14.8
      vertex 30.420804682399773 4.150867590319081 14.8
    endloop
  endfacet
  facet normal 0 0 1
    outer loop
      vertex 30.741 2.7854174377005743 14.8
      vertex 30.693583139031148 4.453818758029677 14.8
      vertex 30.565132409680917 4.295195317600227 14.8
    endloop
  endfacet
  facet normal 0 0 1
    outer loop
      vertex 31.02630206995054 2.9706947682814207 14.8
      vertex 31.29067447066629 3.184779317198468 14.8
      vertex 31.05531769596813 5.396169496628075 14.8
    endloop
  endfacet
  facet normal 0 0 1
    outer loop
      vertex 30.741 2.7854174377005743 14.8
      vertex 30.804749537379656 4.625 14.8
      vertex 30.693583139031148 4.453818758029677 14.8
    endloop
  endfacet
  facet normal -0.8910065241883675 -0.4539904997395476 0
    outer loop
      vertex 26.146977262661547 4.278105910003649 9.6
      vertex 26.301417437700575 3.9749999999999996 9.6
      vertex 26.146977262661547 4.278105910003649 14.8
    endloop
  endfacet
  facet normal -0.9335804264972009 -0.35836794954530254 0
    outer loop
      vertex 26.146977262661547 4.278105910003649 9.6
      vertex 26.02506632204075 4.595694768281421 14.8
      vertex 26.02506632204075 4.595694768281421 9.6
    endloop
  endfacet
  facet normal 0 0 -1
    outer loop
      vertex 28.11169476828142 2.5090663220407508 9.6
      vertex 28.440287004842283 8.778979702384868 9.6
      vertex 28.440287004842283 2.421020297615131 9.6
    endloop
  endfacet
  facet normal 0 0 -1
    outer loop
      vertex 27.794105910003648 2.630977262661547 9.6
      vertex 27.491 2.7854174377005743 9.6
      vertex 27.794105910003648 8.569022737338452 9.6
    endloop
  endfacet
  facet normal 0 0 -1
    outer loop
      vertex 27.20569793004946 2.9706947682814207 9.6
      vertex 27.491 8.414582562299426 9.6
      vertex 27.491 2.7854174377005743 9.6
    endloop
  endfacet
  facet normal 0 0 -1
    outer loop
      vertex 27.794105910003648 2.630977262661547 9.6
      vertex 28.11169476828142 8.690933677959249 9.6
      vertex 28.11169476828142 2.5090663220407508 9.6
    endloop
  endfacet
  facet normal 0 0 -1
    outer loop
      vertex 28.776282494380126 2.3678038400531114 9.6
      vertex 29.116 8.85 9.6
      vertex 29.116 2.3499999999999996 9.6
    endloop
  endfacet
  facet normal 0 0 -1
    outer loop
      vertex 28.440287004842283 2.421020297615131 9.6
      vertex 28.776282494380126 8.832196159946887 9.6
      vertex 28.776282494380126 2.3678038400531114 9.6
    endloop
  endfacet
  facet normal 0 0 -1
    outer loop
      vertex 29.116 2.3499999999999996 9.6
      vertex 29.455717505619873 8.832196159946887 9.6
      vertex 29.455717505619873 2.3678038400531114 9.6
    endloop
  endfacet
  facet normal 0 0 -1
    outer loop
      vertex 29.455717505619873 2.3678038400531114 9.6
      vertex 29.791712995157717 8.778979702384868 9.6
      vertex 29.791712995157717 2.421020297615131 9.6
    endloop
  endfacet
  facet normal 0 0 -1
    outer loop
      vertex 29.791712995157717 2.421020297615131 9.6
      vertex 30.12030523171858 8.690933677959249 9.6
      vertex 30.12030523171858 2.5090663220407508 9.6
    endloop
  endfacet
  facet normal -0.8910065241883675 -0.4539904997395476 0
    outer loop
      vertex 26.301417437700575 3.9749999999999996 9.6
      vertex 26.301417437700575 3.9749999999999996 14.8
      vertex 26.146977262661547 4.278105910003649 14.8
    endloop
  endfacet
  facet normal -0.9335804264972009 -0.35836794954530254 0
    outer loop
      vertex 26.146977262661547 4.278105910003649 9.6
      vertex 26.146977262661547 4.278105910003649 14.8
      vertex 26.02506632204075 4.595694768281421 14.8
    endloop
  endfacet
  facet normal -0.9659258262890683 -0.2588190451025207 0
    outer loop
      vertex 26.02506632204075 4.595694768281421 9.6
      vertex 26.02506632204075 4.595694768281421 14.8
      vertex 25.93702029761513 4.924287004842282 14.8
    endloop
  endfacet
  facet normal 0 0 -1
    outer loop
      vertex 26.700779317198467 3.42532552933371 9.6
      vertex 26.94132552933371 8.01522068280153 9.6
      vertex 26.94132552933371 3.184779317198468 9.6
    endloop
  endfacet
  facet normal 0 0 -1
    outer loop
      vertex 26.48669476828142 3.689697930049462 9.6
      vertex 26.700779317198467 7.774674470666289 9.6
      vertex 26.700779317198467 3.42532552933371 9.6
    endloop
  endfacet
  facet normal 0 0 -1
    outer loop
      vertex 26.48669476828142 3.689697930049462 9.6
      vertex 26.301417437700575 3.9749999999999996 9.6
      vertex 26.48669476828142 7.510302069950537 9.6
    endloop
  endfacet
  facet normal 0 0 -1
    outer loop
      vertex 26.146977262661547 4.278105910003649 9.6
      vertex 26.301417437700575 7.225 9.6
      vertex 26.301417437700575 3.9749999999999996 9.6
    endloop
  endfacet
  facet normal -0.9659258262890683 -0.2588190451025207 0
    outer loop
      vertex 26.02506632204075 4.595694768281421 9.6
      vertex 25.93702029761513 4.924287004842282 14.8
      vertex 25.93702029761513 4.924287004842282 9.6
    endloop
  endfacet
  facet normal -0.9876883405951381 -0.15643446504022862 0
    outer loop
      vertex 25.93702029761513 4.924287004842282 9.6
      vertex 25.883803840053112 5.260282494380126 14.8
      vertex 25.883803840053112 5.260282494380126 9.6
    endloop
  endfacet
  facet normal 0 0 -1
    outer loop
      vertex 26.02506632204075 4.595694768281421 9.6
      vertex 25.93702029761513 4.924287004842282 9.6
      vertex 26.02506632204075 6.604305231718579 9.6
    endloop
  endfacet
  facet normal 0 0 -1
    outer loop
      vertex 26.146977262661547 4.278105910003649 9.6
      vertex 26.02506632204075 4.595694768281421 9.6
      vertex 26.146977262661547 6.92189408999635 9.6
    endloop
  endfacet
  facet normal 0 0 -1
    outer loop
      vertex 25.93702029761513 4.924287004842282 9.6
      vertex 25.883803840053112 5.260282494380126 9.6
      vertex 25.93702029761513 6.2757129951577175 9.6
    endloop
  endfacet
  facet normal 0 0 -1
    outer loop
      vertex 25.883803840053112 5.260282494380126 9.6
      vertex 25.866 5.6 9.6
      vertex 25.883803840053112 5.939717505619873 9.6
    endloop
  endfacet
  facet normal -0.9986295347545737 -0.05233595624294548 0
    outer loop
      vertex 25.883803840053112 5.260282494380126 9.6
      vertex 25.866 5.6 14.8
      vertex 25.866 5.6 9.6
    endloop
  endfacet
  facet normal 0 0 -1
    outer loop
      vertex 27.20569793004946 2.9706947682814207 9.6
      vertex 26.94132552933371 3.184779317198468 9.6
      vertex 27.20569793004946 8.229305231718579 9.6
    endloop
  endfacet
  facet normal -0.9876883405951381 -0.15643446504022862 0
    outer loop
      vertex 25.93702029761513 4.924287004842282 9.6
      vertex 25.93702029761513 4.924287004842282 14.8
      vertex 25.883803840053112 5.260282494380126 14.8
    endloop
  endfacet
  facet normal -0.9986295347545737 -0.05233595624294548 0
    outer loop
      vertex 25.883803840053112 5.260282494380126 9.6
      vertex 25.883803840053112 5.260282494380126 14.8
      vertex 25.866 5.6 14.8
    endloop
  endfacet
  facet normal 0.8910065241883632 -0.45399049973955585 0
    outer loop
      vertex 31.930582562299424 3.9749999999999996 9.6
      vertex 32.085022737338456 4.278105910003649 9.6
      vertex 31.930582562299424 3.9749999999999996 14.8
    endloop
  endfacet
  facet normal 0 0 -1
    outer loop
      vertex 30.12030523171858 2.5090663220407508 9.6
      vertex 30.43789408999635 8.569022737338452 9.6
      vertex 30.43789408999635 2.630977262661547 9.6
    endloop
  endfacet
  facet normal 0 0 -1
    outer loop
      vertex 30.43789408999635 2.630977262661547 9.6
      vertex 30.741 8.414582562299426 9.6
      vertex 30.741 2.7854174377005743 9.6
    endloop
  endfacet
  facet normal 0 0 -1
    outer loop
      vertex 30.741 2.7854174377005743 9.6
      vertex 31.02630206995054 8.229305231718579 9.6
      vertex 31.02630206995054 2.9706947682814207 9.6
    endloop
  endfacet
  facet normal 0 0 -1
    outer loop
      vertex 31.02630206995054 2.9706947682814207 9.6
      vertex 31.29067447066629 8.01522068280153 9.6
      vertex 31.29067447066629 3.184779317198468 9.6
    endloop
  endfacet
  facet normal 0.9335804264972044 -0.3583679495452935 0
    outer loop
      vertex 32.085022737338456 4.278105910003649 9.6
      vertex 32.20693367795925 4.595694768281421 9.6
      vertex 32.085022737338456 4.278105910003649 14.8
    endloop
  endfacet
  facet normal 0.965925826289071 -0.25881904510251097 0
    outer loop
      vertex 32.20693367795925 4.595694768281421 9.6
      vertex 32.294979702384865 4.924287004842282 9.6
      vertex 32.20693367795925 4.595694768281421 14.8
    endloop
  endfacet
  facet normal 0.8910065241883632 -0.45399049973955585 0
    outer loop
      vertex 32.085022737338456 4.278105910003649 9.6
      vertex 32.085022737338456 4.278105910003649 14.8
      vertex 31.930582562299424 3.9749999999999996 14.8
    endloop
  endfacet
  facet normal 0.9335804264972044 -0.3583679495452935 0
    outer loop
      vertex 32.20693367795925 4.595694768281421 9.6
      vertex 32.20693367795925 4.595694768281421 14.8
      vertex 32.085022737338456 4.278105910003649 14.8
    endloop
  endfacet
  facet normal 0 0 -1
    outer loop
      vertex 31.29067447066629 3.184779317198468 9.6
      vertex 31.531220682801532 7.774674470666289 9.6
      vertex 31.531220682801532 3.42532552933371 9.6
    endloop
  endfacet
  facet normal 0 0 -1
    outer loop
      vertex 31.531220682801532 3.42532552933371 9.6
      vertex 31.74530523171858 7.510302069950537 9.6
      vertex 31.74530523171858 3.689697930049462 9.6
    endloop
  endfacet
  facet normal 0 0 -1
    outer loop
      vertex 31.74530523171858 3.689697930049462 9.6
      vertex 31.930582562299424 7.225 9.6
      vertex 31.930582562299424 3.9749999999999996 9.6
    endloop
  endfacet
  facet normal 0 0 -1
    outer loop
      vertex 31.930582562299424 3.9749999999999996 9.6
      vertex 32.085022737338456 6.92189408999635 9.6
      vertex 32.085022737338456 4.278105910003649 9.6
    endloop
  endfacet
  facet normal 0 0 -1
    outer loop
      vertex 32.085022737338456 4.278105910003649 9.6
      vertex 32.20693367795925 6.604305231718579 9.6
      vertex 32.20693367795925 4.595694768281421 9.6
    endloop
  endfacet
  facet normal 0.9876883405951364 -0.1564344650402388 0
    outer loop
      vertex 32.294979702384865 4.924287004842282 9.6
      vertex 32.34819615994689 5.260282494380126 9.6
      vertex 32.294979702384865 4.924287004842282 14.8
    endloop
  endfacet
  facet normal 0 0 -1
    outer loop
      vertex 32.20693367795925 4.595694768281421 9.6
      vertex 32.294979702384865 6.2757129951577175 9.6
      vertex 32.294979702384865 4.924287004842282 9.6
    endloop
  endfacet
  facet normal 0 0 -1
    outer loop
      vertex 32.294979702384865 4.924287004842282 9.6
      vertex 32.34819615994689 5.939717505619873 9.6
      vertex 32.34819615994689 5.260282494380126 9.6
    endloop
  endfacet
  facet normal 0 0 -1
    outer loop
      vertex 32.34819615994689 5.260282494380126 9.6
      vertex 32.34819615994689 5.939717505619873 9.6
      vertex 32.366 5.6 9.6
    endloop
  endfacet
  facet normal 0.9986295347545737 -0.05233595624294548 0
    outer loop
      vertex 32.34819615994689 5.260282494380126 9.6
      vertex 32.366 5.6 9.6
      vertex 32.34819615994689 5.260282494380126 14.8
    endloop
  endfacet
  facet normal 0.965925826289071 -0.25881904510251097 0
    outer loop
      vertex 32.294979702384865 4.924287004842282 9.6
      vertex 32.294979702384865 4.924287004842282 14.8
      vertex 32.20693367795925 4.595694768281421 14.8
    endloop
  endfacet
  facet normal 0.9876883405951364 -0.1564344650402388 0
    outer loop
      vertex 32.34819615994689 5.260282494380126 9.6
      vertex 32.34819615994689 5.260282494380126 14.8
      vertex 32.294979702384865 4.924287004842282 14.8
    endloop
  endfacet
  facet normal 0.9986295347545737 -0.05233595624294548 0
    outer loop
      vertex 32.34819615994689 5.260282494380126 14.8
      vertex 32.366 5.6 9.6
      vertex 32.366 5.6 14.8
    endloop
  endfacet
  facet normal 0 0 1
    outer loop
      vertex 27.20569793004946 2.9706947682814207 14.8
      vertex 27.427250462620343 4.625 14.8
      vertex 27.33458635759693 4.806863546002189 14.8
    endloop
  endfacet
  facet normal 0 0 1
    outer loop
      vertex 27.20569793004946 2.9706947682814207 14.8
      vertex 27.33458635759693 4.806863546002189 14.8
      vertex 27.26143979322445 4.997416860968852 14.8
    endloop
  endfacet
  facet normal 0 0 1
    outer loop
      vertex 27.20569793004946 2.9706947682814207 14.8
      vertex 27.26143979322445 4.997416860968852 14.8
      vertex 27.20861217856908 5.194572202905369 14.8
    endloop
  endfacet
  facet normal 0 0 1
    outer loop
      vertex 27.20569793004946 2.9706947682814207 14.8
      vertex 27.20861217856908 5.194572202905369 14.8
      vertex 27.176682304031868 5.396169496628075 14.8
    endloop
  endfacet
  facet normal 0 0 1
    outer loop
      vertex 27.20569793004946 2.9706947682814207 14.8
      vertex 26.94132552933371 8.01522068280153 14.8
      vertex 26.94132552933371 3.184779317198468 14.8
    endloop
  endfacet
  facet normal 0 0 1
    outer loop
      vertex 26.700779317198467 3.42532552933371 14.8
      vertex 26.94132552933371 3.184779317198468 14.8
      vertex 26.700779317198467 7.774674470666289 14.8
    endloop
  endfacet
  facet normal 0 0 1
    outer loop
      vertex 26.48669476828142 3.689697930049462 14.8
      vertex 26.700779317198467 3.42532552933371 14.8
      vertex 26.48669476828142 7.510302069950537 14.8
    endloop
  endfacet
  facet normal 0 0 1
    outer loop
      vertex 26.48669476828142 3.689697930049462 14.8
      vertex 26.301417437700575 7.225 14.8
      vertex 26.301417437700575 3.9749999999999996 14.8
    endloop
  endfacet
  facet normal 0 0 1
    outer loop
      vertex 26.146977262661547 4.278105910003649 14.8
      vertex 26.301417437700575 3.9749999999999996 14.8
      vertex 26.146977262661547 6.92189408999635 14.8
    endloop
  endfacet
  facet normal 0 0 1
    outer loop
      vertex 26.146977262661547 4.278105910003649 14.8
      vertex 26.02506632204075 6.604305231718579 14.8
      vertex 26.02506632204075 4.595694768281421 14.8
    endloop
  endfacet
  facet normal 0 0 1
    outer loop
      vertex 26.02506632204075 4.595694768281421 14.8
      vertex 25.93702029761513 6.2757129951577175 14.8
      vertex 25.93702029761513 4.924287004842282 14.8
    endloop
  endfacet
  facet normal 0 0 1
    outer loop
      vertex 25.93702029761513 4.924287004842282 14.8
      vertex 25.883803840053112 5.939717505619873 14.8
      vertex 25.883803840053112 5.260282494380126 14.8
    endloop
  endfacet
  facet normal 0 0 1
    outer loop
      vertex 25.883803840053112 5.260282494380126 14.8
      vertex 25.883803840053112 5.939717505619873 14.8
      vertex 25.866 5.6 14.8
    endloop
  endfacet
  facet normal 0 0 1
    outer loop
      vertex 27.20569793004946 2.9706947682814207 14.8
      vertex 27.176682304031868 5.396169496628075 14.8
      vertex 26.94132552933371 8.01522068280153 14.8
    endloop
  endfacet
  facet normal 0 0 1
    outer loop
      vertex 31.02630206995054 2.9706947682814207 14.8
      vertex 30.89741364240307 4.806863546002189 14.8
      vertex 30.804749537379656 4.625 14.8
    endloop
  endfacet
  facet normal 0 0 1
    outer loop
      vertex 31.02630206995054 2.9706947682814207 14.8
      vertex 30.97056020677555 4.997416860968852 14.8
      vertex 30.89741364240307 4.806863546002189 14.8
    endloop
  endfacet
  facet normal 0 0 1
    outer loop
      vertex 31.02630206995054 2.9706947682814207 14.8
      vertex 31.02338782143092 5.194572202905369 14.8
      vertex 30.97056020677555 4.997416860968852 14.8
    endloop
  endfacet
  facet normal 0 0 1
    outer loop
      vertex 31.02630206995054 2.9706947682814207 14.8
      vertex 31.05531769596813 5.396169496628075 14.8
      vertex 31.02338782143092 5.194572202905369 14.8
    endloop
  endfacet
  facet normal 0 0 1
    outer loop
      vertex 31.29067447066629 3.184779317198468 14.8
      vertex 31.066 5.6 14.8
      vertex 31.05531769596813 5.396169496628075 14.8
    endloop
  endfacet
  facet normal 0 0 1
    outer loop
      vertex 31.29067447066629 3.184779317198468 14.8
      vertex 31.05531769596813 5.803830503371924 14.8
      vertex 31.066 5.6 14.8
    endloop
  endfacet
  facet normal 0 0 1
    outer loop
      vertex 31.29067447066629 3.184779317198468 14.8
      vertex 31.531220682801532 3.42532552933371 14.8
      vertex 31.29067447066629 8.01522068280153 14.8
    endloop
  endfacet
  facet normal 0 0 1
    outer loop
      vertex 31.531220682801532 3.42532552933371 14.8
      vertex 31.74530523171858 3.689697930049462 14.8
      vertex 31.531220682801532 7.774674470666289 14.8
    endloop
  endfacet
  facet normal 0 0 1
    outer loop
      vertex 31.74530523171858 3.689697930049462 14.8
      vertex 31.930582562299424 3.9749999999999996 14.8
      vertex 31.74530523171858 7.510302069950537 14.8
    endloop
  endfacet
  facet normal 0 0 1
    outer loop
      vertex 31.930582562299424 3.9749999999999996 14.8
      vertex 32.085022737338456 4.278105910003649 14.8
      vertex 31.930582562299424 7.225 14.8
    endloop
  endfacet
  facet normal 0 0 1
    outer loop
      vertex 32.085022737338456 4.278105910003649 14.8
      vertex 32.20693367795925 4.595694768281421 14.8
      vertex 32.085022737338456 6.92189408999635 14.8
    endloop
  endfacet
  facet normal 0 0 1
    outer loop
      vertex 32.20693367795925 4.595694768281421 14.8
      vertex 32.294979702384865 4.924287004842282 14.8
      vertex 32.20693367795925 6.604305231718579 14.8
    endloop
  endfacet
  facet normal 0 0 1
    outer loop
      vertex 32.294979702384865 4.924287004842282 14.8
      vertex 32.34819615994689 5.260282494380126 14.8
      vertex 32.294979702384865 6.2757129951577175 14.8
    endloop
  endfacet
  facet normal 0 0 1
    outer loop
      vertex 32.34819615994689 5.260282494380126 14.8
      vertex 32.366 5.6 14.8
      vertex 32.34819615994689 5.939717505619873 14.8
    endloop
  endfacet
  facet normal -0.2588190451025235 -0.9659258262890675 0
    outer loop
      vertex 28.513416860968853 3.7454397932244503 24.6
      vertex 28.513416860968853 3.7454397932244503 14.8
      vertex 28.710572202905368 3.6926121785690786 14.8
    endloop
  endfacet
  facet normal -0.3583679495452982 -0.9335804264972026 0
    outer loop
      vertex 28.32286354600219 3.818586357596928 24.6
      vertex 28.32286354600219 3.818586357596928 14.8
      vertex 28.513416860968853 3.7454397932244503 14.8
    endloop
  endfacet
  facet normal -0.4539904997395454 -0.8910065241883685 0
    outer loop
      vertex 28.141 3.9112504626203446 24.6
      vertex 28.141 3.9112504626203446 14.8
      vertex 28.32286354600219 3.818586357596928 14.8
    endloop
  endfacet
  facet normal -0.05233595624294511 -0.9986295347545737 0
    outer loop
      vertex 28.912169496628074 3.660682304031867 24.6
      vertex 28.912169496628074 3.660682304031867 14.8
      vertex 29.116 3.6499999999999995 14.8
    endloop
  endfacet
  facet normal 0.05233595624294511 -0.9986295347545737 0
    outer loop
      vertex 29.116 3.6499999999999995 24.6
      vertex 29.116 3.6499999999999995 14.8
      vertex 29.319830503371925 3.660682304031867 14.8
    endloop
  endfacet
  facet normal -0.15643446504023029 -0.9876883405951378 0
    outer loop
      vertex 28.710572202905368 3.6926121785690786 24.6
      vertex 28.710572202905368 3.6926121785690786 14.8
      vertex 28.912169496628074 3.660682304031867 14.8
    endloop
  endfacet
  facet normal 0.15643446504023029 -0.9876883405951378 0
    outer loop
      vertex 29.319830503371925 3.660682304031867 24.6
      vertex 29.319830503371925 3.660682304031867 14.8
      vertex 29.52142779709463 3.6926121785690786 14.8
    endloop
  endfacet
  facet normal 0.2588190451025235 -0.9659258262890675 0
    outer loop
      vertex 29.52142779709463 3.6926121785690786 24.6
      vertex 29.52142779709463 3.6926121785690786 14.8
      vertex 29.718583139031146 3.7454397932244503 14.8
    endloop
  endfacet
  facet normal 0.3583679495452982 -0.9335804264972026 0
    outer loop
      vertex 29.718583139031146 3.7454397932244503 24.6
      vertex 29.718583139031146 3.7454397932244503 14.8
      vertex 29.90913645399781 3.818586357596928 14.8
    endloop
  endfacet
  facet normal 0.4539904997395454 -0.8910065241883685 0
    outer loop
      vertex 29.90913645399781 3.818586357596928 24.6
      vertex 29.90913645399781 3.818586357596928 14.8
      vertex 30.091 3.9112504626203446 14.8
    endloop
  endfacet
  facet normal 0.5446390350150326 -0.8386705679454205 0
    outer loop
      vertex 30.091 3.9112504626203446 24.6
      vertex 30.091 3.9112504626203446 14.8
      vertex 30.26218124197032 4.022416860968852 14.8
    endloop
  endfacet
  facet normal -0.3583679495452982 -0.9335804264972026 0
    outer loop
      vertex 28.32286354600219 3.818586357596928 24.6
      vertex 28.513416860968853 3.7454397932244503 14.8
      vertex 28.513416860968853 3.7454397932244503 24.6
    endloop
  endfacet
  facet normal -0.4539904997395454 -0.8910065241883685 0
    outer loop
      vertex 28.32286354600219 3.818586357596928 24.6
      vertex 28.141 3.9112504626203446 24.6
      vertex 28.32286354600219 3.818586357596928 14.8
    endloop
  endfacet
  facet normal -0.5446390350150326 -0.8386705679454205 0
    outer loop
      vertex 27.969818758029678 4.022416860968852 24.6
      vertex 28.141 3.9112504626203446 14.8
      vertex 28.141 3.9112504626203446 24.6
    endloop
  endfacet
  facet normal -0.05233595624294511 -0.9986295347545737 0
    outer loop
      vertex 28.912169496628074 3.660682304031867 24.6
      vertex 29.116 3.6499999999999995 14.8
      vertex 29.116 3.6499999999999995 24.6
    endloop
  endfacet
  facet normal 0.05233595624294511 -0.9986295347545737 0
    outer loop
      vertex 29.116 3.6499999999999995 24.6
      vertex 29.319830503371925 3.660682304031867 14.8
      vertex 29.319830503371925 3.660682304031867 24.6
    endloop
  endfacet
  facet normal -0.2588190451025235 -0.9659258262890675 0
    outer loop
      vertex 28.513416860968853 3.7454397932244503 24.6
      vertex 28.710572202905368 3.6926121785690786 14.8
      vertex 28.710572202905368 3.6926121785690786 24.6
    endloop
  endfacet
  facet normal -0.15643446504023029 -0.9876883405951378 0
    outer loop
      vertex 28.710572202905368 3.6926121785690786 24.6
      vertex 28.912169496628074 3.660682304031867 14.8
      vertex 28.912169496628074 3.660682304031867 24.6
    endloop
  endfacet
  facet normal 0.15643446504023029 -0.9876883405951378 0
    outer loop
      vertex 29.319830503371925 3.660682304031867 24.6
      vertex 29.52142779709463 3.6926121785690786 14.8
      vertex 29.52142779709463 3.6926121785690786 24.6
    endloop
  endfacet
  facet normal 0.2588190451025235 -0.9659258262890675 0
    outer loop
      vertex 29.52142779709463 3.6926121785690786 24.6
      vertex 29.718583139031146 3.7454397932244503 14.8
      vertex 29.718583139031146 3.7454397932244503 24.6
    endloop
  endfacet
  facet normal 0.3583679495452982 -0.9335804264972026 0
    outer loop
      vertex 29.718583139031146 3.7454397932244503 24.6
      vertex 29.90913645399781 3.818586357596928 14.8
      vertex 29.90913645399781 3.818586357596928 24.6
    endloop
  endfacet
  facet normal 0.4539904997395454 -0.8910065241883685 0
    outer loop
      vertex 29.90913645399781 3.818586357596928 24.6
      vertex 30.091 3.9112504626203446 14.8
      vertex 30.091 3.9112504626203446 24.6
    endloop
  endfacet
  facet normal -0.5446390350150326 -0.8386705679454205 0
    outer loop
      vertex 27.969818758029678 4.022416860968852 24.6
      vertex 27.969818758029678 4.022416860968852 14.8
      vertex 28.141 3.9112504626203446 14.8
    endloop
  endfacet
  facet normal -0.6293203910498343 -0.7771459614569733 0
    outer loop
      vertex 27.811195317600227 4.150867590319081 24.6
      vertex 27.811195317600227 4.150867590319081 14.8
      vertex 27.969818758029678 4.022416860968852 14.8
    endloop
  endfacet
  facet normal -0.7071067811865518 -0.7071067811865431 0
    outer loop
      vertex 27.666867590319082 4.295195317600227 24.6
      vertex 27.666867590319082 4.295195317600227 14.8
      vertex 27.811195317600227 4.150867590319081 14.8
    endloop
  endfacet
  facet normal 0.6293203910498343 -0.7771459614569733 0
    outer loop
      vertex 30.26218124197032 4.022416860968852 24.6
      vertex 30.26218124197032 4.022416860968852 14.8
      vertex 30.420804682399773 4.150867590319081 14.8
    endloop
  endfacet
  facet normal -0.7771459614569652 -0.6293203910498443 0
    outer loop
      vertex 27.53841686096885 4.453818758029677 24.6
      vertex 27.53841686096885 4.453818758029677 14.8
      vertex 27.666867590319082 4.295195317600227 14.8
    endloop
  endfacet
  facet normal -0.8386705679454222 -0.5446390350150297 0
    outer loop
      vertex 27.427250462620343 4.625 24.6
      vertex 27.427250462620343 4.625 14.8
      vertex 27.53841686096885 4.453818758029677 14.8
    endloop
  endfacet
  facet normal -0.8910065241883738 -0.45399049973953515 0
    outer loop
      vertex 27.33458635759693 4.806863546002189 24.6
      vertex 27.33458635759693 4.806863546002189 14.8
      vertex 27.427250462620343 4.625 14.8
    endloop
  endfacet
  facet normal -0.9335804264971999 -0.3583679495453053 0
    outer loop
      vertex 27.26143979322445 4.997416860968852 24.6
      vertex 27.26143979322445 4.997416860968852 14.8
      vertex 27.33458635759693 4.806863546002189 14.8
    endloop
  endfacet
  facet normal -0.9659258262890692 -0.25881904510251724 0
    outer loop
      vertex 27.20861217856908 5.194572202905369 24.6
      vertex 27.20861217856908 5.194572202905369 14.8
      vertex 27.26143979322445 4.997416860968852 14.8
    endloop
  endfacet
  facet normal -0.9876883405951375 -0.15643446504023245 0
    outer loop
      vertex 27.176682304031868 5.396169496628075 24.6
      vertex 27.176682304031868 5.396169496628075 14.8
      vertex 27.20861217856908 5.194572202905369 14.8
    endloop
  endfacet
  facet normal -0.9986295347545738 -0.05233595624294535 0
    outer loop
      vertex 27.166 5.6 24.6
      vertex 27.166 5.6 14.8
      vertex 27.176682304031868 5.396169496628075 14.8
    endloop
  endfacet
  facet normal 0.7071067811865518 -0.7071067811865431 0
    outer loop
      vertex 30.420804682399773 4.150867590319081 24.6
      vertex 30.420804682399773 4.150867590319081 14.8
      vertex 30.565132409680917 4.295195317600227 14.8
    endloop
  endfacet
  facet normal 0.7771459614569652 -0.6293203910498443 0
    outer loop
      vertex 30.565132409680917 4.295195317600227 24.6
      vertex 30.565132409680917 4.295195317600227 14.8
      vertex 30.693583139031148 4.453818758029677 14.8
    endloop
  endfacet
  facet normal 0.8386705679454222 -0.5446390350150297 0
    outer loop
      vertex 30.693583139031148 4.453818758029677 24.6
      vertex 30.693583139031148 4.453818758029677 14.8
      vertex 30.804749537379656 4.625 14.8
    endloop
  endfacet
  facet normal 0.8910065241883738 -0.45399049973953515 0
    outer loop
      vertex 30.804749537379656 4.625 24.6
      vertex 30.804749537379656 4.625 14.8
      vertex 30.89741364240307 4.806863546002189 14.8
    endloop
  endfacet
  facet normal 0.9335804264971999 -0.3583679495453053 0
    outer loop
      vertex 30.89741364240307 4.806863546002189 24.6
      vertex 30.89741364240307 4.806863546002189 14.8
      vertex 30.97056020677555 4.997416860968852 14.8
    endloop
  endfacet
  facet normal 0.9659258262890692 -0.25881904510251724 0
    outer loop
      vertex 30.97056020677555 4.997416860968852 24.6
      vertex 30.97056020677555 4.997416860968852 14.8
      vertex 31.02338782143092 5.194572202905369 14.8
    endloop
  endfacet
  facet normal 0.9876883405951375 -0.15643446504023245 0
    outer loop
      vertex 31.02338782143092 5.194572202905369 24.6
      vertex 31.02338782143092 5.194572202905369 14.8
      vertex 31.05531769596813 5.396169496628075 14.8
    endloop
  endfacet
  facet normal 0.9986295347545738 -0.05233595624294535 0
    outer loop
      vertex 31.05531769596813 5.396169496628075 24.6
      vertex 31.05531769596813 5.396169496628075 14.8
      vertex 31.066 5.6 14.8
    endloop
  endfacet
  facet normal -0.6293203910498343 -0.7771459614569733 0
    outer loop
      vertex 27.969818758029678 4.022416860968852 24.6
      vertex 27.811195317600227 4.150867590319081 24.6
      vertex 27.969818758029678 4.022416860968852 14.8
    endloop
  endfacet
  facet normal -0.7771459614569652 -0.6293203910498443 0
    outer loop
      vertex 27.53841686096885 4.453818758029677 24.6
      vertex 27.666867590319082 4.295195317600227 14.8
      vertex 27.666867590319082 4.295195317600227 24.6
    endloop
  endfacet
  facet normal -0.7071067811865518 -0.7071067811865431 0
    outer loop
      vertex 27.666867590319082 4.295195317600227 24.6
      vertex 27.811195317600227 4.150867590319081 14.8
      vertex 27.811195317600227 4.150867590319081 24.6
    endloop
  endfacet
  facet normal 0.5446390350150326 -0.8386705679454205 0
    outer loop
      vertex 30.091 3.9112504626203446 24.6
      vertex 30.26218124197032 4.022416860968852 14.8
      vertex 30.26218124197032 4.022416860968852 24.6
    endloop
  endfacet
  facet normal -0.8386705679454222 -0.5446390350150297 0
    outer loop
      vertex 27.53841686096885 4.453818758029677 24.6
      vertex 27.427250462620343 4.625 24.6
      vertex 27.53841686096885 4.453818758029677 14.8
    endloop
  endfacet
  facet normal -0.8910065241883738 -0.45399049973953515 0
    outer loop
      vertex 27.33458635759693 4.806863546002189 24.6
      vertex 27.427250462620343 4.625 14.8
      vertex 27.427250462620343 4.625 24.6
    endloop
  endfacet
  facet normal -0.9335804264971999 -0.3583679495453053 0
    outer loop
      vertex 27.33458635759693 4.806863546002189 24.6
      vertex 27.26143979322445 4.997416860968852 24.6
      vertex 27.33458635759693 4.806863546002189 14.8
    endloop
  endfacet
  facet normal -0.9659258262890692 -0.25881904510251724 0
    outer loop
      vertex 27.26143979322445 4.997416860968852 24.6
      vertex 27.20861217856908 5.194572202905369 24.6
      vertex 27.26143979322445 4.997416860968852 14.8
    endloop
  endfacet
  facet normal -0.9876883405951375 -0.15643446504023245 0
    outer loop
      vertex 27.20861217856908 5.194572202905369 24.6
      vertex 27.176682304031868 5.396169496628075 24.6
      vertex 27.20861217856908 5.194572202905369 14.8
    endloop
  endfacet
  facet normal -0.9986295347545738 -0.05233595624294535 0
    outer loop
      vertex 27.176682304031868 5.396169496628075 24.6
      vertex 27.166 5.6 24.6
      vertex 27.176682304031868 5.396169496628075 14.8
    endloop
  endfacet
  facet normal 0 0 1
    outer loop
      vertex 28.32286354600219 3.818586357596928 24.6
      vertex 28.513416860968853 3.7454397932244503 24.6
      vertex 28.32286354600219 7.381413642403071 24.6
    endloop
  endfacet
  facet normal 0 0 1
    outer loop
      vertex 28.513416860968853 3.7454397932244503 24.6
      vertex 28.710572202905368 3.6926121785690786 24.6
      vertex 28.513416860968853 7.4545602067755485 24.6
    endloop
  endfacet
  facet normal 0 0 1
    outer loop
      vertex 27.666867590319082 4.295195317600227 24.6
      vertex 27.811195317600227 4.150867590319081 24.6
      vertex 27.666867590319082 6.904804682399773 24.6
    endloop
  endfacet
  facet normal 0 0 1
    outer loop
      vertex 27.53841686096885 4.453818758029677 24.6
      vertex 27.666867590319082 4.295195317600227 24.6
      vertex 27.53841686096885 6.746181241970322 24.6
    endloop
  endfacet
  facet normal 0 0 1
    outer loop
      vertex 27.969818758029678 4.022416860968852 24.6
      vertex 28.141 3.9112504626203446 24.6
      vertex 27.969818758029678 7.177583139031147 24.6
    endloop
  endfacet
  facet normal 0 0 1
    outer loop
      vertex 27.969818758029678 4.022416860968852 24.6
      vertex 27.811195317600227 7.049132409680919 24.6
      vertex 27.811195317600227 4.150867590319081 24.6
    endloop
  endfacet
  facet normal 0 0 1
    outer loop
      vertex 28.32286354600219 3.818586357596928 24.6
      vertex 28.141 7.288749537379655 24.6
      vertex 28.141 3.9112504626203446 24.6
    endloop
  endfacet
  facet normal 0 0 1
    outer loop
      vertex 28.710572202905368 3.6926121785690786 24.6
      vertex 28.912169496628074 3.660682304031867 24.6
      vertex 28.710572202905368 7.507387821430921 24.6
    endloop
  endfacet
  facet normal 0 0 1
    outer loop
      vertex 28.912169496628074 3.660682304031867 24.6
      vertex 29.116 3.6499999999999995 24.6
      vertex 28.912169496628074 7.5393176959681325 24.6
    endloop
  endfacet
  facet normal 0 0 1
    outer loop
      vertex 29.116 3.6499999999999995 24.6
      vertex 29.319830503371925 3.660682304031867 24.6
      vertex 29.116 7.55 24.6
    endloop
  endfacet
  facet normal 0 0 1
    outer loop
      vertex 29.319830503371925 3.660682304031867 24.6
      vertex 29.52142779709463 3.6926121785690786 24.6
      vertex 29.319830503371925 7.5393176959681325 24.6
    endloop
  endfacet
  facet normal 0 0 1
    outer loop
      vertex 29.52142779709463 3.6926121785690786 24.6
      vertex 29.718583139031146 3.7454397932244503 24.6
      vertex 29.52142779709463 7.507387821430921 24.6
    endloop
  endfacet
  facet normal 0 0 1
    outer loop
      vertex 29.718583139031146 3.7454397932244503 24.6
      vertex 29.90913645399781 3.818586357596928 24.6
      vertex 29.718583139031146 7.4545602067755485 24.6
    endloop
  endfacet
  facet normal 0 0 1
    outer loop
      vertex 29.90913645399781 3.818586357596928 24.6
      vertex 30.091 3.9112504626203446 24.6
      vertex 29.90913645399781 7.381413642403071 24.6
    endloop
  endfacet
  facet normal 0 0 1
    outer loop
      vertex 30.091 3.9112504626203446 24.6
      vertex 30.26218124197032 4.022416860968852 24.6
      vertex 30.091 7.288749537379655 24.6
    endloop
  endfacet
  facet normal 0 0 1
    outer loop
      vertex 30.26218124197032 4.022416860968852 24.6
      vertex 30.420804682399773 4.150867590319081 24.6
      vertex 30.26218124197032 7.177583139031147 24.6
    endloop
  endfacet
  facet normal 0 0 1
    outer loop
      vertex 27.53841686096885 4.453818758029677 24.6
      vertex 27.427250462620343 6.574999999999999 24.6
      vertex 27.427250462620343 4.625 24.6
    endloop
  endfacet
  facet normal 0 0 1
    outer loop
      vertex 27.33458635759693 4.806863546002189 24.6
      vertex 27.427250462620343 4.625 24.6
      vertex 27.33458635759693 6.39313645399781 24.6
    endloop
  endfacet
  facet normal 0 0 1
    outer loop
      vertex 27.33458635759693 4.806863546002189 24.6
      vertex 27.26143979322445 6.202583139031147 24.6
      vertex 27.26143979322445 4.997416860968852 24.6
    endloop
  endfacet
  facet normal 0 0 1
    outer loop
      vertex 27.26143979322445 4.997416860968852 24.6
      vertex 27.20861217856908 6.00542779709463 24.6
      vertex 27.20861217856908 5.194572202905369 24.6
    endloop
  endfacet
  facet normal 0 0 1
    outer loop
      vertex 27.20861217856908 5.194572202905369 24.6
      vertex 27.176682304031868 5.803830503371924 24.6
      vertex 27.176682304031868 5.396169496628075 24.6
    endloop
  endfacet
  facet normal 0 0 1
    outer loop
      vertex 27.176682304031868 5.396169496628075 24.6
      vertex 27.176682304031868 5.803830503371924 24.6
      vertex 27.166 5.6 24.6
    endloop
  endfacet
  facet normal 0.6293203910498343 -0.7771459614569733 0
    outer loop
      vertex 30.26218124197032 4.022416860968852 24.6
      vertex 30.420804682399773 4.150867590319081 14.8
      vertex 30.420804682399773 4.150867590319081 24.6
    endloop
  endfacet
  facet normal 0.7071067811865518 -0.7071067811865431 0
    outer loop
      vertex 30.420804682399773 4.150867590319081 24.6
      vertex 30.565132409680917 4.295195317600227 14.8
      vertex 30.565132409680917 4.295195317600227 24.6
    endloop
  endfacet
  facet normal 0.7771459614569652 -0.6293203910498443 0
    outer loop
      vertex 30.565132409680917 4.295195317600227 24.6
      vertex 30.693583139031148 4.453818758029677 14.8
      vertex 30.693583139031148 4.453818758029677 24.6
    endloop
  endfacet
  facet normal 0.8386705679454222 -0.5446390350150297 0
    outer loop
      vertex 30.693583139031148 4.453818758029677 24.6
      vertex 30.804749537379656 4.625 14.8
      vertex 30.804749537379656 4.625 24.6
    endloop
  endfacet
  facet normal 0.8910065241883738 -0.45399049973953515 0
    outer loop
      vertex 30.804749537379656 4.625 24.6
      vertex 30.89741364240307 4.806863546002189 14.8
      vertex 30.89741364240307 4.806863546002189 24.6
    endloop
  endfacet
  facet normal 0.9335804264971999 -0.3583679495453053 0
    outer loop
      vertex 30.89741364240307 4.806863546002189 24.6
      vertex 30.97056020677555 4.997416860968852 14.8
      vertex 30.97056020677555 4.997416860968852 24.6
    endloop
  endfacet
  facet normal 0.9659258262890692 -0.25881904510251724 0
    outer loop
      vertex 30.97056020677555 4.997416860968852 24.6
      vertex 31.02338782143092 5.194572202905369 14.8
      vertex 31.02338782143092 5.194572202905369 24.6
    endloop
  endfacet
  facet normal 0.9876883405951375 -0.15643446504023245 0
    outer loop
      vertex 31.02338782143092 5.194572202905369 24.6
      vertex 31.05531769596813 5.396169496628075 14.8
      vertex 31.05531769596813 5.396169496628075 24.6
    endloop
  endfacet
  facet normal 0.9986295347545738 -0.05233595624294535 0
    outer loop
      vertex 31.05531769596813 5.396169496628075 24.6
      vertex 31.066 5.6 14.8
      vertex 31.066 5.6 24.6
    endloop
  endfacet
  facet normal 0 0 1
    outer loop
      vertex 30.420804682399773 4.150867590319081 24.6
      vertex 30.565132409680917 4.295195317600227 24.6
      vertex 30.420804682399773 7.049132409680919 24.6
    endloop
  endfacet
  facet normal 0 0 1
    outer loop
      vertex 30.565132409680917 4.295195317600227 24.6
      vertex 30.693583139031148 4.453818758029677 24.6
      vertex 30.565132409680917 6.904804682399773 24.6
    endloop
  endfacet
  facet normal 0 0 1
    outer loop
      vertex 30.693583139031148 4.453818758029677 24.6
      vertex 30.804749537379656 4.625 24.6
      vertex 30.693583139031148 6.746181241970322 24.6
    endloop
  endfacet
  facet normal 0 0 1
    outer loop
      vertex 30.804749537379656 4.625 24.6
      vertex 30.89741364240307 4.806863546002189 24.6
      vertex 30.804749537379656 6.574999999999999 24.6
    endloop
  endfacet
  facet normal 0 0 1
    outer loop
      vertex 30.89741364240307 4.806863546002189 24.6
      vertex 30.97056020677555 4.997416860968852 24.6
      vertex 30.89741364240307 6.39313645399781 24.6
    endloop
  endfacet
  facet normal 0 0 1
    outer loop
      vertex 30.97056020677555 4.997416860968852 24.6
      vertex 31.02338782143092 5.194572202905369 24.6
      vertex 30.97056020677555 6.202583139031147 24.6
    endloop
  endfacet
  facet normal 0 0 1
    outer loop
      vertex 31.02338782143092 5.194572202905369 24.6
      vertex 31.05531769596813 5.396169496628075 24.6
      vertex 31.02338782143092 6.00542779709463 24.6
    endloop
  endfacet
  facet normal 0 0 1
    outer loop
      vertex 31.05531769596813 5.396169496628075 24.6
      vertex 31.066 5.6 24.6
      vertex 31.05531769596813 5.803830503371924 24.6
    endloop
  endfacet
  facet normal 0 0 -1
    outer loop
      vertex 25.883803840053112 5.260282494380126 9.6
      vertex 25.883803840053112 5.939717505619873 9.6
      vertex 25.93702029761513 6.2757129951577175 9.6
    endloop
  endfacet
  facet normal 0 0 -1
    outer loop
      vertex 25.93702029761513 4.924287004842282 9.6
      vertex 25.93702029761513 6.2757129951577175 9.6
      vertex 26.02506632204075 6.604305231718579 9.6
    endloop
  endfacet
  facet normal -0.9986295347545737 0.05233595624294548 0
    outer loop
      vertex 25.866 5.6 9.6
      vertex 25.883803840053112 5.939717505619873 14.8
      vertex 25.883803840053112 5.939717505619873 9.6
    endloop
  endfacet
  facet normal 0 0 -1
    outer loop
      vertex 26.02506632204075 4.595694768281421 9.6
      vertex 26.02506632204075 6.604305231718579 9.6
      vertex 26.146977262661547 6.92189408999635 9.6
    endloop
  endfacet
  facet normal 0 0 -1
    outer loop
      vertex 26.146977262661547 4.278105910003649 9.6
      vertex 26.146977262661547 6.92189408999635 9.6
      vertex 26.301417437700575 7.225 9.6
    endloop
  endfacet
  facet normal 0 0 -1
    outer loop
      vertex 26.301417437700575 3.9749999999999996 9.6
      vertex 26.301417437700575 7.225 9.6
      vertex 26.48669476828142 7.510302069950537 9.6
    endloop
  endfacet
  facet normal 0 0 -1
    outer loop
      vertex 26.48669476828142 3.689697930049462 9.6
      vertex 26.48669476828142 7.510302069950537 9.6
      vertex 26.700779317198467 7.774674470666289 9.6
    endloop
  endfacet
  facet normal 0 0 -1
    outer loop
      vertex 26.700779317198467 3.42532552933371 9.6
      vertex 26.700779317198467 7.774674470666289 9.6
      vertex 26.94132552933371 8.01522068280153 9.6
    endloop
  endfacet
  facet normal -0.9876883405951381 0.15643446504022862 0
    outer loop
      vertex 25.883803840053112 5.939717505619873 9.6
      vertex 25.93702029761513 6.2757129951577175 14.8
      vertex 25.93702029761513 6.2757129951577175 9.6
    endloop
  endfacet
  facet normal -0.9986295347545737 0.05233595624294548 0
    outer loop
      vertex 25.866 5.6 9.6
      vertex 25.866 5.6 14.8
      vertex 25.883803840053112 5.939717505619873 14.8
    endloop
  endfacet
  facet normal -0.9876883405951381 0.15643446504022862 0
    outer loop
      vertex 25.883803840053112 5.939717505619873 9.6
      vertex 25.883803840053112 5.939717505619873 14.8
      vertex 25.93702029761513 6.2757129951577175 14.8
    endloop
  endfacet
  facet normal -0.9659258262890683 0.2588190451025207 0
    outer loop
      vertex 25.93702029761513 6.2757129951577175 9.6
      vertex 25.93702029761513 6.2757129951577175 14.8
      vertex 26.02506632204075 6.604305231718579 14.8
    endloop
  endfacet
  facet normal -0.9659258262890683 0.2588190451025207 0
    outer loop
      vertex 25.93702029761513 6.2757129951577175 9.6
      vertex 26.02506632204075 6.604305231718579 14.8
      vertex 26.02506632204075 6.604305231718579 9.6
    endloop
  endfacet
  facet normal -0.9335804264972009 0.35836794954530254 0
    outer loop
      vertex 26.02506632204075 6.604305231718579 9.6
      vertex 26.146977262661547 6.92189408999635 14.8
      vertex 26.146977262661547 6.92189408999635 9.6
    endloop
  endfacet
  facet normal -0.8910065241883675 0.4539904997395476 0
    outer loop
      vertex 26.146977262661547 6.92189408999635 9.6
      vertex 26.301417437700575 7.225 14.8
      vertex 26.301417437700575 7.225 9.6
    endloop
  endfacet
  facet normal 0 0 -1
    outer loop
      vertex 26.94132552933371 3.184779317198468 9.6
      vertex 26.94132552933371 8.01522068280153 9.6
      vertex 27.20569793004946 8.229305231718579 9.6
    endloop
  endfacet
  facet normal 0 0 -1
    outer loop
      vertex 27.20569793004946 2.9706947682814207 9.6
      vertex 27.20569793004946 8.229305231718579 9.6
      vertex 27.491 8.414582562299426 9.6
    endloop
  endfacet
  facet normal 0 0 -1
    outer loop
      vertex 27.491 2.7854174377005743 9.6
      vertex 27.491 8.414582562299426 9.6
      vertex 27.794105910003648 8.569022737338452 9.6
    endloop
  endfacet
  facet normal 0 0 -1
    outer loop
      vertex 27.794105910003648 2.630977262661547 9.6
      vertex 27.794105910003648 8.569022737338452 9.6
      vertex 28.11169476828142 8.690933677959249 9.6
    endloop
  endfacet
  facet normal 0 0 -1
    outer loop
      vertex 28.11169476828142 2.5090663220407508 9.6
      vertex 28.11169476828142 8.690933677959249 9.6
      vertex 28.440287004842283 8.778979702384868 9.6
    endloop
  endfacet
  facet normal 0 0 -1
    outer loop
      vertex 28.440287004842283 2.421020297615131 9.6
      vertex 28.440287004842283 8.778979702384868 9.6
      vertex 28.776282494380126 8.832196159946887 9.6
    endloop
  endfacet
  facet normal 0 0 -1
    outer loop
      vertex 30.12030523171858 2.5090663220407508 9.6
      vertex 30.12030523171858 8.690933677959249 9.6
      vertex 30.43789408999635 8.569022737338452 9.6
    endloop
  endfacet
  facet normal 0 0 -1
    outer loop
      vertex 28.776282494380126 2.3678038400531114 9.6
      vertex 28.776282494380126 8.832196159946887 9.6
      vertex 29.116 8.85 9.6
    endloop
  endfacet
  facet normal 0 0 -1
    outer loop
      vertex 29.116 2.3499999999999996 9.6
      vertex 29.116 8.85 9.6
      vertex 29.455717505619873 8.832196159946887 9.6
    endloop
  endfacet
  facet normal 0 0 -1
    outer loop
      vertex 29.455717505619873 2.3678038400531114 9.6
      vertex 29.455717505619873 8.832196159946887 9.6
      vertex 29.791712995157717 8.778979702384868 9.6
    endloop
  endfacet
  facet normal 0 0 -1
    outer loop
      vertex 29.791712995157717 2.421020297615131 9.6
      vertex 29.791712995157717 8.778979702384868 9.6
      vertex 30.12030523171858 8.690933677959249 9.6
    endloop
  endfacet
  facet normal -0.9335804264972009 0.35836794954530254 0
    outer loop
      vertex 26.02506632204075 6.604305231718579 9.6
      vertex 26.02506632204075 6.604305231718579 14.8
      vertex 26.146977262661547 6.92189408999635 14.8
    endloop
  endfacet
  facet normal -0.8910065241883675 0.4539904997395476 0
    outer loop
      vertex 26.146977262661547 6.92189408999635 9.6
      vertex 26.146977262661547 6.92189408999635 14.8
      vertex 26.301417437700575 7.225 14.8
    endloop
  endfacet
  facet normal 0 0 -1
    outer loop
      vertex 32.294979702384865 4.924287004842282 9.6
      vertex 32.294979702384865 6.2757129951577175 9.6
      vertex 32.34819615994689 5.939717505619873 9.6
    endloop
  endfacet
  facet normal 0 0 -1
    outer loop
      vertex 32.20693367795925 4.595694768281421 9.6
      vertex 32.20693367795925 6.604305231718579 9.6
      vertex 32.294979702384865 6.2757129951577175 9.6
    endloop
  endfacet
  facet normal 0 0 -1
    outer loop
      vertex 32.085022737338456 4.278105910003649 9.6
      vertex 32.085022737338456 6.92189408999635 9.6
      vertex 32.20693367795925 6.604305231718579 9.6
    endloop
  endfacet
  facet normal 0.9986295347545737 0.05233595624294548 0
    outer loop
      vertex 32.366 5.6 9.6
      vertex 32.34819615994689 5.939717505619873 9.6
      vertex 32.366 5.6 14.8
    endloop
  endfacet
  facet normal 0 0 -1
    outer loop
      vertex 31.930582562299424 3.9749999999999996 9.6
      vertex 31.930582562299424 7.225 9.6
      vertex 32.085022737338456 6.92189408999635 9.6
    endloop
  endfacet
  facet normal 0 0 -1
    outer loop
      vertex 31.74530523171858 3.689697930049462 9.6
      vertex 31.74530523171858 7.510302069950537 9.6
      vertex 31.930582562299424 7.225 9.6
    endloop
  endfacet
  facet normal 0 0 -1
    outer loop
      vertex 31.02630206995054 2.9706947682814207 9.6
      vertex 31.02630206995054 8.229305231718579 9.6
      vertex 31.29067447066629 8.01522068280153 9.6
    endloop
  endfacet
  facet normal 0 0 -1
    outer loop
      vertex 31.531220682801532 3.42532552933371 9.6
      vertex 31.531220682801532 7.774674470666289 9.6
      vertex 31.74530523171858 7.510302069950537 9.6
    endloop
  endfacet
  facet normal 0 0 -1
    outer loop
      vertex 31.29067447066629 3.184779317198468 9.6
      vertex 31.29067447066629 8.01522068280153 9.6
      vertex 31.531220682801532 7.774674470666289 9.6
    endloop
  endfacet
  facet normal 0.9876883405951364 0.1564344650402388 0
    outer loop
      vertex 32.34819615994689 5.939717505619873 9.6
      vertex 32.294979702384865 6.2757129951577175 9.6
      vertex 32.34819615994689 5.939717505619873 14.8
    endloop
  endfacet
  facet normal 0.965925826289071 0.25881904510251097 0
    outer loop
      vertex 32.294979702384865 6.2757129951577175 9.6
      vertex 32.20693367795925 6.604305231718579 9.6
      vertex 32.294979702384865 6.2757129951577175 14.8
    endloop
  endfacet
  facet normal 0.9986295347545737 0.05233595624294548 0
    outer loop
      vertex 32.34819615994689 5.939717505619873 9.6
      vertex 32.34819615994689 5.939717505619873 14.8
      vertex 32.366 5.6 14.8
    endloop
  endfacet
  facet normal 0.9876883405951364 0.1564344650402388 0
    outer loop
      vertex 32.294979702384865 6.2757129951577175 9.6
      vertex 32.294979702384865 6.2757129951577175 14.8
      vertex 32.34819615994689 5.939717505619873 14.8
    endloop
  endfacet
  facet normal 0 0 -1
    outer loop
      vertex 30.741 2.7854174377005743 9.6
      vertex 30.741 8.414582562299426 9.6
      vertex 31.02630206995054 8.229305231718579 9.6
    endloop
  endfacet
  facet normal 0 0 -1
    outer loop
      vertex 30.43789408999635 2.630977262661547 9.6
      vertex 30.43789408999635 8.569022737338452 9.6
      vertex 30.741 8.414582562299426 9.6
    endloop
  endfacet
  facet normal 0.9335804264972044 0.3583679495452935 0
    outer loop
      vertex 32.20693367795925 6.604305231718579 9.6
      vertex 32.085022737338456 6.92189408999635 9.6
      vertex 32.20693367795925 6.604305231718579 14.8
    endloop
  endfacet
  facet normal 0.8910065241883632 0.45399049973955585 0
    outer loop
      vertex 32.085022737338456 6.92189408999635 9.6
      vertex 31.930582562299424 7.225 9.6
      vertex 32.085022737338456 6.92189408999635 14.8
    endloop
  endfacet
  facet normal 0.965925826289071 0.25881904510251097 0
    outer loop
      vertex 32.20693367795925 6.604305231718579 9.6
      vertex 32.20693367795925 6.604305231718579 14.8
      vertex 32.294979702384865 6.2757129951577175 14.8
    endloop
  endfacet
  facet normal 0.9335804264972044 0.3583679495452935 0
    outer loop
      vertex 32.085022737338456 6.92189408999635 9.6
      vertex 32.085022737338456 6.92189408999635 14.8
      vertex 32.20693367795925 6.604305231718579 14.8
    endloop
  endfacet
  facet normal 0.8910065241883632 0.45399049973955585 0
    outer loop
      vertex 31.930582562299424 7.225 9.6
      vertex 31.930582562299424 7.225 14.8
      vertex 32.085022737338456 6.92189408999635 14.8
    endloop
  endfacet
  facet normal 0 0 1
    outer loop
      vertex 25.93702029761513 4.924287004842282 14.8
      vertex 25.93702029761513 6.2757129951577175 14.8
      vertex 25.883803840053112 5.939717505619873 14.8
    endloop
  endfacet
  facet normal 0 0 1
    outer loop
      vertex 26.02506632204075 4.595694768281421 14.8
      vertex 26.02506632204075 6.604305231718579 14.8
      vertex 25.93702029761513 6.2757129951577175 14.8
    endloop
  endfacet
  facet normal 0 0 1
    outer loop
      vertex 26.146977262661547 4.278105910003649 14.8
      vertex 26.146977262661547 6.92189408999635 14.8
      vertex 26.02506632204075 6.604305231718579 14.8
    endloop
  endfacet
  facet normal 0 0 1
    outer loop
      vertex 26.301417437700575 3.9749999999999996 14.8
      vertex 26.301417437700575 7.225 14.8
      vertex 26.146977262661547 6.92189408999635 14.8
    endloop
  endfacet
  facet normal 0 0 1
    outer loop
      vertex 26.48669476828142 3.689697930049462 14.8
      vertex 26.48669476828142 7.510302069950537 14.8
      vertex 26.301417437700575 7.225 14.8
    endloop
  endfacet
  facet normal 0 0 1
    outer loop
      vertex 26.700779317198467 3.42532552933371 14.8
      vertex 26.700779317198467 7.774674470666289 14.8
      vertex 26.48669476828142 7.510302069950537 14.8
    endloop
  endfacet
  facet normal 0 0 1
    outer loop
      vertex 26.94132552933371 3.184779317198468 14.8
      vertex 26.94132552933371 8.01522068280153 14.8
      vertex 26.700779317198467 7.774674470666289 14.8
    endloop
  endfacet
  facet normal 0 0 1
    outer loop
      vertex 26.94132552933371 8.01522068280153 14.8
      vertex 27.176682304031868 5.396169496628075 14.8
      vertex 27.166 5.6 14.8
    endloop
  endfacet
  facet normal 0 0 1
    outer loop
      vertex 26.94132552933371 8.01522068280153 14.8
      vertex 27.166 5.6 14.8
      vertex 27.176682304031868 5.803830503371924 14.8
    endloop
  endfacet
  facet normal 0 0 1
    outer loop
      vertex 27.20569793004946 8.229305231718579 14.8
      vertex 27.176682304031868 5.803830503371924 14.8
      vertex 27.20861217856908 6.00542779709463 14.8
    endloop
  endfacet
  facet normal 0 0 1
    outer loop
      vertex 27.20569793004946 8.229305231718579 14.8
      vertex 27.20861217856908 6.00542779709463 14.8
      vertex 27.26143979322445 6.202583139031147 14.8
    endloop
  endfacet
  facet normal 0 0 1
    outer loop
      vertex 27.20569793004946 8.229305231718579 14.8
      vertex 27.26143979322445 6.202583139031147 14.8
      vertex 27.33458635759693 6.39313645399781 14.8
    endloop
  endfacet
  facet normal 0 0 1
    outer loop
      vertex 27.20569793004946 8.229305231718579 14.8
      vertex 27.33458635759693 6.39313645399781 14.8
      vertex 27.427250462620343 6.574999999999999 14.8
    endloop
  endfacet
  facet normal 0 0 1
    outer loop
      vertex 31.29067447066629 3.184779317198468 14.8
      vertex 31.02630206995054 8.229305231718579 14.8
      vertex 31.05531769596813 5.803830503371924 14.8
    endloop
  endfacet
  facet normal 0 0 1
    outer loop
      vertex 32.34819615994689 5.260282494380126 14.8
      vertex 32.34819615994689 5.939717505619873 14.8
      vertex 32.294979702384865 6.2757129951577175 14.8
    endloop
  endfacet
  facet normal 0 0 1
    outer loop
      vertex 32.294979702384865 4.924287004842282 14.8
      vertex 32.294979702384865 6.2757129951577175 14.8
      vertex 32.20693367795925 6.604305231718579 14.8
    endloop
  endfacet
  facet normal 0 0 1
    outer loop
      vertex 31.930582562299424 3.9749999999999996 14.8
      vertex 31.930582562299424 7.225 14.8
      vertex 31.74530523171858 7.510302069950537 14.8
    endloop
  endfacet
  facet normal 0 0 1
    outer loop
      vertex 31.531220682801532 3.42532552933371 14.8
      vertex 31.531220682801532 7.774674470666289 14.8
      vertex 31.29067447066629 8.01522068280153 14.8
    endloop
  endfacet
  facet normal 0 0 1
    outer loop
      vertex 31.74530523171858 3.689697930049462 14.8
      vertex 31.74530523171858 7.510302069950537 14.8
      vertex 31.531220682801532 7.774674470666289 14.8
    endloop
  endfacet
  facet normal 0 0 1
    outer loop
      vertex 32.20693367795925 4.595694768281421 14.8
      vertex 32.20693367795925 6.604305231718579 14.8
      vertex 32.085022737338456 6.92189408999635 14.8
    endloop
  endfacet
  facet normal 0 0 1
    outer loop
      vertex 32.085022737338456 4.278105910003649 14.8
      vertex 32.085022737338456 6.92189408999635 14.8
      vertex 31.930582562299424 7.225 14.8
    endloop
  endfacet
  facet normal 0 0 1
    outer loop
      vertex 31.29067447066629 3.184779317198468 14.8
      vertex 31.29067447066629 8.01522068280153 14.8
      vertex 31.02630206995054 8.229305231718579 14.8
    endloop
  endfacet
  facet normal 0 0 1
    outer loop
      vertex 31.02630206995054 8.229305231718579 14.8
      vertex 31.02338782143092 6.00542779709463 14.8
      vertex 31.05531769596813 5.803830503371924 14.8
    endloop
  endfacet
  facet normal 0 0 1
    outer loop
      vertex 31.02630206995054 8.229305231718579 14.8
      vertex 30.97056020677555 6.202583139031147 14.8
      vertex 31.02338782143092 6.00542779709463 14.8
    endloop
  endfacet
  facet normal 0 0 1
    outer loop
      vertex 31.02630206995054 8.229305231718579 14.8
      vertex 30.89741364240307 6.39313645399781 14.8
      vertex 30.97056020677555 6.202583139031147 14.8
    endloop
  endfacet
  facet normal 0 0 1
    outer loop
      vertex 31.02630206995054 8.229305231718579 14.8
      vertex 30.804749537379656 6.574999999999999 14.8
      vertex 30.89741364240307 6.39313645399781 14.8
    endloop
  endfacet
  facet normal -0.8386705679454253 0.5446390350150252 0
    outer loop
      vertex 26.301417437700575 7.225 9.6
      vertex 26.48669476828142 7.510302069950537 14.8
      vertex 26.48669476828142 7.510302069950537 9.6
    endloop
  endfacet
  facet normal -0.7771459614569731 0.6293203910498346 0
    outer loop
      vertex 26.48669476828142 7.510302069950537 9.6
      vertex 26.700779317198467 7.774674470666289 14.8
      vertex 26.700779317198467 7.774674470666289 9.6
    endloop
  endfacet
  facet normal -0.7071067811865449 0.7071067811865502 0
    outer loop
      vertex 26.700779317198467 7.774674470666289 9.6
      vertex 26.94132552933371 8.01522068280153 14.8
      vertex 26.94132552933371 8.01522068280153 9.6
    endloop
  endfacet
  facet normal -0.8386705679454253 0.5446390350150252 0
    outer loop
      vertex 26.301417437700575 7.225 9.6
      vertex 26.301417437700575 7.225 14.8
      vertex 26.48669476828142 7.510302069950537 14.8
    endloop
  endfacet
  facet normal -0.7771459614569731 0.6293203910498346 0
    outer loop
      vertex 26.48669476828142 7.510302069950537 9.6
      vertex 26.48669476828142 7.510302069950537 14.8
      vertex 26.700779317198467 7.774674470666289 14.8
    endloop
  endfacet
  facet normal -0.7071067811865449 0.7071067811865502 0
    outer loop
      vertex 26.700779317198467 7.774674470666289 9.6
      vertex 26.700779317198467 7.774674470666289 14.8
      vertex 26.94132552933371 8.01522068280153 14.8
    endloop
  endfacet
  facet normal -0.6293203910498404 0.7771459614569685 0
    outer loop
      vertex 26.94132552933371 8.01522068280153 9.6
      vertex 26.94132552933371 8.01522068280153 14.8
      vertex 27.20569793004946 8.229305231718579 9.6
    endloop
  endfacet
  facet normal -0.5446390350150265 0.8386705679454244 0
    outer loop
      vertex 27.20569793004946 8.229305231718579 9.6
      vertex 27.20569793004946 8.229305231718579 14.8
      vertex 27.491 8.414582562299426 9.6
    endloop
  endfacet
  facet normal -0.4539904997395455 0.8910065241883685 0
    outer loop
      vertex 27.491 8.414582562299426 9.6
      vertex 27.491 8.414582562299426 14.8
      vertex 27.794105910003648 8.569022737338452 9.6
    endloop
  endfacet
  facet normal -0.35836794954530077 0.9335804264972014 0
    outer loop
      vertex 27.794105910003648 8.569022737338452 9.6
      vertex 27.794105910003648 8.569022737338452 14.8
      vertex 28.11169476828142 8.690933677959249 9.6
    endloop
  endfacet
  facet normal -0.2588190451025201 0.9659258262890685 0
    outer loop
      vertex 28.11169476828142 8.690933677959249 9.6
      vertex 28.11169476828142 8.690933677959249 14.8
      vertex 28.440287004842283 8.778979702384868 9.6
    endloop
  endfacet
  facet normal -0.156434465040229 0.987688340595138 0
    outer loop
      vertex 28.440287004842283 8.778979702384868 9.6
      vertex 28.440287004842283 8.778979702384868 14.8
      vertex 28.776282494380126 8.832196159946887 9.6
    endloop
  endfacet
  facet normal -0.05233595624294548 0.9986295347545737 0
    outer loop
      vertex 28.776282494380126 8.832196159946887 9.6
      vertex 28.776282494380126 8.832196159946887 14.8
      vertex 29.116 8.85 9.6
    endloop
  endfacet
  facet normal 0.05233595624294548 0.9986295347545737 0
    outer loop
      vertex 29.116 8.85 9.6
      vertex 29.116 8.85 14.8
      vertex 29.455717505619873 8.832196159946887 9.6
    endloop
  endfacet
  facet normal 0.35836794954530077 0.9335804264972014 0
    outer loop
      vertex 30.12030523171858 8.690933677959249 9.6
      vertex 30.12030523171858 8.690933677959249 14.8
      vertex 30.43789408999635 8.569022737338452 9.6
    endloop
  endfacet
  facet normal 0.156434465040229 0.987688340595138 0
    outer loop
      vertex 29.455717505619873 8.832196159946887 9.6
      vertex 29.455717505619873 8.832196159946887 14.8
      vertex 29.791712995157717 8.778979702384868 9.6
    endloop
  endfacet
  facet normal 0.2588190451025201 0.9659258262890685 0
    outer loop
      vertex 29.791712995157717 8.778979702384868 9.6
      vertex 29.791712995157717 8.778979702384868 14.8
      vertex 30.12030523171858 8.690933677959249 9.6
    endloop
  endfacet
  facet normal -0.6293203910498404 0.7771459614569685 0
    outer loop
      vertex 27.20569793004946 8.229305231718579 9.6
      vertex 26.94132552933371 8.01522068280153 14.8
      vertex 27.20569793004946 8.229305231718579 14.8
    endloop
  endfacet
  facet normal -0.5446390350150265 0.8386705679454244 0
    outer loop
      vertex 27.491 8.414582562299426 9.6
      vertex 27.20569793004946 8.229305231718579 14.8
      vertex 27.491 8.414582562299426 14.8
    endloop
  endfacet
  facet normal -0.4539904997395455 0.8910065241883685 0
    outer loop
      vertex 27.794105910003648 8.569022737338452 9.6
      vertex 27.491 8.414582562299426 14.8
      vertex 27.794105910003648 8.569022737338452 14.8
    endloop
  endfacet
  facet normal -0.35836794954530077 0.9335804264972014 0
    outer loop
      vertex 28.11169476828142 8.690933677959249 9.6
      vertex 27.794105910003648 8.569022737338452 14.8
      vertex 28.11169476828142 8.690933677959249 14.8
    endloop
  endfacet
  facet normal -0.2588190451025201 0.9659258262890685 0
    outer loop
      vertex 28.440287004842283 8.778979702384868 9.6
      vertex 28.11169476828142 8.690933677959249 14.8
      vertex 28.440287004842283 8.778979702384868 14.8
    endloop
  endfacet
  facet normal -0.156434465040229 0.987688340595138 0
    outer loop
      vertex 28.776282494380126 8.832196159946887 9.6
      vertex 28.440287004842283 8.778979702384868 14.8
      vertex 28.776282494380126 8.832196159946887 14.8
    endloop
  endfacet
  facet normal -0.05233595624294548 0.9986295347545737 0
    outer loop
      vertex 28.776282494380126 8.832196159946887 14.8
      vertex 29.116 8.85 14.8
      vertex 29.116 8.85 9.6
    endloop
  endfacet
  facet normal 0.05233595624294548 0.9986295347545737 0
    outer loop
      vertex 29.455717505619873 8.832196159946887 9.6
      vertex 29.116 8.85 14.8
      vertex 29.455717505619873 8.832196159946887 14.8
    endloop
  endfacet
  facet normal 0.2588190451025201 0.9659258262890685 0
    outer loop
      vertex 30.12030523171858 8.690933677959249 9.6
      vertex 29.791712995157717 8.778979702384868 14.8
      vertex 30.12030523171858 8.690933677959249 14.8
    endloop
  endfacet
  facet normal 0.156434465040229 0.987688340595138 0
    outer loop
      vertex 29.791712995157717 8.778979702384868 9.6
      vertex 29.455717505619873 8.832196159946887 14.8
      vertex 29.791712995157717 8.778979702384868 14.8
    endloop
  endfacet
  facet normal 0.8386705679454253 0.5446390350150252 0
    outer loop
      vertex 31.74530523171858 7.510302069950537 9.6
      vertex 31.930582562299424 7.225 14.8
      vertex 31.930582562299424 7.225 9.6
    endloop
  endfacet
  facet normal 0.7771459614569731 0.6293203910498346 0
    outer loop
      vertex 31.531220682801532 7.774674470666289 9.6
      vertex 31.74530523171858 7.510302069950537 14.8
      vertex 31.74530523171858 7.510302069950537 9.6
    endloop
  endfacet
  facet normal 0.7071067811865449 0.7071067811865502 0
    outer loop
      vertex 31.29067447066629 8.01522068280153 9.6
      vertex 31.531220682801532 7.774674470666289 14.8
      vertex 31.531220682801532 7.774674470666289 9.6
    endloop
  endfacet
  facet normal 0.8386705679454253 0.5446390350150252 0
    outer loop
      vertex 31.74530523171858 7.510302069950537 9.6
      vertex 31.74530523171858 7.510302069950537 14.8
      vertex 31.930582562299424 7.225 14.8
    endloop
  endfacet
  facet normal 0.7771459614569731 0.6293203910498346 0
    outer loop
      vertex 31.531220682801532 7.774674470666289 9.6
      vertex 31.531220682801532 7.774674470666289 14.8
      vertex 31.74530523171858 7.510302069950537 14.8
    endloop
  endfacet
  facet normal 0.7071067811865449 0.7071067811865502 0
    outer loop
      vertex 31.29067447066629 8.01522068280153 9.6
      vertex 31.29067447066629 8.01522068280153 14.8
      vertex 31.531220682801532 7.774674470666289 14.8
    endloop
  endfacet
  facet normal 0.6293203910498404 0.7771459614569685 0
    outer loop
      vertex 31.29067447066629 8.01522068280153 9.6
      vertex 31.02630206995054 8.229305231718579 9.6
      vertex 31.02630206995054 8.229305231718579 14.8
    endloop
  endfacet
  facet normal 0.5446390350150265 0.8386705679454244 0
    outer loop
      vertex 30.741 8.414582562299426 9.6
      vertex 30.741 8.414582562299426 14.8
      vertex 31.02630206995054 8.229305231718579 9.6
    endloop
  endfacet
  facet normal 0.4539904997395455 0.8910065241883685 0
    outer loop
      vertex 30.43789408999635 8.569022737338452 9.6
      vertex 30.43789408999635 8.569022737338452 14.8
      vertex 30.741 8.414582562299426 9.6
    endloop
  endfacet
  facet normal 0.6293203910498404 0.7771459614569685 0
    outer loop
      vertex 31.29067447066629 8.01522068280153 9.6
      vertex 31.02630206995054 8.229305231718579 14.8
      vertex 31.29067447066629 8.01522068280153 14.8
    endloop
  endfacet
  facet normal 0.5446390350150265 0.8386705679454244 0
    outer loop
      vertex 31.02630206995054 8.229305231718579 9.6
      vertex 30.741 8.414582562299426 14.8
      vertex 31.02630206995054 8.229305231718579 14.8
    endloop
  endfacet
  facet normal 0.4539904997395455 0.8910065241883685 0
    outer loop
      vertex 30.741 8.414582562299426 9.6
      vertex 30.43789408999635 8.569022737338452 14.8
      vertex 30.741 8.414582562299426 14.8
    endloop
  endfacet
  facet normal 0.35836794954530077 0.9335804264972014 0
    outer loop
      vertex 30.43789408999635 8.569022737338452 9.6
      vertex 30.12030523171858 8.690933677959249 14.8
      vertex 30.43789408999635 8.569022737338452 14.8
    endloop
  endfacet
  facet normal 0 0 1
    outer loop
      vertex 27.491 8.414582562299426 14.8
      vertex 27.427250462620343 6.574999999999999 14.8
      vertex 27.53841686096885 6.746181241970322 14.8
    endloop
  endfacet
  facet normal 0 0 1
    outer loop
      vertex 26.94132552933371 8.01522068280153 14.8
      vertex 27.176682304031868 5.803830503371924 14.8
      vertex 27.20569793004946 8.229305231718579 14.8
    endloop
  endfacet
  facet normal 0 0 1
    outer loop
      vertex 27.491 8.414582562299426 14.8
      vertex 27.53841686096885 6.746181241970322 14.8
      vertex 27.666867590319082 6.904804682399773 14.8
    endloop
  endfacet
  facet normal 0 0 1
    outer loop
      vertex 27.794105910003648 8.569022737338452 14.8
      vertex 27.666867590319082 6.904804682399773 14.8
      vertex 27.811195317600227 7.049132409680919 14.8
    endloop
  endfacet
  facet normal 0 0 1
    outer loop
      vertex 27.794105910003648 8.569022737338452 14.8
      vertex 27.811195317600227 7.049132409680919 14.8
      vertex 27.969818758029678 7.177583139031147 14.8
    endloop
  endfacet
  facet normal 0 0 1
    outer loop
      vertex 27.20569793004946 8.229305231718579 14.8
      vertex 27.427250462620343 6.574999999999999 14.8
      vertex 27.491 8.414582562299426 14.8
    endloop
  endfacet
  facet normal 0 0 1
    outer loop
      vertex 28.11169476828142 8.690933677959249 14.8
      vertex 27.969818758029678 7.177583139031147 14.8
      vertex 28.141 7.288749537379655 14.8
    endloop
  endfacet
  facet normal 0 0 1
    outer loop
      vertex 28.11169476828142 8.690933677959249 14.8
      vertex 28.141 7.288749537379655 14.8
      vertex 28.32286354600219 7.381413642403071 14.8
    endloop
  endfacet
  facet normal 0 0 1
    outer loop
      vertex 27.491 8.414582562299426 14.8
      vertex 27.666867590319082 6.904804682399773 14.8
      vertex 27.794105910003648 8.569022737338452 14.8
    endloop
  endfacet
  facet normal 0 0 1
    outer loop
      vertex 28.440287004842283 8.778979702384868 14.8
      vertex 28.32286354600219 7.381413642403071 14.8
      vertex 28.513416860968853 7.4545602067755485 14.8
    endloop
  endfacet
  facet normal 0 0 1
    outer loop
      vertex 28.440287004842283 8.778979702384868 14.8
      vertex 28.513416860968853 7.4545602067755485 14.8
      vertex 28.710572202905368 7.507387821430921 14.8
    endloop
  endfacet
  facet normal 0 0 1
    outer loop
      vertex 30.43789408999635 8.569022737338452 14.8
      vertex 30.091 7.288749537379655 14.8
      vertex 30.26218124197032 7.177583139031147 14.8
    endloop
  endfacet
  facet normal 0 0 1
    outer loop
      vertex 30.12030523171858 8.690933677959249 14.8
      vertex 29.90913645399781 7.381413642403071 14.8
      vertex 30.091 7.288749537379655 14.8
    endloop
  endfacet
  facet normal 0 0 1
    outer loop
      vertex 28.776282494380126 8.832196159946887 14.8
      vertex 28.710572202905368 7.507387821430921 14.8
      vertex 28.912169496628074 7.5393176959681325 14.8
    endloop
  endfacet
  facet normal 0 0 1
    outer loop
      vertex 28.776282494380126 8.832196159946887 14.8
      vertex 28.912169496628074 7.5393176959681325 14.8
      vertex 29.116 7.55 14.8
    endloop
  endfacet
  facet normal 0 0 1
    outer loop
      vertex 29.455717505619873 8.832196159946887 14.8
      vertex 29.319830503371925 7.5393176959681325 14.8
      vertex 29.52142779709463 7.507387821430921 14.8
    endloop
  endfacet
  facet normal 0 0 1
    outer loop
      vertex 29.455717505619873 8.832196159946887 14.8
      vertex 29.116 7.55 14.8
      vertex 29.319830503371925 7.5393176959681325 14.8
    endloop
  endfacet
  facet normal 0 0 1
    outer loop
      vertex 29.791712995157717 8.778979702384868 14.8
      vertex 29.52142779709463 7.507387821430921 14.8
      vertex 29.718583139031146 7.4545602067755485 14.8
    endloop
  endfacet
  facet normal 0 0 1
    outer loop
      vertex 30.12030523171858 8.690933677959249 14.8
      vertex 29.718583139031146 7.4545602067755485 14.8
      vertex 29.90913645399781 7.381413642403071 14.8
    endloop
  endfacet
  facet normal 0 0 1
    outer loop
      vertex 27.794105910003648 8.569022737338452 14.8
      vertex 27.969818758029678 7.177583139031147 14.8
      vertex 28.11169476828142 8.690933677959249 14.8
    endloop
  endfacet
  facet normal 0 0 1
    outer loop
      vertex 28.11169476828142 8.690933677959249 14.8
      vertex 28.32286354600219 7.381413642403071 14.8
      vertex 28.440287004842283 8.778979702384868 14.8
    endloop
  endfacet
  facet normal 0 0 1
    outer loop
      vertex 30.12030523171858 8.690933677959249 14.8
      vertex 30.091 7.288749537379655 14.8
      vertex 30.43789408999635 8.569022737338452 14.8
    endloop
  endfacet
  facet normal 0 0 1
    outer loop
      vertex 28.440287004842283 8.778979702384868 14.8
      vertex 28.710572202905368 7.507387821430921 14.8
      vertex 28.776282494380126 8.832196159946887 14.8
    endloop
  endfacet
  facet normal 0 0 1
    outer loop
      vertex 28.776282494380126 8.832196159946887 14.8
      vertex 29.116 7.55 14.8
      vertex 29.116 8.85 14.8
    endloop
  endfacet
  facet normal 0 0 1
    outer loop
      vertex 29.116 8.85 14.8
      vertex 29.116 7.55 14.8
      vertex 29.455717505619873 8.832196159946887 14.8
    endloop
  endfacet
  facet normal 0 0 1
    outer loop
      vertex 29.791712995157717 8.778979702384868 14.8
      vertex 29.718583139031146 7.4545602067755485 14.8
      vertex 30.12030523171858 8.690933677959249 14.8
    endloop
  endfacet
  facet normal 0 0 1
    outer loop
      vertex 29.455717505619873 8.832196159946887 14.8
      vertex 29.52142779709463 7.507387821430921 14.8
      vertex 29.791712995157717 8.778979702384868 14.8
    endloop
  endfacet
  facet normal 0 0 1
    outer loop
      vertex 30.741 8.414582562299426 14.8
      vertex 30.693583139031148 6.746181241970322 14.8
      vertex 30.804749537379656 6.574999999999999 14.8
    endloop
  endfacet
  facet normal 0 0 1
    outer loop
      vertex 30.741 8.414582562299426 14.8
      vertex 30.565132409680917 6.904804682399773 14.8
      vertex 30.693583139031148 6.746181241970322 14.8
    endloop
  endfacet
  facet normal 0 0 1
    outer loop
      vertex 30.741 8.414582562299426 14.8
      vertex 30.420804682399773 7.049132409680919 14.8
      vertex 30.565132409680917 6.904804682399773 14.8
    endloop
  endfacet
  facet normal 0 0 1
    outer loop
      vertex 30.43789408999635 8.569022737338452 14.8
      vertex 30.26218124197032 7.177583139031147 14.8
      vertex 30.420804682399773 7.049132409680919 14.8
    endloop
  endfacet
  facet normal 0 0 1
    outer loop
      vertex 30.741 8.414582562299426 14.8
      vertex 30.804749537379656 6.574999999999999 14.8
      vertex 31.02630206995054 8.229305231718579 14.8
    endloop
  endfacet
  facet normal 0 0 1
    outer loop
      vertex 30.43789408999635 8.569022737338452 14.8
      vertex 30.420804682399773 7.049132409680919 14.8
      vertex 30.741 8.414582562299426 14.8
    endloop
  endfacet
  facet normal -0.9986295347545738 0.05233595624294535 0
    outer loop
      vertex 27.176682304031868 5.803830503371924 24.6
      vertex 27.176682304031868 5.803830503371924 14.8
      vertex 27.166 5.6 14.8
    endloop
  endfacet
  facet normal -0.9876883405951375 0.15643446504023245 0
    outer loop
      vertex 27.20861217856908 6.00542779709463 24.6
      vertex 27.20861217856908 6.00542779709463 14.8
      vertex 27.176682304031868 5.803830503371924 14.8
    endloop
  endfacet
  facet normal -0.9659258262890692 0.25881904510251724 0
    outer loop
      vertex 27.26143979322445 6.202583139031147 24.6
      vertex 27.26143979322445 6.202583139031147 14.8
      vertex 27.20861217856908 6.00542779709463 14.8
    endloop
  endfacet
  facet normal -0.9335804264971999 0.3583679495453053 0
    outer loop
      vertex 27.33458635759693 6.39313645399781 24.6
      vertex 27.33458635759693 6.39313645399781 14.8
      vertex 27.26143979322445 6.202583139031147 14.8
    endloop
  endfacet
  facet normal -0.8910065241883738 0.45399049973953515 0
    outer loop
      vertex 27.427250462620343 6.574999999999999 24.6
      vertex 27.427250462620343 6.574999999999999 14.8
      vertex 27.33458635759693 6.39313645399781 14.8
    endloop
  endfacet
  facet normal -0.8386705679454222 0.5446390350150297 0
    outer loop
      vertex 27.53841686096885 6.746181241970322 24.6
      vertex 27.53841686096885 6.746181241970322 14.8
      vertex 27.427250462620343 6.574999999999999 14.8
    endloop
  endfacet
  facet normal -0.7771459614569652 0.6293203910498443 0
    outer loop
      vertex 27.666867590319082 6.904804682399773 24.6
      vertex 27.666867590319082 6.904804682399773 14.8
      vertex 27.53841686096885 6.746181241970322 14.8
    endloop
  endfacet
  facet normal -0.7071067811865518 0.7071067811865431 0
    outer loop
      vertex 27.811195317600227 7.049132409680919 24.6
      vertex 27.811195317600227 7.049132409680919 14.8
      vertex 27.666867590319082 6.904804682399773 14.8
    endloop
  endfacet
  facet normal -0.6293203910498343 0.7771459614569733 0
    outer loop
      vertex 27.969818758029678 7.177583139031147 24.6
      vertex 27.969818758029678 7.177583139031147 14.8
      vertex 27.811195317600227 7.049132409680919 14.8
    endloop
  endfacet
  facet normal 0.5446390350150326 0.8386705679454205 0
    outer loop
      vertex 30.26218124197032 7.177583139031147 24.6
      vertex 30.26218124197032 7.177583139031147 14.8
      vertex 30.091 7.288749537379655 14.8
    endloop
  endfacet
  facet normal 0.9986295347545738 0.05233595624294535 0
    outer loop
      vertex 31.066 5.6 24.6
      vertex 31.066 5.6 14.8
      vertex 31.05531769596813 5.803830503371924 14.8
    endloop
  endfacet
  facet normal 0.9876883405951375 0.15643446504023245 0
    outer loop
      vertex 31.05531769596813 5.803830503371924 24.6
      vertex 31.05531769596813 5.803830503371924 14.8
      vertex 31.02338782143092 6.00542779709463 14.8
    endloop
  endfacet
  facet normal 0.9659258262890692 0.25881904510251724 0
    outer loop
      vertex 31.02338782143092 6.00542779709463 24.6
      vertex 31.02338782143092 6.00542779709463 14.8
      vertex 30.97056020677555 6.202583139031147 14.8
    endloop
  endfacet
  facet normal 0.9335804264971999 0.3583679495453053 0
    outer loop
      vertex 30.97056020677555 6.202583139031147 24.6
      vertex 30.97056020677555 6.202583139031147 14.8
      vertex 30.89741364240307 6.39313645399781 14.8
    endloop
  endfacet
  facet normal 0.8910065241883738 0.45399049973953515 0
    outer loop
      vertex 30.89741364240307 6.39313645399781 24.6
      vertex 30.89741364240307 6.39313645399781 14.8
      vertex 30.804749537379656 6.574999999999999 14.8
    endloop
  endfacet
  facet normal 0.8386705679454222 0.5446390350150297 0
    outer loop
      vertex 30.804749537379656 6.574999999999999 24.6
      vertex 30.804749537379656 6.574999999999999 14.8
      vertex 30.693583139031148 6.746181241970322 14.8
    endloop
  endfacet
  facet normal 0.7771459614569652 0.6293203910498443 0
    outer loop
      vertex 30.693583139031148 6.746181241970322 24.6
      vertex 30.693583139031148 6.746181241970322 14.8
      vertex 30.565132409680917 6.904804682399773 14.8
    endloop
  endfacet
  facet normal 0.7071067811865518 0.7071067811865431 0
    outer loop
      vertex 30.565132409680917 6.904804682399773 24.6
      vertex 30.565132409680917 6.904804682399773 14.8
      vertex 30.420804682399773 7.049132409680919 14.8
    endloop
  endfacet
  facet normal 0.6293203910498343 0.7771459614569733 0
    outer loop
      vertex 30.420804682399773 7.049132409680919 24.6
      vertex 30.420804682399773 7.049132409680919 14.8
      vertex 30.26218124197032 7.177583139031147 14.8
    endloop
  endfacet
  facet normal -0.9986295347545738 0.05233595624294535 0
    outer loop
      vertex 27.166 5.6 24.6
      vertex 27.176682304031868 5.803830503371924 24.6
      vertex 27.166 5.6 14.8
    endloop
  endfacet
  facet normal -0.9876883405951375 0.15643446504023245 0
    outer loop
      vertex 27.176682304031868 5.803830503371924 24.6
      vertex 27.20861217856908 6.00542779709463 24.6
      vertex 27.176682304031868 5.803830503371924 14.8
    endloop
  endfacet
  facet normal -0.9659258262890692 0.25881904510251724 0
    outer loop
      vertex 27.20861217856908 6.00542779709463 24.6
      vertex 27.26143979322445 6.202583139031147 24.6
      vertex 27.20861217856908 6.00542779709463 14.8
    endloop
  endfacet
  facet normal -0.9335804264971999 0.3583679495453053 0
    outer loop
      vertex 27.26143979322445 6.202583139031147 24.6
      vertex 27.33458635759693 6.39313645399781 24.6
      vertex 27.26143979322445 6.202583139031147 14.8
    endloop
  endfacet
  facet normal 0 0 1
    outer loop
      vertex 27.20861217856908 5.194572202905369 24.6
      vertex 27.20861217856908 6.00542779709463 24.6
      vertex 27.176682304031868 5.803830503371924 24.6
    endloop
  endfacet
  facet normal 0 0 1
    outer loop
      vertex 27.26143979322445 4.997416860968852 24.6
      vertex 27.26143979322445 6.202583139031147 24.6
      vertex 27.20861217856908 6.00542779709463 24.6
    endloop
  endfacet
  facet normal 0 0 1
    outer loop
      vertex 27.33458635759693 4.806863546002189 24.6
      vertex 27.33458635759693 6.39313645399781 24.6
      vertex 27.26143979322445 6.202583139031147 24.6
    endloop
  endfacet
  facet normal 0 0 1
    outer loop
      vertex 27.427250462620343 4.625 24.6
      vertex 27.427250462620343 6.574999999999999 24.6
      vertex 27.33458635759693 6.39313645399781 24.6
    endloop
  endfacet
  facet normal 0 0 1
    outer loop
      vertex 27.53841686096885 4.453818758029677 24.6
      vertex 27.53841686096885 6.746181241970322 24.6
      vertex 27.427250462620343 6.574999999999999 24.6
    endloop
  endfacet
  facet normal 0 0 1
    outer loop
      vertex 27.666867590319082 4.295195317600227 24.6
      vertex 27.666867590319082 6.904804682399773 24.6
      vertex 27.53841686096885 6.746181241970322 24.6
    endloop
  endfacet
  facet normal 0 0 1
    outer loop
      vertex 27.811195317600227 4.150867590319081 24.6
      vertex 27.811195317600227 7.049132409680919 24.6
      vertex 27.666867590319082 6.904804682399773 24.6
    endloop
  endfacet
  facet normal 0 0 1
    outer loop
      vertex 27.969818758029678 4.022416860968852 24.6
      vertex 27.969818758029678 7.177583139031147 24.6
      vertex 27.811195317600227 7.049132409680919 24.6
    endloop
  endfacet
  facet normal 0 0 1
    outer loop
      vertex 28.141 3.9112504626203446 24.6
      vertex 28.141 7.288749537379655 24.6
      vertex 27.969818758029678 7.177583139031147 24.6
    endloop
  endfacet
  facet normal 0 0 1
    outer loop
      vertex 28.32286354600219 3.818586357596928 24.6
      vertex 28.32286354600219 7.381413642403071 24.6
      vertex 28.141 7.288749537379655 24.6
    endloop
  endfacet
  facet normal 0 0 1
    outer loop
      vertex 28.513416860968853 3.7454397932244503 24.6
      vertex 28.513416860968853 7.4545602067755485 24.6
      vertex 28.32286354600219 7.381413642403071 24.6
    endloop
  endfacet
  facet normal 0 0 1
    outer loop
      vertex 30.091 3.9112504626203446 24.6
      vertex 30.091 7.288749537379655 24.6
      vertex 29.90913645399781 7.381413642403071 24.6
    endloop
  endfacet
  facet normal 0 0 1
    outer loop
      vertex 30.26218124197032 4.022416860968852 24.6
      vertex 30.26218124197032 7.177583139031147 24.6
      vertex 30.091 7.288749537379655 24.6
    endloop
  endfacet
  facet normal 0 0 1
    outer loop
      vertex 28.710572202905368 3.6926121785690786 24.6
      vertex 28.710572202905368 7.507387821430921 24.6
      vertex 28.513416860968853 7.4545602067755485 24.6
    endloop
  endfacet
  facet normal 0 0 1
    outer loop
      vertex 28.912169496628074 3.660682304031867 24.6
      vertex 28.912169496628074 7.5393176959681325 24.6
      vertex 28.710572202905368 7.507387821430921 24.6
    endloop
  endfacet
  facet normal 0 0 1
    outer loop
      vertex 28.912169496628074 7.5393176959681325 24.6
      vertex 29.116 3.6499999999999995 24.6
      vertex 29.116 7.55 24.6
    endloop
  endfacet
  facet normal 0 0 1
    outer loop
      vertex 29.319830503371925 3.660682304031867 24.6
      vertex 29.319830503371925 7.5393176959681325 24.6
      vertex 29.116 7.55 24.6
    endloop
  endfacet
  facet normal 0 0 1
    outer loop
      vertex 29.52142779709463 3.6926121785690786 24.6
      vertex 29.52142779709463 7.507387821430921 24.6
      vertex 29.319830503371925 7.5393176959681325 24.6
    endloop
  endfacet
  facet normal 0 0 1
    outer loop
      vertex 29.718583139031146 3.7454397932244503 24.6
      vertex 29.718583139031146 7.4545602067755485 24.6
      vertex 29.52142779709463 7.507387821430921 24.6
    endloop
  endfacet
  facet normal 0 0 1
    outer loop
      vertex 29.90913645399781 3.818586357596928 24.6
      vertex 29.90913645399781 7.381413642403071 24.6
      vertex 29.718583139031146 7.4545602067755485 24.6
    endloop
  endfacet
  facet normal -0.8910065241883738 0.45399049973953515 0
    outer loop
      vertex 27.33458635759693 6.39313645399781 24.6
      vertex 27.427250462620343 6.574999999999999 24.6
      vertex 27.33458635759693 6.39313645399781 14.8
    endloop
  endfacet
  facet normal -0.8386705679454222 0.5446390350150297 0
    outer loop
      vertex 27.427250462620343 6.574999999999999 24.6
      vertex 27.53841686096885 6.746181241970322 24.6
      vertex 27.427250462620343 6.574999999999999 14.8
    endloop
  endfacet
  facet normal -0.7771459614569652 0.6293203910498443 0
    outer loop
      vertex 27.53841686096885 6.746181241970322 24.6
      vertex 27.666867590319082 6.904804682399773 24.6
      vertex 27.53841686096885 6.746181241970322 14.8
    endloop
  endfacet
  facet normal -0.7071067811865518 0.7071067811865431 0
    outer loop
      vertex 27.666867590319082 6.904804682399773 24.6
      vertex 27.811195317600227 7.049132409680919 24.6
      vertex 27.666867590319082 6.904804682399773 14.8
    endloop
  endfacet
  facet normal -0.6293203910498343 0.7771459614569733 0
    outer loop
      vertex 27.811195317600227 7.049132409680919 24.6
      vertex 27.969818758029678 7.177583139031147 24.6
      vertex 27.811195317600227 7.049132409680919 14.8
    endloop
  endfacet
  facet normal -0.5446390350150326 0.8386705679454205 0
    outer loop
      vertex 27.969818758029678 7.177583139031147 24.6
      vertex 28.141 7.288749537379655 24.6
      vertex 27.969818758029678 7.177583139031147 14.8
    endloop
  endfacet
  facet normal 0.6293203910498343 0.7771459614569733 0
    outer loop
      vertex 30.420804682399773 7.049132409680919 24.6
      vertex 30.26218124197032 7.177583139031147 14.8
      vertex 30.26218124197032 7.177583139031147 24.6
    endloop
  endfacet
  facet normal 0.9986295347545738 0.05233595624294535 0
    outer loop
      vertex 31.066 5.6 24.6
      vertex 31.05531769596813 5.803830503371924 14.8
      vertex 31.05531769596813 5.803830503371924 24.6
    endloop
  endfacet
  facet normal 0.9876883405951375 0.15643446504023245 0
    outer loop
      vertex 31.05531769596813 5.803830503371924 24.6
      vertex 31.02338782143092 6.00542779709463 14.8
      vertex 31.02338782143092 6.00542779709463 24.6
    endloop
  endfacet
  facet normal 0.9659258262890692 0.25881904510251724 0
    outer loop
      vertex 31.02338782143092 6.00542779709463 24.6
      vertex 30.97056020677555 6.202583139031147 14.8
      vertex 30.97056020677555 6.202583139031147 24.6
    endloop
  endfacet
  facet normal 0.9335804264971999 0.3583679495453053 0
    outer loop
      vertex 30.97056020677555 6.202583139031147 24.6
      vertex 30.89741364240307 6.39313645399781 14.8
      vertex 30.89741364240307 6.39313645399781 24.6
    endloop
  endfacet
  facet normal 0 0 1
    outer loop
      vertex 31.05531769596813 5.396169496628075 24.6
      vertex 31.05531769596813 5.803830503371924 24.6
      vertex 31.02338782143092 6.00542779709463 24.6
    endloop
  endfacet
  facet normal 0 0 1
    outer loop
      vertex 31.02338782143092 5.194572202905369 24.6
      vertex 31.02338782143092 6.00542779709463 24.6
      vertex 30.97056020677555 6.202583139031147 24.6
    endloop
  endfacet
  facet normal 0 0 1
    outer loop
      vertex 30.97056020677555 4.997416860968852 24.6
      vertex 30.97056020677555 6.202583139031147 24.6
      vertex 30.89741364240307 6.39313645399781 24.6
    endloop
  endfacet
  facet normal 0 0 1
    outer loop
      vertex 30.89741364240307 4.806863546002189 24.6
      vertex 30.89741364240307 6.39313645399781 24.6
      vertex 30.804749537379656 6.574999999999999 24.6
    endloop
  endfacet
  facet normal 0 0 1
    outer loop
      vertex 30.804749537379656 4.625 24.6
      vertex 30.804749537379656 6.574999999999999 24.6
      vertex 30.693583139031148 6.746181241970322 24.6
    endloop
  endfacet
  facet normal 0 0 1
    outer loop
      vertex 30.693583139031148 4.453818758029677 24.6
      vertex 30.693583139031148 6.746181241970322 24.6
      vertex 30.565132409680917 6.904804682399773 24.6
    endloop
  endfacet
  facet normal 0 0 1
    outer loop
      vertex 30.565132409680917 4.295195317600227 24.6
      vertex 30.565132409680917 6.904804682399773 24.6
      vertex 30.420804682399773 7.049132409680919 24.6
    endloop
  endfacet
  facet normal 0 0 1
    outer loop
      vertex 30.420804682399773 4.150867590319081 24.6
      vertex 30.420804682399773 7.049132409680919 24.6
      vertex 30.26218124197032 7.177583139031147 24.6
    endloop
  endfacet
  facet normal 0.8910065241883738 0.45399049973953515 0
    outer loop
      vertex 30.89741364240307 6.39313645399781 24.6
      vertex 30.804749537379656 6.574999999999999 14.8
      vertex 30.804749537379656 6.574999999999999 24.6
    endloop
  endfacet
  facet normal 0.8386705679454222 0.5446390350150297 0
    outer loop
      vertex 30.693583139031148 6.746181241970322 24.6
      vertex 30.804749537379656 6.574999999999999 24.6
      vertex 30.693583139031148 6.746181241970322 14.8
    endloop
  endfacet
  facet normal 0.7771459614569652 0.6293203910498443 0
    outer loop
      vertex 30.565132409680917 6.904804682399773 24.6
      vertex 30.693583139031148 6.746181241970322 24.6
      vertex 30.565132409680917 6.904804682399773 14.8
    endloop
  endfacet
  facet normal 0.7071067811865518 0.7071067811865431 0
    outer loop
      vertex 30.420804682399773 7.049132409680919 24.6
      vertex 30.565132409680917 6.904804682399773 24.6
      vertex 30.420804682399773 7.049132409680919 14.8
    endloop
  endfacet
  facet normal -0.5446390350150326 0.8386705679454205 0
    outer loop
      vertex 28.141 7.288749537379655 24.6
      vertex 28.141 7.288749537379655 14.8
      vertex 27.969818758029678 7.177583139031147 14.8
    endloop
  endfacet
  facet normal -0.4539904997395454 0.8910065241883685 0
    outer loop
      vertex 28.32286354600219 7.381413642403071 24.6
      vertex 28.32286354600219 7.381413642403071 14.8
      vertex 28.141 7.288749537379655 14.8
    endloop
  endfacet
  facet normal -0.3583679495452962 0.9335804264972032 0
    outer loop
      vertex 28.513416860968853 7.4545602067755485 24.6
      vertex 28.513416860968853 7.4545602067755485 14.8
      vertex 28.32286354600219 7.381413642403071 14.8
    endloop
  endfacet
  facet normal 0.4539904997395454 0.8910065241883685 0
    outer loop
      vertex 30.091 7.288749537379655 24.6
      vertex 30.091 7.288749537379655 14.8
      vertex 29.90913645399781 7.381413642403071 14.8
    endloop
  endfacet
  facet normal 0.3583679495452962 0.9335804264972032 0
    outer loop
      vertex 29.90913645399781 7.381413642403071 24.6
      vertex 29.90913645399781 7.381413642403071 14.8
      vertex 29.718583139031146 7.4545602067755485 14.8
    endloop
  endfacet
  facet normal -0.25881904510252757 0.9659258262890665 0
    outer loop
      vertex 28.710572202905368 7.507387821430921 24.6
      vertex 28.710572202905368 7.507387821430921 14.8
      vertex 28.513416860968853 7.4545602067755485 14.8
    endloop
  endfacet
  facet normal -0.15643446504022818 0.9876883405951382 0
    outer loop
      vertex 28.912169496628074 7.5393176959681325 24.6
      vertex 28.912169496628074 7.5393176959681325 14.8
      vertex 28.710572202905368 7.507387821430921 14.8
    endloop
  endfacet
  facet normal 0.15643446504022818 0.9876883405951382 0
    outer loop
      vertex 29.52142779709463 7.507387821430921 24.6
      vertex 29.52142779709463 7.507387821430921 14.8
      vertex 29.319830503371925 7.5393176959681325 14.8
    endloop
  endfacet
  facet normal -0.05233595624294511 0.9986295347545737 0
    outer loop
      vertex 29.116 7.55 24.6
      vertex 29.116 7.55 14.8
      vertex 28.912169496628074 7.5393176959681325 14.8
    endloop
  endfacet
  facet normal 0.05233595624294511 0.9986295347545737 0
    outer loop
      vertex 29.319830503371925 7.5393176959681325 24.6
      vertex 29.319830503371925 7.5393176959681325 14.8
      vertex 29.116 7.55 14.8
    endloop
  endfacet
  facet normal 0.25881904510252757 0.9659258262890665 0
    outer loop
      vertex 29.718583139031146 7.4545602067755485 24.6
      vertex 29.718583139031146 7.4545602067755485 14.8
      vertex 29.52142779709463 7.507387821430921 14.8
    endloop
  endfacet
  facet normal -0.4539904997395454 0.8910065241883685 0
    outer loop
      vertex 28.141 7.288749537379655 24.6
      vertex 28.32286354600219 7.381413642403071 24.6
      vertex 28.141 7.288749537379655 14.8
    endloop
  endfacet
  facet normal -0.3583679495452962 0.9335804264972032 0
    outer loop
      vertex 28.32286354600219 7.381413642403071 24.6
      vertex 28.513416860968853 7.4545602067755485 24.6
      vertex 28.32286354600219 7.381413642403071 14.8
    endloop
  endfacet
  facet normal -0.25881904510252757 0.9659258262890665 0
    outer loop
      vertex 28.513416860968853 7.4545602067755485 24.6
      vertex 28.710572202905368 7.507387821430921 24.6
      vertex 28.513416860968853 7.4545602067755485 14.8
    endloop
  endfacet
  facet normal 0.5446390350150326 0.8386705679454205 0
    outer loop
      vertex 30.091 7.288749537379655 24.6
      vertex 30.26218124197032 7.177583139031147 24.6
      vertex 30.091 7.288749537379655 14.8
    endloop
  endfacet
  facet normal 0.4539904997395454 0.8910065241883685 0
    outer loop
      vertex 29.90913645399781 7.381413642403071 24.6
      vertex 30.091 7.288749537379655 24.6
      vertex 29.90913645399781 7.381413642403071 14.8
    endloop
  endfacet
  facet normal -0.15643446504022818 0.9876883405951382 0
    outer loop
      vertex 28.710572202905368 7.507387821430921 24.6
      vertex 28.912169496628074 7.5393176959681325 24.6
      vertex 28.710572202905368 7.507387821430921 14.8
    endloop
  endfacet
  facet normal 0.15643446504022818 0.9876883405951382 0
    outer loop
      vertex 29.319830503371925 7.5393176959681325 24.6
      vertex 29.52142779709463 7.507387821430921 24.6
      vertex 29.319830503371925 7.5393176959681325 14.8
    endloop
  endfacet
  facet normal -0.05233595624294511 0.9986295347545737 0
    outer loop
      vertex 28.912169496628074 7.5393176959681325 24.6
      vertex 29.116 7.55 24.6
      vertex 28.912169496628074 7.5393176959681325 14.8
    endloop
  endfacet
  facet normal 0.05233595624294511 0.9986295347545737 0
    outer loop
      vertex 29.116 7.55 24.6
      vertex 29.319830503371925 7.5393176959681325 24.6
      vertex 29.116 7.55 14.8
    endloop
  endfacet
  facet normal 0.3583679495452962 0.9335804264972032 0
    outer loop
      vertex 29.718583139031146 7.4545602067755485 24.6
      vertex 29.90913645399781 7.381413642403071 24.6
      vertex 29.718583139031146 7.4545602067755485 14.8
    endloop
  endfacet
  facet normal 0.25881904510252757 0.9659258262890665 0
    outer loop
      vertex 29.52142779709463 7.507387821430921 24.6
      vertex 29.718583139031146 7.4545602067755485 24.6
      vertex 29.52142779709463 7.507387821430921 14.8
    endloop
  endfacet
  facet normal -0.35836794954530554 -0.9335804264971997 0
    outer loop
      vertex 35.85210591000365 2.630977262661547 9.6
      vertex 36.16969476828142 2.5090663220407508 9.6
      vertex 36.16969476828142 2.5090663220407508 14.8
    endloop
  endfacet
  facet normal -0.15643446504023029 -0.9876883405951378 0
    outer loop
      vertex 36.49828700484228 2.421020297615131 9.6
      vertex 36.834282494380126 2.3678038400531114 9.6
      vertex 36.834282494380126 2.3678038400531114 14.8
    endloop
  endfacet
  facet normal -0.2588190451025187 -0.9659258262890689 0
    outer loop
      vertex 36.16969476828142 2.5090663220407508 9.6
      vertex 36.49828700484228 2.421020297615131 9.6
      vertex 36.49828700484228 2.421020297615131 14.8
    endloop
  endfacet
  facet normal -0.05233595624294419 -0.9986295347545739 0
    outer loop
      vertex 36.834282494380126 2.3678038400531114 9.6
      vertex 37.174 2.3499999999999996 9.6
      vertex 37.174 2.3499999999999996 14.8
    endloop
  endfacet
  facet normal -0.4539904997395445 -0.8910065241883691 0
    outer loop
      vertex 35.85210591000365 2.630977262661547 9.6
      vertex 35.85210591000365 2.630977262661547 14.8
      vertex 35.549 2.7854174377005743 9.6
    endloop
  endfacet
  facet normal -0.5446390350150248 -0.8386705679454255 0
    outer loop
      vertex 35.26369793004946 2.9706947682814207 9.6
      vertex 35.549 2.7854174377005743 9.6
      vertex 35.549 2.7854174377005743 14.8
    endloop
  endfacet
  facet normal -0.6293203910498387 -0.7771459614569697 0
    outer loop
      vertex 35.26369793004946 2.9706947682814207 9.6
      vertex 35.26369793004946 2.9706947682814207 14.8
      vertex 34.99932552933371 3.184779317198468 9.6
    endloop
  endfacet
  facet normal -0.2588190451025187 -0.9659258262890689 0
    outer loop
      vertex 36.16969476828142 2.5090663220407508 9.6
      vertex 36.49828700484228 2.421020297615131 14.8
      vertex 36.16969476828142 2.5090663220407508 14.8
    endloop
  endfacet
  facet normal -0.15643446504023029 -0.9876883405951378 0
    outer loop
      vertex 36.49828700484228 2.421020297615131 9.6
      vertex 36.834282494380126 2.3678038400531114 14.8
      vertex 36.49828700484228 2.421020297615131 14.8
    endloop
  endfacet
  facet normal -0.05233595624294419 -0.9986295347545739 0
    outer loop
      vertex 36.834282494380126 2.3678038400531114 9.6
      vertex 37.174 2.3499999999999996 14.8
      vertex 36.834282494380126 2.3678038400531114 14.8
    endloop
  endfacet
  facet normal -0.35836794954530554 -0.9335804264971997 0
    outer loop
      vertex 35.85210591000365 2.630977262661547 9.6
      vertex 36.16969476828142 2.5090663220407508 14.8
      vertex 35.85210591000365 2.630977262661547 14.8
    endloop
  endfacet
  facet normal -0.4539904997395445 -0.8910065241883691 0
    outer loop
      vertex 35.549 2.7854174377005743 9.6
      vertex 35.85210591000365 2.630977262661547 14.8
      vertex 35.549 2.7854174377005743 14.8
    endloop
  endfacet
  facet normal -0.5446390350150248 -0.8386705679454255 0
    outer loop
      vertex 35.26369793004946 2.9706947682814207 9.6
      vertex 35.549 2.7854174377005743 14.8
      vertex 35.26369793004946 2.9706947682814207 14.8
    endloop
  endfacet
  facet normal -0.6293203910498387 -0.7771459614569697 0
    outer loop
      vertex 34.99932552933371 3.184779317198468 9.6
      vertex 35.26369793004946 2.9706947682814207 14.8
      vertex 34.99932552933371 3.184779317198468 14.8
    endloop
  endfacet
  facet normal -0.7071067811865462 -0.7071067811865489 0
    outer loop
      vertex 34.75877931719847 3.42532552933371 9.6
      vertex 34.99932552933371 3.184779317198468 9.6
      vertex 34.75877931719847 3.42532552933371 14.8
    endloop
  endfacet
  facet normal -0.7771459614569681 -0.629320391049841 0
    outer loop
      vertex 34.54469476828142 3.689697930049462 9.6
      vertex 34.75877931719847 3.42532552933371 9.6
      vertex 34.54469476828142 3.689697930049462 14.8
    endloop
  endfacet
  facet normal -0.8386705679454253 -0.5446390350150252 0
    outer loop
      vertex 34.54469476828142 3.689697930049462 9.6
      vertex 34.35941743770057 3.9749999999999996 14.8
      vertex 34.35941743770057 3.9749999999999996 9.6
    endloop
  endfacet
  facet normal -0.7071067811865462 -0.7071067811865489 0
    outer loop
      vertex 34.99932552933371 3.184779317198468 9.6
      vertex 34.99932552933371 3.184779317198468 14.8
      vertex 34.75877931719847 3.42532552933371 14.8
    endloop
  endfacet
  facet normal -0.7771459614569681 -0.629320391049841 0
    outer loop
      vertex 34.75877931719847 3.42532552933371 9.6
      vertex 34.75877931719847 3.42532552933371 14.8
      vertex 34.54469476828142 3.689697930049462 14.8
    endloop
  endfacet
  facet normal -0.8386705679454253 -0.5446390350150252 0
    outer loop
      vertex 34.54469476828142 3.689697930049462 9.6
      vertex 34.54469476828142 3.689697930049462 14.8
      vertex 34.35941743770057 3.9749999999999996 14.8
    endloop
  endfacet
  facet normal 0 0 1
    outer loop
      vertex 36.49828700484228 2.421020297615131 14.8
      vertex 36.834282494380126 2.3678038400531114 14.8
      vertex 36.76857220290537 3.6926121785690786 14.8
    endloop
  endfacet
  facet normal 0 0 1
    outer loop
      vertex 36.834282494380126 2.3678038400531114 14.8
      vertex 37.174 2.3499999999999996 14.8
      vertex 37.174 3.6499999999999995 14.8
    endloop
  endfacet
  facet normal 0 0 1
    outer loop
      vertex 36.16969476828142 2.5090663220407508 14.8
      vertex 36.49828700484228 2.421020297615131 14.8
      vertex 36.57141686096885 3.7454397932244503 14.8
    endloop
  endfacet
  facet normal 0 0 1
    outer loop
      vertex 35.85210591000365 2.630977262661547 14.8
      vertex 36.16969476828142 2.5090663220407508 14.8
      vertex 36.199 3.9112504626203446 14.8
    endloop
  endfacet
  facet normal 0 0 1
    outer loop
      vertex 35.26369793004946 2.9706947682814207 14.8
      vertex 35.549 2.7854174377005743 14.8
      vertex 35.48525046262034 4.625 14.8
    endloop
  endfacet
  facet normal 0 0 1
    outer loop
      vertex 35.85210591000365 2.630977262661547 14.8
      vertex 35.86919531760022 4.150867590319081 14.8
      vertex 35.549 2.7854174377005743 14.8
    endloop
  endfacet
  facet normal 0 0 1
    outer loop
      vertex 36.834282494380126 2.3678038400531114 14.8
      vertex 36.970169496628074 3.660682304031867 14.8
      vertex 36.76857220290537 3.6926121785690786 14.8
    endloop
  endfacet
  facet normal 0 0 1
    outer loop
      vertex 36.834282494380126 2.3678038400531114 14.8
      vertex 37.174 3.6499999999999995 14.8
      vertex 36.970169496628074 3.660682304031867 14.8
    endloop
  endfacet
  facet normal 0 0 1
    outer loop
      vertex 36.49828700484228 2.421020297615131 14.8
      vertex 36.76857220290537 3.6926121785690786 14.8
      vertex 36.57141686096885 3.7454397932244503 14.8
    endloop
  endfacet
  facet normal 0 0 1
    outer loop
      vertex 36.16969476828142 2.5090663220407508 14.8
      vertex 36.57141686096885 3.7454397932244503 14.8
      vertex 36.38086354600219 3.818586357596928 14.8
    endloop
  endfacet
  facet normal 0 0 1
    outer loop
      vertex 36.16969476828142 2.5090663220407508 14.8
      vertex 36.38086354600219 3.818586357596928 14.8
      vertex 36.199 3.9112504626203446 14.8
    endloop
  endfacet
  facet normal 0 0 1
    outer loop
      vertex 35.85210591000365 2.630977262661547 14.8
      vertex 36.199 3.9112504626203446 14.8
      vertex 36.027818758029674 4.022416860968852 14.8
    endloop
  endfacet
  facet normal 0 0 1
    outer loop
      vertex 35.85210591000365 2.630977262661547 14.8
      vertex 36.027818758029674 4.022416860968852 14.8
      vertex 35.86919531760022 4.150867590319081 14.8
    endloop
  endfacet
  facet normal 0 0 1
    outer loop
      vertex 35.549 2.7854174377005743 14.8
      vertex 35.86919531760022 4.150867590319081 14.8
      vertex 35.72486759031908 4.295195317600227 14.8
    endloop
  endfacet
  facet normal 0 0 1
    outer loop
      vertex 35.549 2.7854174377005743 14.8
      vertex 35.72486759031908 4.295195317600227 14.8
      vertex 35.59641686096885 4.453818758029677 14.8
    endloop
  endfacet
  facet normal 0 0 1
    outer loop
      vertex 35.549 2.7854174377005743 14.8
      vertex 35.59641686096885 4.453818758029677 14.8
      vertex 35.48525046262034 4.625 14.8
    endloop
  endfacet
  facet normal -0.8910065241883675 -0.4539904997395476 0
    outer loop
      vertex 34.204977262661544 4.278105910003649 9.6
      vertex 34.35941743770057 3.9749999999999996 9.6
      vertex 34.204977262661544 4.278105910003649 14.8
    endloop
  endfacet
  facet normal 0 0 -1
    outer loop
      vertex 35.26369793004946 2.9706947682814207 9.6
      vertex 35.549 8.414582562299426 9.6
      vertex 35.549 2.7854174377005743 9.6
    endloop
  endfacet
  facet normal 0 0 -1
    outer loop
      vertex 36.16969476828142 2.5090663220407508 9.6
      vertex 36.49828700484228 8.778979702384868 9.6
      vertex 36.49828700484228 2.421020297615131 9.6
    endloop
  endfacet
  facet normal 0 0 -1
    outer loop
      vertex 36.49828700484228 2.421020297615131 9.6
      vertex 36.834282494380126 8.832196159946887 9.6
      vertex 36.834282494380126 2.3678038400531114 9.6
    endloop
  endfacet
  facet normal 0 0 -1
    outer loop
      vertex 36.834282494380126 2.3678038400531114 9.6
      vertex 37.174 8.85 9.6
      vertex 37.174 2.3499999999999996 9.6
    endloop
  endfacet
  facet normal 0 0 -1
    outer loop
      vertex 35.85210591000365 2.630977262661547 9.6
      vertex 35.549 2.7854174377005743 9.6
      vertex 35.85210591000365 8.569022737338452 9.6
    endloop
  endfacet
  facet normal 0 0 -1
    outer loop
      vertex 35.85210591000365 2.630977262661547 9.6
      vertex 36.16969476828142 8.690933677959249 9.6
      vertex 36.16969476828142 2.5090663220407508 9.6
    endloop
  endfacet
  facet normal -0.9335804264972044 -0.3583679495452935 0
    outer loop
      vertex 34.204977262661544 4.278105910003649 9.6
      vertex 34.08306632204075 4.595694768281421 14.8
      vertex 34.08306632204075 4.595694768281421 9.6
    endloop
  endfacet
  facet normal -0.8910065241883675 -0.4539904997395476 0
    outer loop
      vertex 34.35941743770057 3.9749999999999996 9.6
      vertex 34.35941743770057 3.9749999999999996 14.8
      vertex 34.204977262661544 4.278105910003649 14.8
    endloop
  endfacet
  facet normal -0.9335804264972044 -0.3583679495452935 0
    outer loop
      vertex 34.204977262661544 4.278105910003649 9.6
      vertex 34.204977262661544 4.278105910003649 14.8
      vertex 34.08306632204075 4.595694768281421 14.8
    endloop
  endfacet
  facet normal -0.9659258262890658 -0.25881904510253045 0
    outer loop
      vertex 34.08306632204075 4.595694768281421 9.6
      vertex 34.08306632204075 4.595694768281421 14.8
      vertex 33.99502029761513 4.924287004842282 14.8
    endloop
  endfacet
  facet normal 0 0 -1
    outer loop
      vertex 34.75877931719847 3.42532552933371 9.6
      vertex 34.99932552933371 8.01522068280153 9.6
      vertex 34.99932552933371 3.184779317198468 9.6
    endloop
  endfacet
  facet normal 0 0 -1
    outer loop
      vertex 35.26369793004946 2.9706947682814207 9.6
      vertex 34.99932552933371 3.184779317198468 9.6
      vertex 35.26369793004946 8.229305231718579 9.6
    endloop
  endfacet
  facet normal 0 0 -1
    outer loop
      vertex 34.54469476828142 3.689697930049462 9.6
      vertex 34.75877931719847 7.774674470666289 9.6
      vertex 34.75877931719847 3.42532552933371 9.6
    endloop
  endfacet
  facet normal 0 0 -1
    outer loop
      vertex 34.54469476828142 3.689697930049462 9.6
      vertex 34.35941743770057 3.9749999999999996 9.6
      vertex 34.54469476828142 7.510302069950537 9.6
    endloop
  endfacet
  facet normal 0 0 -1
    outer loop
      vertex 34.204977262661544 4.278105910003649 9.6
      vertex 34.35941743770057 7.225 9.6
      vertex 34.35941743770057 3.9749999999999996 9.6
    endloop
  endfacet
  facet normal -0.9659258262890658 -0.25881904510253045 0
    outer loop
      vertex 34.08306632204075 4.595694768281421 9.6
      vertex 33.99502029761513 4.924287004842282 14.8
      vertex 33.99502029761513 4.924287004842282 9.6
    endloop
  endfacet
  facet normal -0.9876883405951397 -0.15643446504021846 0
    outer loop
      vertex 33.99502029761513 4.924287004842282 9.6
      vertex 33.94180384005311 5.260282494380126 14.8
      vertex 33.94180384005311 5.260282494380126 9.6
    endloop
  endfacet
  facet normal 0 0 -1
    outer loop
      vertex 34.204977262661544 4.278105910003649 9.6
      vertex 34.08306632204075 4.595694768281421 9.6
      vertex 34.204977262661544 6.92189408999635 9.6
    endloop
  endfacet
  facet normal 0 0 -1
    outer loop
      vertex 34.08306632204075 4.595694768281421 9.6
      vertex 33.99502029761513 4.924287004842282 9.6
      vertex 34.08306632204075 6.604305231718579 9.6
    endloop
  endfacet
  facet normal 0 0 -1
    outer loop
      vertex 33.99502029761513 4.924287004842282 9.6
      vertex 33.94180384005311 5.260282494380126 9.6
      vertex 33.99502029761513 6.2757129951577175 9.6
    endloop
  endfacet
  facet normal 0 0 -1
    outer loop
      vertex 33.94180384005311 5.260282494380126 9.6
      vertex 33.924 5.6 9.6
      vertex 33.94180384005311 5.939717505619873 9.6
    endloop
  endfacet
  facet normal -0.9986295347545737 -0.05233595624294548 0
    outer loop
      vertex 33.94180384005311 5.260282494380126 9.6
      vertex 33.924 5.6 14.8
      vertex 33.924 5.6 9.6
    endloop
  endfacet
  facet normal -0.9876883405951397 -0.15643446504021846 0
    outer loop
      vertex 33.99502029761513 4.924287004842282 9.6
      vertex 33.99502029761513 4.924287004842282 14.8
      vertex 33.94180384005311 5.260282494380126 14.8
    endloop
  endfacet
  facet normal -0.9986295347545737 -0.05233595624294548 0
    outer loop
      vertex 33.94180384005311 5.260282494380126 9.6
      vertex 33.94180384005311 5.260282494380126 14.8
      vertex 33.924 5.6 14.8
    endloop
  endfacet
  facet normal 0 0 1
    outer loop
      vertex 35.26369793004946 2.9706947682814207 14.8
      vertex 35.48525046262034 4.625 14.8
      vertex 35.392586357596926 4.806863546002189 14.8
    endloop
  endfacet
  facet normal 0 0 1
    outer loop
      vertex 35.26369793004946 2.9706947682814207 14.8
      vertex 35.392586357596926 4.806863546002189 14.8
      vertex 35.31943979322445 4.997416860968852 14.8
    endloop
  endfacet
  facet normal 0 0 1
    outer loop
      vertex 35.26369793004946 2.9706947682814207 14.8
      vertex 35.31943979322445 4.997416860968852 14.8
      vertex 35.266612178569076 5.194572202905369 14.8
    endloop
  endfacet
  facet normal 0 0 1
    outer loop
      vertex 35.26369793004946 2.9706947682814207 14.8
      vertex 35.266612178569076 5.194572202905369 14.8
      vertex 35.234682304031864 5.396169496628075 14.8
    endloop
  endfacet
  facet normal 0 0 1
    outer loop
      vertex 35.26369793004946 2.9706947682814207 14.8
      vertex 34.99932552933371 8.01522068280153 14.8
      vertex 34.99932552933371 3.184779317198468 14.8
    endloop
  endfacet
  facet normal 0 0 1
    outer loop
      vertex 34.54469476828142 3.689697930049462 14.8
      vertex 34.35941743770057 7.225 14.8
      vertex 34.35941743770057 3.9749999999999996 14.8
    endloop
  endfacet
  facet normal 0 0 1
    outer loop
      vertex 34.75877931719847 3.42532552933371 14.8
      vertex 34.99932552933371 3.184779317198468 14.8
      vertex 34.75877931719847 7.774674470666289 14.8
    endloop
  endfacet
  facet normal 0 0 1
    outer loop
      vertex 34.54469476828142 3.689697930049462 14.8
      vertex 34.75877931719847 3.42532552933371 14.8
      vertex 34.54469476828142 7.510302069950537 14.8
    endloop
  endfacet
  facet normal 0 0 1
    outer loop
      vertex 34.204977262661544 4.278105910003649 14.8
      vertex 34.35941743770057 3.9749999999999996 14.8
      vertex 34.204977262661544 6.92189408999635 14.8
    endloop
  endfacet
  facet normal 0 0 1
    outer loop
      vertex 34.204977262661544 4.278105910003649 14.8
      vertex 34.08306632204075 6.604305231718579 14.8
      vertex 34.08306632204075 4.595694768281421 14.8
    endloop
  endfacet
  facet normal 0 0 1
    outer loop
      vertex 34.08306632204075 4.595694768281421 14.8
      vertex 33.99502029761513 6.2757129951577175 14.8
      vertex 33.99502029761513 4.924287004842282 14.8
    endloop
  endfacet
  facet normal 0 0 1
    outer loop
      vertex 33.99502029761513 4.924287004842282 14.8
      vertex 33.94180384005311 5.939717505619873 14.8
      vertex 33.94180384005311 5.260282494380126 14.8
    endloop
  endfacet
  facet normal 0 0 1
    outer loop
      vertex 33.94180384005311 5.260282494380126 14.8
      vertex 33.94180384005311 5.939717505619873 14.8
      vertex 33.924 5.6 14.8
    endloop
  endfacet
  facet normal 0 0 1
    outer loop
      vertex 35.26369793004946 2.9706947682814207 14.8
      vertex 35.234682304031864 5.396169496628075 14.8
      vertex 34.99932552933371 8.01522068280153 14.8
    endloop
  endfacet
  facet normal -0.05233595624294511 -0.9986295347545737 0
    outer loop
      vertex 36.970169496628074 3.660682304031867 24.6
      vertex 36.970169496628074 3.660682304031867 14.8
      vertex 37.174 3.6499999999999995 14.8
    endloop
  endfacet
  facet normal -0.2588190451025235 -0.9659258262890675 0
    outer loop
      vertex 36.57141686096885 3.7454397932244503 24.6
      vertex 36.57141686096885 3.7454397932244503 14.8
      vertex 36.76857220290537 3.6926121785690786 14.8
    endloop
  endfacet
  facet normal -0.15643446504023029 -0.9876883405951378 0
    outer loop
      vertex 36.76857220290537 3.6926121785690786 24.6
      vertex 36.76857220290537 3.6926121785690786 14.8
      vertex 36.970169496628074 3.660682304031867 14.8
    endloop
  endfacet
  facet normal -0.4539904997395454 -0.8910065241883685 0
    outer loop
      vertex 36.199 3.9112504626203446 24.6
      vertex 36.199 3.9112504626203446 14.8
      vertex 36.38086354600219 3.818586357596928 14.8
    endloop
  endfacet
  facet normal -0.3583679495452982 -0.9335804264972026 0
    outer loop
      vertex 36.38086354600219 3.818586357596928 24.6
      vertex 36.38086354600219 3.818586357596928 14.8
      vertex 36.57141686096885 3.7454397932244503 14.8
    endloop
  endfacet
  facet normal -0.05233595624294511 -0.9986295347545737 0
    outer loop
      vertex 36.970169496628074 3.660682304031867 24.6
      vertex 37.174 3.6499999999999995 14.8
      vertex 37.174 3.6499999999999995 24.6
    endloop
  endfacet
  facet normal -0.2588190451025235 -0.9659258262890675 0
    outer loop
      vertex 36.57141686096885 3.7454397932244503 24.6
      vertex 36.76857220290537 3.6926121785690786 14.8
      vertex 36.76857220290537 3.6926121785690786 24.6
    endloop
  endfacet
  facet normal -0.3583679495452982 -0.9335804264972026 0
    outer loop
      vertex 36.38086354600219 3.818586357596928 24.6
      vertex 36.57141686096885 3.7454397932244503 14.8
      vertex 36.57141686096885 3.7454397932244503 24.6
    endloop
  endfacet
  facet normal -0.15643446504023029 -0.9876883405951378 0
    outer loop
      vertex 36.76857220290537 3.6926121785690786 24.6
      vertex 36.970169496628074 3.660682304031867 14.8
      vertex 36.970169496628074 3.660682304031867 24.6
    endloop
  endfacet
  facet normal -0.5446390350150246 -0.8386705679454256 0
    outer loop
      vertex 36.027818758029674 4.022416860968852 24.6
      vertex 36.199 3.9112504626203446 14.8
      vertex 36.199 3.9112504626203446 24.6
    endloop
  endfacet
  facet normal -0.4539904997395454 -0.8910065241883685 0
    outer loop
      vertex 36.38086354600219 3.818586357596928 24.6
      vertex 36.199 3.9112504626203446 24.6
      vertex 36.38086354600219 3.818586357596928 14.8
    endloop
  endfacet
  facet normal -0.5446390350150246 -0.8386705679454256 0
    outer loop
      vertex 36.027818758029674 4.022416860968852 24.6
      vertex 36.027818758029674 4.022416860968852 14.8
      vertex 36.199 3.9112504626203446 14.8
    endloop
  endfacet
  facet normal -0.6293203910498343 -0.7771459614569733 0
    outer loop
      vertex 35.86919531760022 4.150867590319081 24.6
      vertex 35.86919531760022 4.150867590319081 14.8
      vertex 36.027818758029674 4.022416860968852 14.8
    endloop
  endfacet
  facet normal -0.7071067811865518 -0.7071067811865431 0
    outer loop
      vertex 35.72486759031908 4.295195317600227 24.6
      vertex 35.72486759031908 4.295195317600227 14.8
      vertex 35.86919531760022 4.150867590319081 14.8
    endloop
  endfacet
  facet normal -0.8910065241883666 -0.45399049973954897 0
    outer loop
      vertex 35.392586357596926 4.806863546002189 24.6
      vertex 35.392586357596926 4.806863546002189 14.8
      vertex 35.48525046262034 4.625 14.8
    endloop
  endfacet
  facet normal -0.7771459614569739 -0.6293203910498338 0
    outer loop
      vertex 35.59641686096885 4.453818758029677 24.6
      vertex 35.59641686096885 4.453818758029677 14.8
      vertex 35.72486759031908 4.295195317600227 14.8
    endloop
  endfacet
  facet normal -0.8386705679454222 -0.5446390350150297 0
    outer loop
      vertex 35.48525046262034 4.625 24.6
      vertex 35.48525046262034 4.625 14.8
      vertex 35.59641686096885 4.453818758029677 14.8
    endloop
  endfacet
  facet normal -0.9335804264971999 -0.3583679495453053 0
    outer loop
      vertex 35.31943979322445 4.997416860968852 24.6
      vertex 35.31943979322445 4.997416860968852 14.8
      vertex 35.392586357596926 4.806863546002189 14.8
    endloop
  endfacet
  facet normal -0.9659258262890692 -0.25881904510251724 0
    outer loop
      vertex 35.266612178569076 5.194572202905369 24.6
      vertex 35.266612178569076 5.194572202905369 14.8
      vertex 35.31943979322445 4.997416860968852 14.8
    endloop
  endfacet
  facet normal -0.9876883405951375 -0.15643446504023245 0
    outer loop
      vertex 35.234682304031864 5.396169496628075 24.6
      vertex 35.234682304031864 5.396169496628075 14.8
      vertex 35.266612178569076 5.194572202905369 14.8
    endloop
  endfacet
  facet normal -0.9986295347545738 -0.05233595624294535 0
    outer loop
      vertex 35.224 5.6 24.6
      vertex 35.224 5.6 14.8
      vertex 35.234682304031864 5.396169496628075 14.8
    endloop
  endfacet
  facet normal -0.6293203910498343 -0.7771459614569733 0
    outer loop
      vertex 36.027818758029674 4.022416860968852 24.6
      vertex 35.86919531760022 4.150867590319081 24.6
      vertex 36.027818758029674 4.022416860968852 14.8
    endloop
  endfacet
  facet normal -0.7071067811865518 -0.7071067811865431 0
    outer loop
      vertex 35.72486759031908 4.295195317600227 24.6
      vertex 35.86919531760022 4.150867590319081 14.8
      vertex 35.86919531760022 4.150867590319081 24.6
    endloop
  endfacet
  facet normal -0.7771459614569739 -0.6293203910498338 0
    outer loop
      vertex 35.59641686096885 4.453818758029677 24.6
      vertex 35.72486759031908 4.295195317600227 14.8
      vertex 35.72486759031908 4.295195317600227 24.6
    endloop
  endfacet
  facet normal -0.8910065241883666 -0.45399049973954897 0
    outer loop
      vertex 35.392586357596926 4.806863546002189 24.6
      vertex 35.48525046262034 4.625 14.8
      vertex 35.48525046262034 4.625 24.6
    endloop
  endfacet
  facet normal -0.8386705679454222 -0.5446390350150297 0
    outer loop
      vertex 35.59641686096885 4.453818758029677 24.6
      vertex 35.48525046262034 4.625 24.6
      vertex 35.59641686096885 4.453818758029677 14.8
    endloop
  endfacet
  facet normal -0.9335804264971999 -0.3583679495453053 0
    outer loop
      vertex 35.392586357596926 4.806863546002189 24.6
      vertex 35.31943979322445 4.997416860968852 24.6
      vertex 35.392586357596926 4.806863546002189 14.8
    endloop
  endfacet
  facet normal -0.9659258262890692 -0.25881904510251724 0
    outer loop
      vertex 35.31943979322445 4.997416860968852 24.6
      vertex 35.266612178569076 5.194572202905369 24.6
      vertex 35.31943979322445 4.997416860968852 14.8
    endloop
  endfacet
  facet normal -0.9876883405951375 -0.15643446504023245 0
    outer loop
      vertex 35.266612178569076 5.194572202905369 24.6
      vertex 35.234682304031864 5.396169496628075 24.6
      vertex 35.266612178569076 5.194572202905369 14.8
    endloop
  endfacet
  facet normal -0.9986295347545738 -0.05233595624294535 0
    outer loop
      vertex 35.234682304031864 5.396169496628075 24.6
      vertex 35.224 5.6 24.6
      vertex 35.234682304031864 5.396169496628075 14.8
    endloop
  endfacet
  facet normal 0 0 1
    outer loop
      vertex 36.38086354600219 3.818586357596928 24.6
      vertex 36.57141686096885 3.7454397932244503 24.6
      vertex 36.38086354600219 7.381413642403071 24.6
    endloop
  endfacet
  facet normal 0 0 1
    outer loop
      vertex 36.57141686096885 3.7454397932244503 24.6
      vertex 36.76857220290537 3.6926121785690786 24.6
      vertex 36.57141686096885 7.4545602067755485 24.6
    endloop
  endfacet
  facet normal 0 0 1
    outer loop
      vertex 36.76857220290537 3.6926121785690786 24.6
      vertex 36.970169496628074 3.660682304031867 24.6
      vertex 36.76857220290537 7.507387821430921 24.6
    endloop
  endfacet
  facet normal 0 0 1
    outer loop
      vertex 36.970169496628074 3.660682304031867 24.6
      vertex 37.174 3.6499999999999995 24.6
      vertex 36.970169496628074 7.5393176959681325 24.6
    endloop
  endfacet
  facet normal 0 0 1
    outer loop
      vertex 36.027818758029674 4.022416860968852 24.6
      vertex 36.199 3.9112504626203446 24.6
      vertex 36.027818758029674 7.177583139031147 24.6
    endloop
  endfacet
  facet normal 0 0 1
    outer loop
      vertex 36.38086354600219 3.818586357596928 24.6
      vertex 36.199 7.288749537379655 24.6
      vertex 36.199 3.9112504626203446 24.6
    endloop
  endfacet
  facet normal 0 0 1
    outer loop
      vertex 36.027818758029674 4.022416860968852 24.6
      vertex 35.86919531760022 7.049132409680919 24.6
      vertex 35.86919531760022 4.150867590319081 24.6
    endloop
  endfacet
  facet normal 0 0 1
    outer loop
      vertex 35.72486759031908 4.295195317600227 24.6
      vertex 35.86919531760022 4.150867590319081 24.6
      vertex 35.72486759031908 6.904804682399773 24.6
    endloop
  endfacet
  facet normal 0 0 1
    outer loop
      vertex 35.59641686096885 4.453818758029677 24.6
      vertex 35.72486759031908 4.295195317600227 24.6
      vertex 35.59641686096885 6.746181241970322 24.6
    endloop
  endfacet
  facet normal 0 0 1
    outer loop
      vertex 35.392586357596926 4.806863546002189 24.6
      vertex 35.48525046262034 4.625 24.6
      vertex 35.392586357596926 6.39313645399781 24.6
    endloop
  endfacet
  facet normal 0 0 1
    outer loop
      vertex 35.392586357596926 4.806863546002189 24.6
      vertex 35.31943979322445 6.202583139031147 24.6
      vertex 35.31943979322445 4.997416860968852 24.6
    endloop
  endfacet
  facet normal 0 0 1
    outer loop
      vertex 35.31943979322445 4.997416860968852 24.6
      vertex 35.266612178569076 6.00542779709463 24.6
      vertex 35.266612178569076 5.194572202905369 24.6
    endloop
  endfacet
  facet normal 0 0 1
    outer loop
      vertex 35.266612178569076 5.194572202905369 24.6
      vertex 35.234682304031864 5.803830503371924 24.6
      vertex 35.234682304031864 5.396169496628075 24.6
    endloop
  endfacet
  facet normal 0 0 1
    outer loop
      vertex 35.234682304031864 5.396169496628075 24.6
      vertex 35.234682304031864 5.803830503371924 24.6
      vertex 35.224 5.6 24.6
    endloop
  endfacet
  facet normal 0 0 1
    outer loop
      vertex 35.59641686096885 4.453818758029677 24.6
      vertex 35.48525046262034 6.574999999999999 24.6
      vertex 35.48525046262034 4.625 24.6
    endloop
  endfacet
  facet normal 0 0 -1
    outer loop
      vertex 33.94180384005311 5.260282494380126 9.6
      vertex 33.94180384005311 5.939717505619873 9.6
      vertex 33.99502029761513 6.2757129951577175 9.6
    endloop
  endfacet
  facet normal 0 0 -1
    outer loop
      vertex 33.99502029761513 4.924287004842282 9.6
      vertex 33.99502029761513 6.2757129951577175 9.6
      vertex 34.08306632204075 6.604305231718579 9.6
    endloop
  endfacet
  facet normal -0.9986295347545737 0.05233595624294548 0
    outer loop
      vertex 33.924 5.6 9.6
      vertex 33.94180384005311 5.939717505619873 14.8
      vertex 33.94180384005311 5.939717505619873 9.6
    endloop
  endfacet
  facet normal 0 0 -1
    outer loop
      vertex 34.08306632204075 4.595694768281421 9.6
      vertex 34.08306632204075 6.604305231718579 9.6
      vertex 34.204977262661544 6.92189408999635 9.6
    endloop
  endfacet
  facet normal 0 0 -1
    outer loop
      vertex 34.204977262661544 4.278105910003649 9.6
      vertex 34.204977262661544 6.92189408999635 9.6
      vertex 34.35941743770057 7.225 9.6
    endloop
  endfacet
  facet normal 0 0 -1
    outer loop
      vertex 34.35941743770057 3.9749999999999996 9.6
      vertex 34.35941743770057 7.225 9.6
      vertex 34.54469476828142 7.510302069950537 9.6
    endloop
  endfacet
  facet normal 0 0 -1
    outer loop
      vertex 34.54469476828142 3.689697930049462 9.6
      vertex 34.54469476828142 7.510302069950537 9.6
      vertex 34.75877931719847 7.774674470666289 9.6
    endloop
  endfacet
  facet normal 0 0 -1
    outer loop
      vertex 34.75877931719847 3.42532552933371 9.6
      vertex 34.75877931719847 7.774674470666289 9.6
      vertex 34.99932552933371 8.01522068280153 9.6
    endloop
  endfacet
  facet normal -0.9876883405951397 0.15643446504021846 0
    outer loop
      vertex 33.94180384005311 5.939717505619873 9.6
      vertex 33.99502029761513 6.2757129951577175 14.8
      vertex 33.99502029761513 6.2757129951577175 9.6
    endloop
  endfacet
  facet normal -0.9986295347545737 0.05233595624294548 0
    outer loop
      vertex 33.924 5.6 9.6
      vertex 33.924 5.6 14.8
      vertex 33.94180384005311 5.939717505619873 14.8
    endloop
  endfacet
  facet normal -0.9876883405951397 0.15643446504021846 0
    outer loop
      vertex 33.94180384005311 5.939717505619873 9.6
      vertex 33.94180384005311 5.939717505619873 14.8
      vertex 33.99502029761513 6.2757129951577175 14.8
    endloop
  endfacet
  facet normal -0.9659258262890658 0.25881904510253045 0
    outer loop
      vertex 33.99502029761513 6.2757129951577175 9.6
      vertex 33.99502029761513 6.2757129951577175 14.8
      vertex 34.08306632204075 6.604305231718579 14.8
    endloop
  endfacet
  facet normal 0 0 -1
    outer loop
      vertex 34.99932552933371 3.184779317198468 9.6
      vertex 34.99932552933371 8.01522068280153 9.6
      vertex 35.26369793004946 8.229305231718579 9.6
    endloop
  endfacet
  facet normal 0 0 -1
    outer loop
      vertex 35.26369793004946 2.9706947682814207 9.6
      vertex 35.26369793004946 8.229305231718579 9.6
      vertex 35.549 8.414582562299426 9.6
    endloop
  endfacet
  facet normal 0 0 -1
    outer loop
      vertex 35.549 2.7854174377005743 9.6
      vertex 35.549 8.414582562299426 9.6
      vertex 35.85210591000365 8.569022737338452 9.6
    endloop
  endfacet
  facet normal 0 0 -1
    outer loop
      vertex 35.85210591000365 2.630977262661547 9.6
      vertex 35.85210591000365 8.569022737338452 9.6
      vertex 36.16969476828142 8.690933677959249 9.6
    endloop
  endfacet
  facet normal 0 0 -1
    outer loop
      vertex 36.16969476828142 2.5090663220407508 9.6
      vertex 36.16969476828142 8.690933677959249 9.6
      vertex 36.49828700484228 8.778979702384868 9.6
    endloop
  endfacet
  facet normal 0 0 -1
    outer loop
      vertex 36.49828700484228 2.421020297615131 9.6
      vertex 36.49828700484228 8.778979702384868 9.6
      vertex 36.834282494380126 8.832196159946887 9.6
    endloop
  endfacet
  facet normal 0 0 -1
    outer loop
      vertex 36.834282494380126 2.3678038400531114 9.6
      vertex 36.834282494380126 8.832196159946887 9.6
      vertex 37.174 8.85 9.6
    endloop
  endfacet
  facet normal -0.9659258262890658 0.25881904510253045 0
    outer loop
      vertex 33.99502029761513 6.2757129951577175 9.6
      vertex 34.08306632204075 6.604305231718579 14.8
      vertex 34.08306632204075 6.604305231718579 9.6
    endloop
  endfacet
  facet normal -0.9335804264972044 0.3583679495452935 0
    outer loop
      vertex 34.08306632204075 6.604305231718579 9.6
      vertex 34.204977262661544 6.92189408999635 14.8
      vertex 34.204977262661544 6.92189408999635 9.6
    endloop
  endfacet
  facet normal -0.8910065241883675 0.4539904997395476 0
    outer loop
      vertex 34.204977262661544 6.92189408999635 9.6
      vertex 34.35941743770057 7.225 14.8
      vertex 34.35941743770057 7.225 9.6
    endloop
  endfacet
  facet normal -0.9335804264972044 0.3583679495452935 0
    outer loop
      vertex 34.08306632204075 6.604305231718579 9.6
      vertex 34.08306632204075 6.604305231718579 14.8
      vertex 34.204977262661544 6.92189408999635 14.8
    endloop
  endfacet
  facet normal -0.8910065241883675 0.4539904997395476 0
    outer loop
      vertex 34.204977262661544 6.92189408999635 9.6
      vertex 34.204977262661544 6.92189408999635 14.8
      vertex 34.35941743770057 7.225 14.8
    endloop
  endfacet
  facet normal 0 0 1
    outer loop
      vertex 33.99502029761513 4.924287004842282 14.8
      vertex 33.99502029761513 6.2757129951577175 14.8
      vertex 33.94180384005311 5.939717505619873 14.8
    endloop
  endfacet
  facet normal 0 0 1
    outer loop
      vertex 34.08306632204075 4.595694768281421 14.8
      vertex 34.08306632204075 6.604305231718579 14.8
      vertex 33.99502029761513 6.2757129951577175 14.8
    endloop
  endfacet
  facet normal 0 0 1
    outer loop
      vertex 34.204977262661544 4.278105910003649 14.8
      vertex 34.204977262661544 6.92189408999635 14.8
      vertex 34.08306632204075 6.604305231718579 14.8
    endloop
  endfacet
  facet normal 0 0 1
    outer loop
      vertex 34.35941743770057 3.9749999999999996 14.8
      vertex 34.35941743770057 7.225 14.8
      vertex 34.204977262661544 6.92189408999635 14.8
    endloop
  endfacet
  facet normal 0 0 1
    outer loop
      vertex 34.54469476828142 3.689697930049462 14.8
      vertex 34.54469476828142 7.510302069950537 14.8
      vertex 34.35941743770057 7.225 14.8
    endloop
  endfacet
  facet normal 0 0 1
    outer loop
      vertex 34.75877931719847 3.42532552933371 14.8
      vertex 34.75877931719847 7.774674470666289 14.8
      vertex 34.54469476828142 7.510302069950537 14.8
    endloop
  endfacet
  facet normal 0 0 1
    outer loop
      vertex 34.99932552933371 3.184779317198468 14.8
      vertex 34.99932552933371 8.01522068280153 14.8
      vertex 34.75877931719847 7.774674470666289 14.8
    endloop
  endfacet
  facet normal 0 0 1
    outer loop
      vertex 34.99932552933371 8.01522068280153 14.8
      vertex 35.234682304031864 5.396169496628075 14.8
      vertex 35.224 5.6 14.8
    endloop
  endfacet
  facet normal 0 0 1
    outer loop
      vertex 34.99932552933371 8.01522068280153 14.8
      vertex 35.224 5.6 14.8
      vertex 35.234682304031864 5.803830503371924 14.8
    endloop
  endfacet
  facet normal 0 0 1
    outer loop
      vertex 35.26369793004946 8.229305231718579 14.8
      vertex 35.234682304031864 5.803830503371924 14.8
      vertex 35.266612178569076 6.00542779709463 14.8
    endloop
  endfacet
  facet normal 0 0 1
    outer loop
      vertex 35.26369793004946 8.229305231718579 14.8
      vertex 35.266612178569076 6.00542779709463 14.8
      vertex 35.31943979322445 6.202583139031147 14.8
    endloop
  endfacet
  facet normal 0 0 1
    outer loop
      vertex 35.26369793004946 8.229305231718579 14.8
      vertex 35.31943979322445 6.202583139031147 14.8
      vertex 35.392586357596926 6.39313645399781 14.8
    endloop
  endfacet
  facet normal 0 0 1
    outer loop
      vertex 35.26369793004946 8.229305231718579 14.8
      vertex 35.392586357596926 6.39313645399781 14.8
      vertex 35.48525046262034 6.574999999999999 14.8
    endloop
  endfacet
  facet normal -0.8386705679454253 0.5446390350150252 0
    outer loop
      vertex 34.35941743770057 7.225 9.6
      vertex 34.54469476828142 7.510302069950537 14.8
      vertex 34.54469476828142 7.510302069950537 9.6
    endloop
  endfacet
  facet normal -0.7771459614569681 0.629320391049841 0
    outer loop
      vertex 34.54469476828142 7.510302069950537 9.6
      vertex 34.75877931719847 7.774674470666289 14.8
      vertex 34.75877931719847 7.774674470666289 9.6
    endloop
  endfacet
  facet normal -0.7071067811865449 0.7071067811865502 0
    outer loop
      vertex 34.75877931719847 7.774674470666289 9.6
      vertex 34.99932552933371 8.01522068280153 14.8
      vertex 34.99932552933371 8.01522068280153 9.6
    endloop
  endfacet
  facet normal -0.8386705679454253 0.5446390350150252 0
    outer loop
      vertex 34.35941743770057 7.225 9.6
      vertex 34.35941743770057 7.225 14.8
      vertex 34.54469476828142 7.510302069950537 14.8
    endloop
  endfacet
  facet normal -0.7771459614569681 0.629320391049841 0
    outer loop
      vertex 34.54469476828142 7.510302069950537 9.6
      vertex 34.54469476828142 7.510302069950537 14.8
      vertex 34.75877931719847 7.774674470666289 14.8
    endloop
  endfacet
  facet normal -0.7071067811865449 0.7071067811865502 0
    outer loop
      vertex 34.75877931719847 7.774674470666289 9.6
      vertex 34.75877931719847 7.774674470666289 14.8
      vertex 34.99932552933371 8.01522068280153 14.8
    endloop
  endfacet
  facet normal -0.6293203910498404 0.7771459614569685 0
    outer loop
      vertex 34.99932552933371 8.01522068280153 9.6
      vertex 34.99932552933371 8.01522068280153 14.8
      vertex 35.26369793004946 8.229305231718579 9.6
    endloop
  endfacet
  facet normal -0.5446390350150265 0.8386705679454244 0
    outer loop
      vertex 35.26369793004946 8.229305231718579 9.6
      vertex 35.26369793004946 8.229305231718579 14.8
      vertex 35.549 8.414582562299426 9.6
    endloop
  endfacet
  facet normal -0.4539904997395413 0.8910065241883707 0
    outer loop
      vertex 35.549 8.414582562299426 9.6
      vertex 35.549 8.414582562299426 14.8
      vertex 35.85210591000365 8.569022737338452 9.6
    endloop
  endfacet
  facet normal -0.35836794954530776 0.9335804264971987 0
    outer loop
      vertex 35.85210591000365 8.569022737338452 9.6
      vertex 35.85210591000365 8.569022737338452 14.8
      vertex 36.16969476828142 8.690933677959249 9.6
    endloop
  endfacet
  facet normal -0.2588190451025174 0.9659258262890691 0
    outer loop
      vertex 36.16969476828142 8.690933677959249 9.6
      vertex 36.16969476828142 8.690933677959249 14.8
      vertex 36.49828700484228 8.778979702384868 9.6
    endloop
  endfacet
  facet normal -0.156434465040229 0.987688340595138 0
    outer loop
      vertex 36.49828700484228 8.778979702384868 9.6
      vertex 36.49828700484228 8.778979702384868 14.8
      vertex 36.834282494380126 8.832196159946887 9.6
    endloop
  endfacet
  facet normal -0.05233595624294548 0.9986295347545737 0
    outer loop
      vertex 36.834282494380126 8.832196159946887 9.6
      vertex 36.834282494380126 8.832196159946887 14.8
      vertex 37.174 8.85 9.6
    endloop
  endfacet
  facet normal -0.6293203910498404 0.7771459614569685 0
    outer loop
      vertex 35.26369793004946 8.229305231718579 9.6
      vertex 34.99932552933371 8.01522068280153 14.8
      vertex 35.26369793004946 8.229305231718579 14.8
    endloop
  endfacet
  facet normal -0.5446390350150265 0.8386705679454244 0
    outer loop
      vertex 35.549 8.414582562299426 9.6
      vertex 35.26369793004946 8.229305231718579 14.8
      vertex 35.549 8.414582562299426 14.8
    endloop
  endfacet
  facet normal -0.4539904997395413 0.8910065241883707 0
    outer loop
      vertex 35.85210591000365 8.569022737338452 9.6
      vertex 35.549 8.414582562299426 14.8
      vertex 35.85210591000365 8.569022737338452 14.8
    endloop
  endfacet
  facet normal -0.35836794954530776 0.9335804264971987 0
    outer loop
      vertex 36.16969476828142 8.690933677959249 9.6
      vertex 35.85210591000365 8.569022737338452 14.8
      vertex 36.16969476828142 8.690933677959249 14.8
    endloop
  endfacet
  facet normal -0.2588190451025174 0.9659258262890691 0
    outer loop
      vertex 36.49828700484228 8.778979702384868 9.6
      vertex 36.16969476828142 8.690933677959249 14.8
      vertex 36.49828700484228 8.778979702384868 14.8
    endloop
  endfacet
  facet normal -0.156434465040229 0.987688340595138 0
    outer loop
      vertex 36.834282494380126 8.832196159946887 9.6
      vertex 36.49828700484228 8.778979702384868 14.8
      vertex 36.834282494380126 8.832196159946887 14.8
    endloop
  endfacet
  facet normal -0.05233595624294548 0.9986295347545737 0
    outer loop
      vertex 36.834282494380126 8.832196159946887 14.8
      vertex 37.174 8.85 14.8
      vertex 37.174 8.85 9.6
    endloop
  endfacet
  facet normal 0 0 1
    outer loop
      vertex 34.99932552933371 8.01522068280153 14.8
      vertex 35.234682304031864 5.803830503371924 14.8
      vertex 35.26369793004946 8.229305231718579 14.8
    endloop
  endfacet
  facet normal 0 0 1
    outer loop
      vertex 35.549 8.414582562299426 14.8
      vertex 35.48525046262034 6.574999999999999 14.8
      vertex 35.59641686096885 6.746181241970322 14.8
    endloop
  endfacet
  facet normal 0 0 1
    outer loop
      vertex 35.549 8.414582562299426 14.8
      vertex 35.59641686096885 6.746181241970322 14.8
      vertex 35.72486759031908 6.904804682399773 14.8
    endloop
  endfacet
  facet normal 0 0 1
    outer loop
      vertex 35.85210591000365 8.569022737338452 14.8
      vertex 35.72486759031908 6.904804682399773 14.8
      vertex 35.86919531760022 7.049132409680919 14.8
    endloop
  endfacet
  facet normal 0 0 1
    outer loop
      vertex 35.85210591000365 8.569022737338452 14.8
      vertex 35.86919531760022 7.049132409680919 14.8
      vertex 36.027818758029674 7.177583139031147 14.8
    endloop
  endfacet
  facet normal 0 0 1
    outer loop
      vertex 35.26369793004946 8.229305231718579 14.8
      vertex 35.48525046262034 6.574999999999999 14.8
      vertex 35.549 8.414582562299426 14.8
    endloop
  endfacet
  facet normal 0 0 1
    outer loop
      vertex 36.16969476828142 8.690933677959249 14.8
      vertex 36.027818758029674 7.177583139031147 14.8
      vertex 36.199 7.288749537379655 14.8
    endloop
  endfacet
  facet normal 0 0 1
    outer loop
      vertex 36.16969476828142 8.690933677959249 14.8
      vertex 36.199 7.288749537379655 14.8
      vertex 36.38086354600219 7.381413642403071 14.8
    endloop
  endfacet
  facet normal 0 0 1
    outer loop
      vertex 35.549 8.414582562299426 14.8
      vertex 35.72486759031908 6.904804682399773 14.8
      vertex 35.85210591000365 8.569022737338452 14.8
    endloop
  endfacet
  facet normal 0 0 1
    outer loop
      vertex 36.49828700484228 8.778979702384868 14.8
      vertex 36.38086354600219 7.381413642403071 14.8
      vertex 36.57141686096885 7.4545602067755485 14.8
    endloop
  endfacet
  facet normal 0 0 1
    outer loop
      vertex 36.49828700484228 8.778979702384868 14.8
      vertex 36.57141686096885 7.4545602067755485 14.8
      vertex 36.76857220290537 7.507387821430921 14.8
    endloop
  endfacet
  facet normal 0 0 1
    outer loop
      vertex 36.834282494380126 8.832196159946887 14.8
      vertex 36.76857220290537 7.507387821430921 14.8
      vertex 36.970169496628074 7.5393176959681325 14.8
    endloop
  endfacet
  facet normal 0 0 1
    outer loop
      vertex 36.834282494380126 8.832196159946887 14.8
      vertex 36.970169496628074 7.5393176959681325 14.8
      vertex 37.174 7.55 14.8
    endloop
  endfacet
  facet normal 0 0 1
    outer loop
      vertex 35.85210591000365 8.569022737338452 14.8
      vertex 36.027818758029674 7.177583139031147 14.8
      vertex 36.16969476828142 8.690933677959249 14.8
    endloop
  endfacet
  facet normal 0 0 1
    outer loop
      vertex 36.16969476828142 8.690933677959249 14.8
      vertex 36.38086354600219 7.381413642403071 14.8
      vertex 36.49828700484228 8.778979702384868 14.8
    endloop
  endfacet
  facet normal 0 0 1
    outer loop
      vertex 36.49828700484228 8.778979702384868 14.8
      vertex 36.76857220290537 7.507387821430921 14.8
      vertex 36.834282494380126 8.832196159946887 14.8
    endloop
  endfacet
  facet normal 0 0 1
    outer loop
      vertex 36.834282494380126 8.832196159946887 14.8
      vertex 37.174 7.55 14.8
      vertex 37.174 8.85 14.8
    endloop
  endfacet
  facet normal -0.9986295347545738 0.05233595624294535 0
    outer loop
      vertex 35.234682304031864 5.803830503371924 24.6
      vertex 35.234682304031864 5.803830503371924 14.8
      vertex 35.224 5.6 14.8
    endloop
  endfacet
  facet normal -0.9876883405951375 0.15643446504023245 0
    outer loop
      vertex 35.266612178569076 6.00542779709463 24.6
      vertex 35.266612178569076 6.00542779709463 14.8
      vertex 35.234682304031864 5.803830503371924 14.8
    endloop
  endfacet
  facet normal -0.9659258262890692 0.25881904510251724 0
    outer loop
      vertex 35.31943979322445 6.202583139031147 24.6
      vertex 35.31943979322445 6.202583139031147 14.8
      vertex 35.266612178569076 6.00542779709463 14.8
    endloop
  endfacet
  facet normal -0.9335804264971999 0.3583679495453053 0
    outer loop
      vertex 35.392586357596926 6.39313645399781 24.6
      vertex 35.392586357596926 6.39313645399781 14.8
      vertex 35.31943979322445 6.202583139031147 14.8
    endloop
  endfacet
  facet normal -0.8910065241883666 0.45399049973954897 0
    outer loop
      vertex 35.48525046262034 6.574999999999999 24.6
      vertex 35.48525046262034 6.574999999999999 14.8
      vertex 35.392586357596926 6.39313645399781 14.8
    endloop
  endfacet
  facet normal -0.8386705679454222 0.5446390350150297 0
    outer loop
      vertex 35.59641686096885 6.746181241970322 24.6
      vertex 35.59641686096885 6.746181241970322 14.8
      vertex 35.48525046262034 6.574999999999999 14.8
    endloop
  endfacet
  facet normal -0.7771459614569739 0.6293203910498338 0
    outer loop
      vertex 35.72486759031908 6.904804682399773 24.6
      vertex 35.72486759031908 6.904804682399773 14.8
      vertex 35.59641686096885 6.746181241970322 14.8
    endloop
  endfacet
  facet normal -0.7071067811865518 0.7071067811865431 0
    outer loop
      vertex 35.86919531760022 7.049132409680919 24.6
      vertex 35.86919531760022 7.049132409680919 14.8
      vertex 35.72486759031908 6.904804682399773 14.8
    endloop
  endfacet
  facet normal -0.6293203910498343 0.7771459614569733 0
    outer loop
      vertex 36.027818758029674 7.177583139031147 24.6
      vertex 36.027818758029674 7.177583139031147 14.8
      vertex 35.86919531760022 7.049132409680919 14.8
    endloop
  endfacet
  facet normal -0.9986295347545738 0.05233595624294535 0
    outer loop
      vertex 35.224 5.6 24.6
      vertex 35.234682304031864 5.803830503371924 24.6
      vertex 35.224 5.6 14.8
    endloop
  endfacet
  facet normal -0.9876883405951375 0.15643446504023245 0
    outer loop
      vertex 35.234682304031864 5.803830503371924 24.6
      vertex 35.266612178569076 6.00542779709463 24.6
      vertex 35.234682304031864 5.803830503371924 14.8
    endloop
  endfacet
  facet normal -0.9659258262890692 0.25881904510251724 0
    outer loop
      vertex 35.266612178569076 6.00542779709463 24.6
      vertex 35.31943979322445 6.202583139031147 24.6
      vertex 35.266612178569076 6.00542779709463 14.8
    endloop
  endfacet
  facet normal -0.9335804264971999 0.3583679495453053 0
    outer loop
      vertex 35.31943979322445 6.202583139031147 24.6
      vertex 35.392586357596926 6.39313645399781 24.6
      vertex 35.31943979322445 6.202583139031147 14.8
    endloop
  endfacet
  facet normal 0 0 1
    outer loop
      vertex 35.266612178569076 5.194572202905369 24.6
      vertex 35.266612178569076 6.00542779709463 24.6
      vertex 35.234682304031864 5.803830503371924 24.6
    endloop
  endfacet
  facet normal 0 0 1
    outer loop
      vertex 35.31943979322445 4.997416860968852 24.6
      vertex 35.31943979322445 6.202583139031147 24.6
      vertex 35.266612178569076 6.00542779709463 24.6
    endloop
  endfacet
  facet normal 0 0 1
    outer loop
      vertex 35.392586357596926 4.806863546002189 24.6
      vertex 35.392586357596926 6.39313645399781 24.6
      vertex 35.31943979322445 6.202583139031147 24.6
    endloop
  endfacet
  facet normal 0 0 1
    outer loop
      vertex 35.48525046262034 4.625 24.6
      vertex 35.48525046262034 6.574999999999999 24.6
      vertex 35.392586357596926 6.39313645399781 24.6
    endloop
  endfacet
  facet normal 0 0 1
    outer loop
      vertex 35.59641686096885 4.453818758029677 24.6
      vertex 35.59641686096885 6.746181241970322 24.6
      vertex 35.48525046262034 6.574999999999999 24.6
    endloop
  endfacet
  facet normal 0 0 1
    outer loop
      vertex 35.72486759031908 4.295195317600227 24.6
      vertex 35.72486759031908 6.904804682399773 24.6
      vertex 35.59641686096885 6.746181241970322 24.6
    endloop
  endfacet
  facet normal 0 0 1
    outer loop
      vertex 35.86919531760022 4.150867590319081 24.6
      vertex 35.86919531760022 7.049132409680919 24.6
      vertex 35.72486759031908 6.904804682399773 24.6
    endloop
  endfacet
  facet normal 0 0 1
    outer loop
      vertex 36.027818758029674 4.022416860968852 24.6
      vertex 36.027818758029674 7.177583139031147 24.6
      vertex 35.86919531760022 7.049132409680919 24.6
    endloop
  endfacet
  facet normal 0 0 1
    outer loop
      vertex 36.199 3.9112504626203446 24.6
      vertex 36.199 7.288749537379655 24.6
      vertex 36.027818758029674 7.177583139031147 24.6
    endloop
  endfacet
  facet normal 0 0 1
    outer loop
      vertex 36.38086354600219 3.818586357596928 24.6
      vertex 36.38086354600219 7.381413642403071 24.6
      vertex 36.199 7.288749537379655 24.6
    endloop
  endfacet
  facet normal 0 0 1
    outer loop
      vertex 36.57141686096885 3.7454397932244503 24.6
      vertex 36.57141686096885 7.4545602067755485 24.6
      vertex 36.38086354600219 7.381413642403071 24.6
    endloop
  endfacet
  facet normal 0 0 1
    outer loop
      vertex 36.76857220290537 3.6926121785690786 24.6
      vertex 36.76857220290537 7.507387821430921 24.6
      vertex 36.57141686096885 7.4545602067755485 24.6
    endloop
  endfacet
  facet normal 0 0 1
    outer loop
      vertex 36.970169496628074 3.660682304031867 24.6
      vertex 36.970169496628074 7.5393176959681325 24.6
      vertex 36.76857220290537 7.507387821430921 24.6
    endloop
  endfacet
  facet normal 0 0 1
    outer loop
      vertex 36.970169496628074 7.5393176959681325 24.6
      vertex 37.174 3.6499999999999995 24.6
      vertex 37.174 7.55 24.6
    endloop
  endfacet
  facet normal -0.8910065241883666 0.45399049973954897 0
    outer loop
      vertex 35.392586357596926 6.39313645399781 24.6
      vertex 35.48525046262034 6.574999999999999 24.6
      vertex 35.392586357596926 6.39313645399781 14.8
    endloop
  endfacet
  facet normal -0.8386705679454222 0.5446390350150297 0
    outer loop
      vertex 35.48525046262034 6.574999999999999 24.6
      vertex 35.59641686096885 6.746181241970322 24.6
      vertex 35.48525046262034 6.574999999999999 14.8
    endloop
  endfacet
  facet normal -0.7771459614569739 0.6293203910498338 0
    outer loop
      vertex 35.59641686096885 6.746181241970322 24.6
      vertex 35.72486759031908 6.904804682399773 24.6
      vertex 35.59641686096885 6.746181241970322 14.8
    endloop
  endfacet
  facet normal -0.7071067811865518 0.7071067811865431 0
    outer loop
      vertex 35.72486759031908 6.904804682399773 24.6
      vertex 35.86919531760022 7.049132409680919 24.6
      vertex 35.72486759031908 6.904804682399773 14.8
    endloop
  endfacet
  facet normal -0.6293203910498343 0.7771459614569733 0
    outer loop
      vertex 35.86919531760022 7.049132409680919 24.6
      vertex 36.027818758029674 7.177583139031147 24.6
      vertex 35.86919531760022 7.049132409680919 14.8
    endloop
  endfacet
  facet normal -0.5446390350150246 0.8386705679454256 0
    outer loop
      vertex 36.027818758029674 7.177583139031147 24.6
      vertex 36.199 7.288749537379655 24.6
      vertex 36.027818758029674 7.177583139031147 14.8
    endloop
  endfacet
  facet normal -0.5446390350150246 0.8386705679454256 0
    outer loop
      vertex 36.199 7.288749537379655 24.6
      vertex 36.199 7.288749537379655 14.8
      vertex 36.027818758029674 7.177583139031147 14.8
    endloop
  endfacet
  facet normal -0.4539904997395454 0.8910065241883685 0
    outer loop
      vertex 36.38086354600219 7.381413642403071 24.6
      vertex 36.38086354600219 7.381413642403071 14.8
      vertex 36.199 7.288749537379655 14.8
    endloop
  endfacet
  facet normal -0.3583679495452962 0.9335804264972032 0
    outer loop
      vertex 36.57141686096885 7.4545602067755485 24.6
      vertex 36.57141686096885 7.4545602067755485 14.8
      vertex 36.38086354600219 7.381413642403071 14.8
    endloop
  endfacet
  facet normal -0.25881904510252757 0.9659258262890665 0
    outer loop
      vertex 36.76857220290537 7.507387821430921 24.6
      vertex 36.76857220290537 7.507387821430921 14.8
      vertex 36.57141686096885 7.4545602067755485 14.8
    endloop
  endfacet
  facet normal -0.15643446504022818 0.9876883405951382 0
    outer loop
      vertex 36.970169496628074 7.5393176959681325 24.6
      vertex 36.970169496628074 7.5393176959681325 14.8
      vertex 36.76857220290537 7.507387821430921 14.8
    endloop
  endfacet
  facet normal -0.05233595624294511 0.9986295347545737 0
    outer loop
      vertex 37.174 7.55 24.6
      vertex 37.174 7.55 14.8
      vertex 36.970169496628074 7.5393176959681325 14.8
    endloop
  endfacet
  facet normal -0.4539904997395454 0.8910065241883685 0
    outer loop
      vertex 36.199 7.288749537379655 24.6
      vertex 36.38086354600219 7.381413642403071 24.6
      vertex 36.199 7.288749537379655 14.8
    endloop
  endfacet
  facet normal -0.3583679495452962 0.9335804264972032 0
    outer loop
      vertex 36.38086354600219 7.381413642403071 24.6
      vertex 36.57141686096885 7.4545602067755485 24.6
      vertex 36.38086354600219 7.381413642403071 14.8
    endloop
  endfacet
  facet normal -0.25881904510252757 0.9659258262890665 0
    outer loop
      vertex 36.57141686096885 7.4545602067755485 24.6
      vertex 36.76857220290537 7.507387821430921 24.6
      vertex 36.57141686096885 7.4545602067755485 14.8
    endloop
  endfacet
  facet normal -0.15643446504022818 0.9876883405951382 0
    outer loop
      vertex 36.76857220290537 7.507387821430921 24.6
      vertex 36.970169496628074 7.5393176959681325 24.6
      vertex 36.76857220290537 7.507387821430921 14.8
    endloop
  endfacet
  facet normal -0.05233595624294511 0.9986295347545737 0
    outer loop
      vertex 36.970169496628074 7.5393176959681325 24.6
      vertex 37.174 7.55 24.6
      vertex 36.970169496628074 7.5393176959681325 14.8
    endloop
  endfacet
  facet normal 0.05233595624294419 -0.9986295347545739 0
    outer loop
      vertex 37.174 2.3499999999999996 9.6
      vertex 37.51371750561987 2.3678038400531114 9.6
      vertex 37.51371750561987 2.3678038400531114 14.8
    endloop
  endfacet
  facet normal 0.15643446504023029 -0.9876883405951378 0
    outer loop
      vertex 37.51371750561987 2.3678038400531114 9.6
      vertex 37.84971299515772 2.421020297615131 9.6
      vertex 37.84971299515772 2.421020297615131 14.8
    endloop
  endfacet
  facet normal 0.2588190451025187 -0.9659258262890689 0
    outer loop
      vertex 37.84971299515772 2.421020297615131 9.6
      vertex 38.17830523171858 2.5090663220407508 9.6
      vertex 38.17830523171858 2.5090663220407508 14.8
    endloop
  endfacet
  facet normal 0.35836794954530554 -0.9335804264971997 0
    outer loop
      vertex 38.17830523171858 2.5090663220407508 9.6
      vertex 38.49589408999635 2.630977262661547 9.6
      vertex 38.49589408999635 2.630977262661547 14.8
    endloop
  endfacet
  facet normal 0.4539904997395445 -0.8910065241883691 0
    outer loop
      vertex 38.49589408999635 2.630977262661547 9.6
      vertex 38.799 2.7854174377005743 9.6
      vertex 38.799 2.7854174377005743 14.8
    endloop
  endfacet
  facet normal 0.5446390350150248 -0.8386705679454255 0
    outer loop
      vertex 38.799 2.7854174377005743 9.6
      vertex 39.08430206995054 2.9706947682814207 9.6
      vertex 39.08430206995054 2.9706947682814207 14.8
    endloop
  endfacet
  facet normal 0.6293203910498387 -0.7771459614569697 0
    outer loop
      vertex 39.08430206995054 2.9706947682814207 9.6
      vertex 39.34867447066629 3.184779317198468 9.6
      vertex 39.34867447066629 3.184779317198468 14.8
    endloop
  endfacet
  facet normal 0.05233595624294419 -0.9986295347545739 0
    outer loop
      vertex 37.174 2.3499999999999996 9.6
      vertex 37.51371750561987 2.3678038400531114 14.8
      vertex 37.174 2.3499999999999996 14.8
    endloop
  endfacet
  facet normal 0.15643446504023029 -0.9876883405951378 0
    outer loop
      vertex 37.51371750561987 2.3678038400531114 9.6
      vertex 37.84971299515772 2.421020297615131 14.8
      vertex 37.51371750561987 2.3678038400531114 14.8
    endloop
  endfacet
  facet normal 0.2588190451025187 -0.9659258262890689 0
    outer loop
      vertex 37.84971299515772 2.421020297615131 9.6
      vertex 38.17830523171858 2.5090663220407508 14.8
      vertex 37.84971299515772 2.421020297615131 14.8
    endloop
  endfacet
  facet normal 0.35836794954530554 -0.9335804264971997 0
    outer loop
      vertex 38.17830523171858 2.5090663220407508 9.6
      vertex 38.49589408999635 2.630977262661547 14.8
      vertex 38.17830523171858 2.5090663220407508 14.8
    endloop
  endfacet
  facet normal 0.4539904997395445 -0.8910065241883691 0
    outer loop
      vertex 38.49589408999635 2.630977262661547 9.6
      vertex 38.799 2.7854174377005743 14.8
      vertex 38.49589408999635 2.630977262661547 14.8
    endloop
  endfacet
  facet normal 0.5446390350150248 -0.8386705679454255 0
    outer loop
      vertex 38.799 2.7854174377005743 9.6
      vertex 39.08430206995054 2.9706947682814207 14.8
      vertex 38.799 2.7854174377005743 14.8
    endloop
  endfacet
  facet normal 0.6293203910498387 -0.7771459614569697 0
    outer loop
      vertex 39.08430206995054 2.9706947682814207 9.6
      vertex 39.34867447066629 3.184779317198468 14.8
      vertex 39.08430206995054 2.9706947682814207 14.8
    endloop
  endfacet
  facet normal 0.7071067811865462 -0.7071067811865489 0
    outer loop
      vertex 39.34867447066629 3.184779317198468 9.6
      vertex 39.58922068280153 3.42532552933371 9.6
      vertex 39.34867447066629 3.184779317198468 14.8
    endloop
  endfacet
  facet normal 0.7771459614569681 -0.629320391049841 0
    outer loop
      vertex 39.58922068280153 3.42532552933371 9.6
      vertex 39.80330523171858 3.689697930049462 9.6
      vertex 39.58922068280153 3.42532552933371 14.8
    endloop
  endfacet
  facet normal 0.8386705679454253 -0.5446390350150252 0
    outer loop
      vertex 39.80330523171858 3.689697930049462 9.6
      vertex 39.98858256229943 3.9749999999999996 9.6
      vertex 39.80330523171858 3.689697930049462 14.8
    endloop
  endfacet
  facet normal 0.7071067811865462 -0.7071067811865489 0
    outer loop
      vertex 39.58922068280153 3.42532552933371 9.6
      vertex 39.58922068280153 3.42532552933371 14.8
      vertex 39.34867447066629 3.184779317198468 14.8
    endloop
  endfacet
  facet normal 0.7771459614569681 -0.629320391049841 0
    outer loop
      vertex 39.80330523171858 3.689697930049462 9.6
      vertex 39.80330523171858 3.689697930049462 14.8
      vertex 39.58922068280153 3.42532552933371 14.8
    endloop
  endfacet
  facet normal 0.8386705679454253 -0.5446390350150252 0
    outer loop
      vertex 39.98858256229943 3.9749999999999996 9.6
      vertex 39.98858256229943 3.9749999999999996 14.8
      vertex 39.80330523171858 3.689697930049462 14.8
    endloop
  endfacet
  facet normal 0 0 1
    outer loop
      vertex 37.174 2.3499999999999996 14.8
      vertex 37.51371750561987 2.3678038400531114 14.8
      vertex 37.174 3.6499999999999995 14.8
    endloop
  endfacet
  facet normal 0 0 1
    outer loop
      vertex 37.51371750561987 2.3678038400531114 14.8
      vertex 37.84971299515772 2.421020297615131 14.8
      vertex 37.57942779709463 3.6926121785690786 14.8
    endloop
  endfacet
  facet normal 0 0 1
    outer loop
      vertex 37.84971299515772 2.421020297615131 14.8
      vertex 38.17830523171858 2.5090663220407508 14.8
      vertex 37.96713645399781 3.818586357596928 14.8
    endloop
  endfacet
  facet normal 0 0 1
    outer loop
      vertex 38.17830523171858 2.5090663220407508 14.8
      vertex 38.49589408999635 2.630977262661547 14.8
      vertex 38.320181241970324 4.022416860968852 14.8
    endloop
  endfacet
  facet normal 0 0 1
    outer loop
      vertex 37.51371750561987 2.3678038400531114 14.8
      vertex 37.377830503371925 3.660682304031867 14.8
      vertex 37.174 3.6499999999999995 14.8
    endloop
  endfacet
  facet normal 0 0 1
    outer loop
      vertex 37.51371750561987 2.3678038400531114 14.8
      vertex 37.57942779709463 3.6926121785690786 14.8
      vertex 37.377830503371925 3.660682304031867 14.8
    endloop
  endfacet
  facet normal 0 0 1
    outer loop
      vertex 37.84971299515772 2.421020297615131 14.8
      vertex 37.776583139031146 3.7454397932244503 14.8
      vertex 37.57942779709463 3.6926121785690786 14.8
    endloop
  endfacet
  facet normal 0 0 1
    outer loop
      vertex 37.84971299515772 2.421020297615131 14.8
      vertex 37.96713645399781 3.818586357596928 14.8
      vertex 37.776583139031146 3.7454397932244503 14.8
    endloop
  endfacet
  facet normal 0 0 1
    outer loop
      vertex 38.49589408999635 2.630977262661547 14.8
      vertex 38.799 2.7854174377005743 14.8
      vertex 38.62313240968092 4.295195317600227 14.8
    endloop
  endfacet
  facet normal 0 0 1
    outer loop
      vertex 38.17830523171858 2.5090663220407508 14.8
      vertex 38.149 3.9112504626203446 14.8
      vertex 37.96713645399781 3.818586357596928 14.8
    endloop
  endfacet
  facet normal 0 0 1
    outer loop
      vertex 38.17830523171858 2.5090663220407508 14.8
      vertex 38.320181241970324 4.022416860968852 14.8
      vertex 38.149 3.9112504626203446 14.8
    endloop
  endfacet
  facet normal 0 0 1
    outer loop
      vertex 38.799 2.7854174377005743 14.8
      vertex 39.08430206995054 2.9706947682814207 14.8
      vertex 38.862749537379656 4.625 14.8
    endloop
  endfacet
  facet normal 0 0 1
    outer loop
      vertex 38.49589408999635 2.630977262661547 14.8
      vertex 38.478804682399776 4.150867590319081 14.8
      vertex 38.320181241970324 4.022416860968852 14.8
    endloop
  endfacet
  facet normal 0 0 1
    outer loop
      vertex 38.49589408999635 2.630977262661547 14.8
      vertex 38.62313240968092 4.295195317600227 14.8
      vertex 38.478804682399776 4.150867590319081 14.8
    endloop
  endfacet
  facet normal 0 0 1
    outer loop
      vertex 38.799 2.7854174377005743 14.8
      vertex 38.75158313903115 4.453818758029677 14.8
      vertex 38.62313240968092 4.295195317600227 14.8
    endloop
  endfacet
  facet normal 0 0 1
    outer loop
      vertex 38.799 2.7854174377005743 14.8
      vertex 38.862749537379656 4.625 14.8
      vertex 38.75158313903115 4.453818758029677 14.8
    endloop
  endfacet
  facet normal 0 0 1
    outer loop
      vertex 39.08430206995054 2.9706947682814207 14.8
      vertex 39.34867447066629 3.184779317198468 14.8
      vertex 39.113317695968135 5.396169496628075 14.8
    endloop
  endfacet
  facet normal 0.8910065241883675 -0.4539904997395476 0
    outer loop
      vertex 39.98858256229943 3.9749999999999996 9.6
      vertex 40.143022737338455 4.278105910003649 9.6
      vertex 39.98858256229943 3.9749999999999996 14.8
    endloop
  endfacet
  facet normal 0 0 -1
    outer loop
      vertex 37.174 2.3499999999999996 9.6
      vertex 37.51371750561987 8.832196159946887 9.6
      vertex 37.51371750561987 2.3678038400531114 9.6
    endloop
  endfacet
  facet normal 0 0 -1
    outer loop
      vertex 37.51371750561987 2.3678038400531114 9.6
      vertex 37.84971299515772 8.778979702384868 9.6
      vertex 37.84971299515772 2.421020297615131 9.6
    endloop
  endfacet
  facet normal 0 0 -1
    outer loop
      vertex 37.84971299515772 2.421020297615131 9.6
      vertex 38.17830523171858 8.690933677959249 9.6
      vertex 38.17830523171858 2.5090663220407508 9.6
    endloop
  endfacet
  facet normal 0 0 -1
    outer loop
      vertex 38.17830523171858 2.5090663220407508 9.6
      vertex 38.49589408999635 8.569022737338452 9.6
      vertex 38.49589408999635 2.630977262661547 9.6
    endloop
  endfacet
  facet normal 0 0 -1
    outer loop
      vertex 38.49589408999635 2.630977262661547 9.6
      vertex 38.799 8.414582562299426 9.6
      vertex 38.799 2.7854174377005743 9.6
    endloop
  endfacet
  facet normal 0 0 -1
    outer loop
      vertex 38.799 2.7854174377005743 9.6
      vertex 39.08430206995054 8.229305231718579 9.6
      vertex 39.08430206995054 2.9706947682814207 9.6
    endloop
  endfacet
  facet normal 0 0 -1
    outer loop
      vertex 39.08430206995054 2.9706947682814207 9.6
      vertex 39.34867447066629 8.01522068280153 9.6
      vertex 39.34867447066629 3.184779317198468 9.6
    endloop
  endfacet
  facet normal 0.9335804264972044 -0.3583679495452935 0
    outer loop
      vertex 40.143022737338455 4.278105910003649 9.6
      vertex 40.26493367795925 4.595694768281421 9.6
      vertex 40.143022737338455 4.278105910003649 14.8
    endloop
  endfacet
  facet normal 0.9659258262890658 -0.25881904510253045 0
    outer loop
      vertex 40.26493367795925 4.595694768281421 9.6
      vertex 40.35297970238487 4.924287004842282 9.6
      vertex 40.26493367795925 4.595694768281421 14.8
    endloop
  endfacet
  facet normal 0.8910065241883675 -0.4539904997395476 0
    outer loop
      vertex 40.143022737338455 4.278105910003649 9.6
      vertex 40.143022737338455 4.278105910003649 14.8
      vertex 39.98858256229943 3.9749999999999996 14.8
    endloop
  endfacet
  facet normal 0.9335804264972044 -0.3583679495452935 0
    outer loop
      vertex 40.26493367795925 4.595694768281421 9.6
      vertex 40.26493367795925 4.595694768281421 14.8
      vertex 40.143022737338455 4.278105910003649 14.8
    endloop
  endfacet
  facet normal 0 0 -1
    outer loop
      vertex 39.34867447066629 3.184779317198468 9.6
      vertex 39.58922068280153 7.774674470666289 9.6
      vertex 39.58922068280153 3.42532552933371 9.6
    endloop
  endfacet
  facet normal 0 0 -1
    outer loop
      vertex 39.58922068280153 3.42532552933371 9.6
      vertex 39.80330523171858 7.510302069950537 9.6
      vertex 39.80330523171858 3.689697930049462 9.6
    endloop
  endfacet
  facet normal 0 0 -1
    outer loop
      vertex 39.80330523171858 3.689697930049462 9.6
      vertex 39.98858256229943 7.225 9.6
      vertex 39.98858256229943 3.9749999999999996 9.6
    endloop
  endfacet
  facet normal 0 0 -1
    outer loop
      vertex 39.98858256229943 3.9749999999999996 9.6
      vertex 40.143022737338455 6.92189408999635 9.6
      vertex 40.143022737338455 4.278105910003649 9.6
    endloop
  endfacet
  facet normal 0 0 -1
    outer loop
      vertex 40.143022737338455 4.278105910003649 9.6
      vertex 40.26493367795925 6.604305231718579 9.6
      vertex 40.26493367795925 4.595694768281421 9.6
    endloop
  endfacet
  facet normal 0.9876883405951397 -0.15643446504021846 0
    outer loop
      vertex 40.35297970238487 4.924287004842282 9.6
      vertex 40.40619615994689 5.260282494380126 9.6
      vertex 40.35297970238487 4.924287004842282 14.8
    endloop
  endfacet
  facet normal 0 0 -1
    outer loop
      vertex 40.26493367795925 4.595694768281421 9.6
      vertex 40.35297970238487 6.2757129951577175 9.6
      vertex 40.35297970238487 4.924287004842282 9.6
    endloop
  endfacet
  facet normal 0 0 -1
    outer loop
      vertex 40.35297970238487 4.924287004842282 9.6
      vertex 40.40619615994689 5.939717505619873 9.6
      vertex 40.40619615994689 5.260282494380126 9.6
    endloop
  endfacet
  facet normal 0 0 -1
    outer loop
      vertex 40.40619615994689 5.260282494380126 9.6
      vertex 40.40619615994689 5.939717505619873 9.6
      vertex 40.424 5.6 9.6
    endloop
  endfacet
  facet normal 0.9986295347545737 -0.05233595624294548 0
    outer loop
      vertex 40.40619615994689 5.260282494380126 9.6
      vertex 40.424 5.6 9.6
      vertex 40.40619615994689 5.260282494380126 14.8
    endloop
  endfacet
  facet normal 0.9659258262890658 -0.25881904510253045 0
    outer loop
      vertex 40.35297970238487 4.924287004842282 9.6
      vertex 40.35297970238487 4.924287004842282 14.8
      vertex 40.26493367795925 4.595694768281421 14.8
    endloop
  endfacet
  facet normal 0.9876883405951397 -0.15643446504021846 0
    outer loop
      vertex 40.40619615994689 5.260282494380126 9.6
      vertex 40.40619615994689 5.260282494380126 14.8
      vertex 40.35297970238487 4.924287004842282 14.8
    endloop
  endfacet
  facet normal 0.9986295347545737 -0.05233595624294548 0
    outer loop
      vertex 40.40619615994689 5.260282494380126 14.8
      vertex 40.424 5.6 9.6
      vertex 40.424 5.6 14.8
    endloop
  endfacet
  facet normal 0 0 1
    outer loop
      vertex 39.08430206995054 2.9706947682814207 14.8
      vertex 38.95541364240307 4.806863546002189 14.8
      vertex 38.862749537379656 4.625 14.8
    endloop
  endfacet
  facet normal 0 0 1
    outer loop
      vertex 39.08430206995054 2.9706947682814207 14.8
      vertex 39.02856020677555 4.997416860968852 14.8
      vertex 38.95541364240307 4.806863546002189 14.8
    endloop
  endfacet
  facet normal 0 0 1
    outer loop
      vertex 39.08430206995054 2.9706947682814207 14.8
      vertex 39.08138782143092 5.194572202905369 14.8
      vertex 39.02856020677555 4.997416860968852 14.8
    endloop
  endfacet
  facet normal 0 0 1
    outer loop
      vertex 39.08430206995054 2.9706947682814207 14.8
      vertex 39.113317695968135 5.396169496628075 14.8
      vertex 39.08138782143092 5.194572202905369 14.8
    endloop
  endfacet
  facet normal 0 0 1
    outer loop
      vertex 39.34867447066629 3.184779317198468 14.8
      vertex 39.124 5.6 14.8
      vertex 39.113317695968135 5.396169496628075 14.8
    endloop
  endfacet
  facet normal 0 0 1
    outer loop
      vertex 39.34867447066629 3.184779317198468 14.8
      vertex 39.113317695968135 5.803830503371924 14.8
      vertex 39.124 5.6 14.8
    endloop
  endfacet
  facet normal 0 0 1
    outer loop
      vertex 39.34867447066629 3.184779317198468 14.8
      vertex 39.58922068280153 3.42532552933371 14.8
      vertex 39.34867447066629 8.01522068280153 14.8
    endloop
  endfacet
  facet normal 0 0 1
    outer loop
      vertex 39.58922068280153 3.42532552933371 14.8
      vertex 39.80330523171858 3.689697930049462 14.8
      vertex 39.58922068280153 7.774674470666289 14.8
    endloop
  endfacet
  facet normal 0 0 1
    outer loop
      vertex 39.80330523171858 3.689697930049462 14.8
      vertex 39.98858256229943 3.9749999999999996 14.8
      vertex 39.80330523171858 7.510302069950537 14.8
    endloop
  endfacet
  facet normal 0 0 1
    outer loop
      vertex 39.98858256229943 3.9749999999999996 14.8
      vertex 40.143022737338455 4.278105910003649 14.8
      vertex 39.98858256229943 7.225 14.8
    endloop
  endfacet
  facet normal 0 0 1
    outer loop
      vertex 40.143022737338455 4.278105910003649 14.8
      vertex 40.26493367795925 4.595694768281421 14.8
      vertex 40.143022737338455 6.92189408999635 14.8
    endloop
  endfacet
  facet normal 0 0 1
    outer loop
      vertex 40.26493367795925 4.595694768281421 14.8
      vertex 40.35297970238487 4.924287004842282 14.8
      vertex 40.26493367795925 6.604305231718579 14.8
    endloop
  endfacet
  facet normal 0 0 1
    outer loop
      vertex 40.35297970238487 4.924287004842282 14.8
      vertex 40.40619615994689 5.260282494380126 14.8
      vertex 40.35297970238487 6.2757129951577175 14.8
    endloop
  endfacet
  facet normal 0 0 1
    outer loop
      vertex 40.40619615994689 5.260282494380126 14.8
      vertex 40.424 5.6 14.8
      vertex 40.40619615994689 5.939717505619873 14.8
    endloop
  endfacet
  facet normal 0.05233595624294511 -0.9986295347545737 0
    outer loop
      vertex 37.174 3.6499999999999995 24.6
      vertex 37.174 3.6499999999999995 14.8
      vertex 37.377830503371925 3.660682304031867 14.8
    endloop
  endfacet
  facet normal 0.15643446504023029 -0.9876883405951378 0
    outer loop
      vertex 37.377830503371925 3.660682304031867 24.6
      vertex 37.377830503371925 3.660682304031867 14.8
      vertex 37.57942779709463 3.6926121785690786 14.8
    endloop
  endfacet
  facet normal 0.2588190451025235 -0.9659258262890675 0
    outer loop
      vertex 37.57942779709463 3.6926121785690786 24.6
      vertex 37.57942779709463 3.6926121785690786 14.8
      vertex 37.776583139031146 3.7454397932244503 14.8
    endloop
  endfacet
  facet normal 0.3583679495452982 -0.9335804264972026 0
    outer loop
      vertex 37.776583139031146 3.7454397932244503 24.6
      vertex 37.776583139031146 3.7454397932244503 14.8
      vertex 37.96713645399781 3.818586357596928 14.8
    endloop
  endfacet
  facet normal 0.4539904997395454 -0.8910065241883685 0
    outer loop
      vertex 37.96713645399781 3.818586357596928 24.6
      vertex 37.96713645399781 3.818586357596928 14.8
      vertex 38.149 3.9112504626203446 14.8
    endloop
  endfacet
  facet normal 0.5446390350150246 -0.8386705679454256 0
    outer loop
      vertex 38.149 3.9112504626203446 24.6
      vertex 38.149 3.9112504626203446 14.8
      vertex 38.320181241970324 4.022416860968852 14.8
    endloop
  endfacet
  facet normal 0.05233595624294511 -0.9986295347545737 0
    outer loop
      vertex 37.174 3.6499999999999995 24.6
      vertex 37.377830503371925 3.660682304031867 14.8
      vertex 37.377830503371925 3.660682304031867 24.6
    endloop
  endfacet
  facet normal 0.15643446504023029 -0.9876883405951378 0
    outer loop
      vertex 37.377830503371925 3.660682304031867 24.6
      vertex 37.57942779709463 3.6926121785690786 14.8
      vertex 37.57942779709463 3.6926121785690786 24.6
    endloop
  endfacet
  facet normal 0.2588190451025235 -0.9659258262890675 0
    outer loop
      vertex 37.57942779709463 3.6926121785690786 24.6
      vertex 37.776583139031146 3.7454397932244503 14.8
      vertex 37.776583139031146 3.7454397932244503 24.6
    endloop
  endfacet
  facet normal 0.3583679495452982 -0.9335804264972026 0
    outer loop
      vertex 37.776583139031146 3.7454397932244503 24.6
      vertex 37.96713645399781 3.818586357596928 14.8
      vertex 37.96713645399781 3.818586357596928 24.6
    endloop
  endfacet
  facet normal 0.4539904997395454 -0.8910065241883685 0
    outer loop
      vertex 37.96713645399781 3.818586357596928 24.6
      vertex 38.149 3.9112504626203446 14.8
      vertex 38.149 3.9112504626203446 24.6
    endloop
  endfacet
  facet normal 0.6293203910498343 -0.7771459614569733 0
    outer loop
      vertex 38.320181241970324 4.022416860968852 24.6
      vertex 38.320181241970324 4.022416860968852 14.8
      vertex 38.478804682399776 4.150867590319081 14.8
    endloop
  endfacet
  facet normal 0.7071067811865518 -0.7071067811865431 0
    outer loop
      vertex 38.478804682399776 4.150867590319081 24.6
      vertex 38.478804682399776 4.150867590319081 14.8
      vertex 38.62313240968092 4.295195317600227 14.8
    endloop
  endfacet
  facet normal 0.7771459614569739 -0.6293203910498338 0
    outer loop
      vertex 38.62313240968092 4.295195317600227 24.6
      vertex 38.62313240968092 4.295195317600227 14.8
      vertex 38.75158313903115 4.453818758029677 14.8
    endloop
  endfacet
  facet normal 0.8386705679454222 -0.5446390350150297 0
    outer loop
      vertex 38.75158313903115 4.453818758029677 24.6
      vertex 38.75158313903115 4.453818758029677 14.8
      vertex 38.862749537379656 4.625 14.8
    endloop
  endfacet
  facet normal 0.8910065241883666 -0.45399049973954897 0
    outer loop
      vertex 38.862749537379656 4.625 24.6
      vertex 38.862749537379656 4.625 14.8
      vertex 38.95541364240307 4.806863546002189 14.8
    endloop
  endfacet
  facet normal 0.9335804264971999 -0.3583679495453053 0
    outer loop
      vertex 38.95541364240307 4.806863546002189 24.6
      vertex 38.95541364240307 4.806863546002189 14.8
      vertex 39.02856020677555 4.997416860968852 14.8
    endloop
  endfacet
  facet normal 0.9659258262890692 -0.25881904510251724 0
    outer loop
      vertex 39.02856020677555 4.997416860968852 24.6
      vertex 39.02856020677555 4.997416860968852 14.8
      vertex 39.08138782143092 5.194572202905369 14.8
    endloop
  endfacet
  facet normal 0.9876883405951375 -0.15643446504023245 0
    outer loop
      vertex 39.08138782143092 5.194572202905369 24.6
      vertex 39.08138782143092 5.194572202905369 14.8
      vertex 39.113317695968135 5.396169496628075 14.8
    endloop
  endfacet
  facet normal 0.9986295347545738 -0.05233595624294535 0
    outer loop
      vertex 39.113317695968135 5.396169496628075 24.6
      vertex 39.113317695968135 5.396169496628075 14.8
      vertex 39.124 5.6 14.8
    endloop
  endfacet
  facet normal 0.5446390350150246 -0.8386705679454256 0
    outer loop
      vertex 38.149 3.9112504626203446 24.6
      vertex 38.320181241970324 4.022416860968852 14.8
      vertex 38.320181241970324 4.022416860968852 24.6
    endloop
  endfacet
  facet normal 0.6293203910498343 -0.7771459614569733 0
    outer loop
      vertex 38.320181241970324 4.022416860968852 24.6
      vertex 38.478804682399776 4.150867590319081 14.8
      vertex 38.478804682399776 4.150867590319081 24.6
    endloop
  endfacet
  facet normal 0.7071067811865518 -0.7071067811865431 0
    outer loop
      vertex 38.478804682399776 4.150867590319081 24.6
      vertex 38.62313240968092 4.295195317600227 14.8
      vertex 38.62313240968092 4.295195317600227 24.6
    endloop
  endfacet
  facet normal 0.7771459614569739 -0.6293203910498338 0
    outer loop
      vertex 38.62313240968092 4.295195317600227 24.6
      vertex 38.75158313903115 4.453818758029677 14.8
      vertex 38.75158313903115 4.453818758029677 24.6
    endloop
  endfacet
  facet normal 0.8386705679454222 -0.5446390350150297 0
    outer loop
      vertex 38.75158313903115 4.453818758029677 24.6
      vertex 38.862749537379656 4.625 14.8
      vertex 38.862749537379656 4.625 24.6
    endloop
  endfacet
  facet normal 0.8910065241883666 -0.45399049973954897 0
    outer loop
      vertex 38.862749537379656 4.625 24.6
      vertex 38.95541364240307 4.806863546002189 14.8
      vertex 38.95541364240307 4.806863546002189 24.6
    endloop
  endfacet
  facet normal 0.9335804264971999 -0.3583679495453053 0
    outer loop
      vertex 38.95541364240307 4.806863546002189 24.6
      vertex 39.02856020677555 4.997416860968852 14.8
      vertex 39.02856020677555 4.997416860968852 24.6
    endloop
  endfacet
  facet normal 0.9659258262890692 -0.25881904510251724 0
    outer loop
      vertex 39.02856020677555 4.997416860968852 24.6
      vertex 39.08138782143092 5.194572202905369 14.8
      vertex 39.08138782143092 5.194572202905369 24.6
    endloop
  endfacet
  facet normal 0.9876883405951375 -0.15643446504023245 0
    outer loop
      vertex 39.08138782143092 5.194572202905369 24.6
      vertex 39.113317695968135 5.396169496628075 14.8
      vertex 39.113317695968135 5.396169496628075 24.6
    endloop
  endfacet
  facet normal 0.9986295347545738 -0.05233595624294535 0
    outer loop
      vertex 39.113317695968135 5.396169496628075 24.6
      vertex 39.124 5.6 14.8
      vertex 39.124 5.6 24.6
    endloop
  endfacet
  facet normal 0 0 1
    outer loop
      vertex 37.174 3.6499999999999995 24.6
      vertex 37.377830503371925 3.660682304031867 24.6
      vertex 37.174 7.55 24.6
    endloop
  endfacet
  facet normal 0 0 1
    outer loop
      vertex 37.377830503371925 3.660682304031867 24.6
      vertex 37.57942779709463 3.6926121785690786 24.6
      vertex 37.377830503371925 7.5393176959681325 24.6
    endloop
  endfacet
  facet normal 0 0 1
    outer loop
      vertex 37.57942779709463 3.6926121785690786 24.6
      vertex 37.776583139031146 3.7454397932244503 24.6
      vertex 37.57942779709463 7.507387821430921 24.6
    endloop
  endfacet
  facet normal 0 0 1
    outer loop
      vertex 37.776583139031146 3.7454397932244503 24.6
      vertex 37.96713645399781 3.818586357596928 24.6
      vertex 37.776583139031146 7.4545602067755485 24.6
    endloop
  endfacet
  facet normal 0 0 1
    outer loop
      vertex 37.96713645399781 3.818586357596928 24.6
      vertex 38.149 3.9112504626203446 24.6
      vertex 37.96713645399781 7.381413642403071 24.6
    endloop
  endfacet
  facet normal 0 0 1
    outer loop
      vertex 38.149 3.9112504626203446 24.6
      vertex 38.320181241970324 4.022416860968852 24.6
      vertex 38.149 7.288749537379655 24.6
    endloop
  endfacet
  facet normal 0 0 1
    outer loop
      vertex 38.320181241970324 4.022416860968852 24.6
      vertex 38.478804682399776 4.150867590319081 24.6
      vertex 38.320181241970324 7.177583139031147 24.6
    endloop
  endfacet
  facet normal 0 0 1
    outer loop
      vertex 38.478804682399776 4.150867590319081 24.6
      vertex 38.62313240968092 4.295195317600227 24.6
      vertex 38.478804682399776 7.049132409680919 24.6
    endloop
  endfacet
  facet normal 0 0 1
    outer loop
      vertex 38.62313240968092 4.295195317600227 24.6
      vertex 38.75158313903115 4.453818758029677 24.6
      vertex 38.62313240968092 6.904804682399773 24.6
    endloop
  endfacet
  facet normal 0 0 1
    outer loop
      vertex 38.75158313903115 4.453818758029677 24.6
      vertex 38.862749537379656 4.625 24.6
      vertex 38.75158313903115 6.746181241970322 24.6
    endloop
  endfacet
  facet normal 0 0 1
    outer loop
      vertex 38.862749537379656 4.625 24.6
      vertex 38.95541364240307 4.806863546002189 24.6
      vertex 38.862749537379656 6.574999999999999 24.6
    endloop
  endfacet
  facet normal 0 0 1
    outer loop
      vertex 38.95541364240307 4.806863546002189 24.6
      vertex 39.02856020677555 4.997416860968852 24.6
      vertex 38.95541364240307 6.39313645399781 24.6
    endloop
  endfacet
  facet normal 0 0 1
    outer loop
      vertex 39.02856020677555 4.997416860968852 24.6
      vertex 39.08138782143092 5.194572202905369 24.6
      vertex 39.02856020677555 6.202583139031147 24.6
    endloop
  endfacet
  facet normal 0 0 1
    outer loop
      vertex 39.08138782143092 5.194572202905369 24.6
      vertex 39.113317695968135 5.396169496628075 24.6
      vertex 39.08138782143092 6.00542779709463 24.6
    endloop
  endfacet
  facet normal 0 0 1
    outer loop
      vertex 39.113317695968135 5.396169496628075 24.6
      vertex 39.124 5.6 24.6
      vertex 39.113317695968135 5.803830503371924 24.6
    endloop
  endfacet
  facet normal 0 0 -1
    outer loop
      vertex 40.35297970238487 4.924287004842282 9.6
      vertex 40.35297970238487 6.2757129951577175 9.6
      vertex 40.40619615994689 5.939717505619873 9.6
    endloop
  endfacet
  facet normal 0 0 -1
    outer loop
      vertex 40.26493367795925 4.595694768281421 9.6
      vertex 40.26493367795925 6.604305231718579 9.6
      vertex 40.35297970238487 6.2757129951577175 9.6
    endloop
  endfacet
  facet normal 0 0 -1
    outer loop
      vertex 40.143022737338455 4.278105910003649 9.6
      vertex 40.143022737338455 6.92189408999635 9.6
      vertex 40.26493367795925 6.604305231718579 9.6
    endloop
  endfacet
  facet normal 0.9986295347545737 0.05233595624294548 0
    outer loop
      vertex 40.424 5.6 9.6
      vertex 40.40619615994689 5.939717505619873 9.6
      vertex 40.424 5.6 14.8
    endloop
  endfacet
  facet normal 0 0 -1
    outer loop
      vertex 39.98858256229943 3.9749999999999996 9.6
      vertex 39.98858256229943 7.225 9.6
      vertex 40.143022737338455 6.92189408999635 9.6
    endloop
  endfacet
  facet normal 0 0 -1
    outer loop
      vertex 39.80330523171858 3.689697930049462 9.6
      vertex 39.80330523171858 7.510302069950537 9.6
      vertex 39.98858256229943 7.225 9.6
    endloop
  endfacet
  facet normal 0 0 -1
    outer loop
      vertex 39.58922068280153 3.42532552933371 9.6
      vertex 39.58922068280153 7.774674470666289 9.6
      vertex 39.80330523171858 7.510302069950537 9.6
    endloop
  endfacet
  facet normal 0 0 -1
    outer loop
      vertex 39.08430206995054 2.9706947682814207 9.6
      vertex 39.08430206995054 8.229305231718579 9.6
      vertex 39.34867447066629 8.01522068280153 9.6
    endloop
  endfacet
  facet normal 0 0 -1
    outer loop
      vertex 39.34867447066629 3.184779317198468 9.6
      vertex 39.34867447066629 8.01522068280153 9.6
      vertex 39.58922068280153 7.774674470666289 9.6
    endloop
  endfacet
  facet normal 0.9876883405951397 0.15643446504021846 0
    outer loop
      vertex 40.40619615994689 5.939717505619873 9.6
      vertex 40.35297970238487 6.2757129951577175 9.6
      vertex 40.40619615994689 5.939717505619873 14.8
    endloop
  endfacet
  facet normal 0.9659258262890658 0.25881904510253045 0
    outer loop
      vertex 40.35297970238487 6.2757129951577175 9.6
      vertex 40.26493367795925 6.604305231718579 9.6
      vertex 40.35297970238487 6.2757129951577175 14.8
    endloop
  endfacet
  facet normal 0.9986295347545737 0.05233595624294548 0
    outer loop
      vertex 40.40619615994689 5.939717505619873 9.6
      vertex 40.40619615994689 5.939717505619873 14.8
      vertex 40.424 5.6 14.8
    endloop
  endfacet
  facet normal 0.9876883405951397 0.15643446504021846 0
    outer loop
      vertex 40.35297970238487 6.2757129951577175 9.6
      vertex 40.35297970238487 6.2757129951577175 14.8
      vertex 40.40619615994689 5.939717505619873 14.8
    endloop
  endfacet
  facet normal 0 0 -1
    outer loop
      vertex 38.17830523171858 2.5090663220407508 9.6
      vertex 38.17830523171858 8.690933677959249 9.6
      vertex 38.49589408999635 8.569022737338452 9.6
    endloop
  endfacet
  facet normal 0 0 -1
    outer loop
      vertex 38.49589408999635 2.630977262661547 9.6
      vertex 38.49589408999635 8.569022737338452 9.6
      vertex 38.799 8.414582562299426 9.6
    endloop
  endfacet
  facet normal 0 0 -1
    outer loop
      vertex 37.174 2.3499999999999996 9.6
      vertex 37.174 8.85 9.6
      vertex 37.51371750561987 8.832196159946887 9.6
    endloop
  endfacet
  facet normal 0 0 -1
    outer loop
      vertex 37.51371750561987 2.3678038400531114 9.6
      vertex 37.51371750561987 8.832196159946887 9.6
      vertex 37.84971299515772 8.778979702384868 9.6
    endloop
  endfacet
  facet normal 0 0 -1
    outer loop
      vertex 37.84971299515772 2.421020297615131 9.6
      vertex 37.84971299515772 8.778979702384868 9.6
      vertex 38.17830523171858 8.690933677959249 9.6
    endloop
  endfacet
  facet normal 0 0 -1
    outer loop
      vertex 38.799 2.7854174377005743 9.6
      vertex 38.799 8.414582562299426 9.6
      vertex 39.08430206995054 8.229305231718579 9.6
    endloop
  endfacet
  facet normal 0.9335804264972044 0.3583679495452935 0
    outer loop
      vertex 40.26493367795925 6.604305231718579 9.6
      vertex 40.143022737338455 6.92189408999635 9.6
      vertex 40.26493367795925 6.604305231718579 14.8
    endloop
  endfacet
  facet normal 0.8910065241883675 0.4539904997395476 0
    outer loop
      vertex 40.143022737338455 6.92189408999635 9.6
      vertex 39.98858256229943 7.225 9.6
      vertex 40.143022737338455 6.92189408999635 14.8
    endloop
  endfacet
  facet normal 0.9659258262890658 0.25881904510253045 0
    outer loop
      vertex 40.26493367795925 6.604305231718579 9.6
      vertex 40.26493367795925 6.604305231718579 14.8
      vertex 40.35297970238487 6.2757129951577175 14.8
    endloop
  endfacet
  facet normal 0.9335804264972044 0.3583679495452935 0
    outer loop
      vertex 40.143022737338455 6.92189408999635 9.6
      vertex 40.143022737338455 6.92189408999635 14.8
      vertex 40.26493367795925 6.604305231718579 14.8
    endloop
  endfacet
  facet normal 0.8910065241883675 0.4539904997395476 0
    outer loop
      vertex 39.98858256229943 7.225 9.6
      vertex 39.98858256229943 7.225 14.8
      vertex 40.143022737338455 6.92189408999635 14.8
    endloop
  endfacet
  facet normal 0 0 1
    outer loop
      vertex 39.34867447066629 3.184779317198468 14.8
      vertex 39.08430206995054 8.229305231718579 14.8
      vertex 39.113317695968135 5.803830503371924 14.8
    endloop
  endfacet
  facet normal 0 0 1
    outer loop
      vertex 40.40619615994689 5.260282494380126 14.8
      vertex 40.40619615994689 5.939717505619873 14.8
      vertex 40.35297970238487 6.2757129951577175 14.8
    endloop
  endfacet
  facet normal 0 0 1
    outer loop
      vertex 40.35297970238487 4.924287004842282 14.8
      vertex 40.35297970238487 6.2757129951577175 14.8
      vertex 40.26493367795925 6.604305231718579 14.8
    endloop
  endfacet
  facet normal 0 0 1
    outer loop
      vertex 40.26493367795925 4.595694768281421 14.8
      vertex 40.26493367795925 6.604305231718579 14.8
      vertex 40.143022737338455 6.92189408999635 14.8
    endloop
  endfacet
  facet normal 0 0 1
    outer loop
      vertex 40.143022737338455 4.278105910003649 14.8
      vertex 40.143022737338455 6.92189408999635 14.8
      vertex 39.98858256229943 7.225 14.8
    endloop
  endfacet
  facet normal 0 0 1
    outer loop
      vertex 39.80330523171858 3.689697930049462 14.8
      vertex 39.80330523171858 7.510302069950537 14.8
      vertex 39.58922068280153 7.774674470666289 14.8
    endloop
  endfacet
  facet normal 0 0 1
    outer loop
      vertex 39.58922068280153 3.42532552933371 14.8
      vertex 39.58922068280153 7.774674470666289 14.8
      vertex 39.34867447066629 8.01522068280153 14.8
    endloop
  endfacet
  facet normal 0 0 1
    outer loop
      vertex 39.98858256229943 3.9749999999999996 14.8
      vertex 39.98858256229943 7.225 14.8
      vertex 39.80330523171858 7.510302069950537 14.8
    endloop
  endfacet
  facet normal 0 0 1
    outer loop
      vertex 39.34867447066629 3.184779317198468 14.8
      vertex 39.34867447066629 8.01522068280153 14.8
      vertex 39.08430206995054 8.229305231718579 14.8
    endloop
  endfacet
  facet normal 0 0 1
    outer loop
      vertex 39.08430206995054 8.229305231718579 14.8
      vertex 39.08138782143092 6.00542779709463 14.8
      vertex 39.113317695968135 5.803830503371924 14.8
    endloop
  endfacet
  facet normal 0 0 1
    outer loop
      vertex 39.08430206995054 8.229305231718579 14.8
      vertex 39.02856020677555 6.202583139031147 14.8
      vertex 39.08138782143092 6.00542779709463 14.8
    endloop
  endfacet
  facet normal 0 0 1
    outer loop
      vertex 39.08430206995054 8.229305231718579 14.8
      vertex 38.95541364240307 6.39313645399781 14.8
      vertex 39.02856020677555 6.202583139031147 14.8
    endloop
  endfacet
  facet normal 0 0 1
    outer loop
      vertex 39.08430206995054 8.229305231718579 14.8
      vertex 38.862749537379656 6.574999999999999 14.8
      vertex 38.95541364240307 6.39313645399781 14.8
    endloop
  endfacet
  facet normal 0.8386705679454253 0.5446390350150252 0
    outer loop
      vertex 39.80330523171858 7.510302069950537 9.6
      vertex 39.98858256229943 7.225 14.8
      vertex 39.98858256229943 7.225 9.6
    endloop
  endfacet
  facet normal 0.7771459614569681 0.629320391049841 0
    outer loop
      vertex 39.58922068280153 7.774674470666289 9.6
      vertex 39.80330523171858 7.510302069950537 14.8
      vertex 39.80330523171858 7.510302069950537 9.6
    endloop
  endfacet
  facet normal 0.7071067811865449 0.7071067811865502 0
    outer loop
      vertex 39.34867447066629 8.01522068280153 9.6
      vertex 39.58922068280153 7.774674470666289 14.8
      vertex 39.58922068280153 7.774674470666289 9.6
    endloop
  endfacet
  facet normal 0.8386705679454253 0.5446390350150252 0
    outer loop
      vertex 39.80330523171858 7.510302069950537 9.6
      vertex 39.80330523171858 7.510302069950537 14.8
      vertex 39.98858256229943 7.225 14.8
    endloop
  endfacet
  facet normal 0.7771459614569681 0.629320391049841 0
    outer loop
      vertex 39.58922068280153 7.774674470666289 9.6
      vertex 39.58922068280153 7.774674470666289 14.8
      vertex 39.80330523171858 7.510302069950537 14.8
    endloop
  endfacet
  facet normal 0.7071067811865449 0.7071067811865502 0
    outer loop
      vertex 39.34867447066629 8.01522068280153 9.6
      vertex 39.34867447066629 8.01522068280153 14.8
      vertex 39.58922068280153 7.774674470666289 14.8
    endloop
  endfacet
  facet normal 0.6293203910498404 0.7771459614569685 0
    outer loop
      vertex 39.34867447066629 8.01522068280153 9.6
      vertex 39.08430206995054 8.229305231718579 9.6
      vertex 39.08430206995054 8.229305231718579 14.8
    endloop
  endfacet
  facet normal 0.5446390350150265 0.8386705679454244 0
    outer loop
      vertex 38.799 8.414582562299426 9.6
      vertex 38.799 8.414582562299426 14.8
      vertex 39.08430206995054 8.229305231718579 9.6
    endloop
  endfacet
  facet normal 0.4539904997395413 0.8910065241883707 0
    outer loop
      vertex 38.49589408999635 8.569022737338452 9.6
      vertex 38.49589408999635 8.569022737338452 14.8
      vertex 38.799 8.414582562299426 9.6
    endloop
  endfacet
  facet normal 0.05233595624294548 0.9986295347545737 0
    outer loop
      vertex 37.174 8.85 9.6
      vertex 37.174 8.85 14.8
      vertex 37.51371750561987 8.832196159946887 9.6
    endloop
  endfacet
  facet normal 0.2588190451025174 0.9659258262890691 0
    outer loop
      vertex 37.84971299515772 8.778979702384868 9.6
      vertex 37.84971299515772 8.778979702384868 14.8
      vertex 38.17830523171858 8.690933677959249 9.6
    endloop
  endfacet
  facet normal 0.156434465040229 0.987688340595138 0
    outer loop
      vertex 37.51371750561987 8.832196159946887 9.6
      vertex 37.51371750561987 8.832196159946887 14.8
      vertex 37.84971299515772 8.778979702384868 9.6
    endloop
  endfacet
  facet normal 0.35836794954530776 0.9335804264971987 0
    outer loop
      vertex 38.17830523171858 8.690933677959249 9.6
      vertex 38.17830523171858 8.690933677959249 14.8
      vertex 38.49589408999635 8.569022737338452 9.6
    endloop
  endfacet
  facet normal 0.6293203910498404 0.7771459614569685 0
    outer loop
      vertex 39.34867447066629 8.01522068280153 9.6
      vertex 39.08430206995054 8.229305231718579 14.8
      vertex 39.34867447066629 8.01522068280153 14.8
    endloop
  endfacet
  facet normal 0.5446390350150265 0.8386705679454244 0
    outer loop
      vertex 39.08430206995054 8.229305231718579 9.6
      vertex 38.799 8.414582562299426 14.8
      vertex 39.08430206995054 8.229305231718579 14.8
    endloop
  endfacet
  facet normal 0.4539904997395413 0.8910065241883707 0
    outer loop
      vertex 38.799 8.414582562299426 9.6
      vertex 38.49589408999635 8.569022737338452 14.8
      vertex 38.799 8.414582562299426 14.8
    endloop
  endfacet
  facet normal 0.35836794954530776 0.9335804264971987 0
    outer loop
      vertex 38.49589408999635 8.569022737338452 9.6
      vertex 38.17830523171858 8.690933677959249 14.8
      vertex 38.49589408999635 8.569022737338452 14.8
    endloop
  endfacet
  facet normal 0.05233595624294548 0.9986295347545737 0
    outer loop
      vertex 37.51371750561987 8.832196159946887 9.6
      vertex 37.174 8.85 14.8
      vertex 37.51371750561987 8.832196159946887 14.8
    endloop
  endfacet
  facet normal 0.156434465040229 0.987688340595138 0
    outer loop
      vertex 37.84971299515772 8.778979702384868 9.6
      vertex 37.51371750561987 8.832196159946887 14.8
      vertex 37.84971299515772 8.778979702384868 14.8
    endloop
  endfacet
  facet normal 0.2588190451025174 0.9659258262890691 0
    outer loop
      vertex 38.17830523171858 8.690933677959249 9.6
      vertex 37.84971299515772 8.778979702384868 14.8
      vertex 38.17830523171858 8.690933677959249 14.8
    endloop
  endfacet
  facet normal 0 0 1
    outer loop
      vertex 38.799 8.414582562299426 14.8
      vertex 38.75158313903115 6.746181241970322 14.8
      vertex 38.862749537379656 6.574999999999999 14.8
    endloop
  endfacet
  facet normal 0 0 1
    outer loop
      vertex 38.799 8.414582562299426 14.8
      vertex 38.62313240968092 6.904804682399773 14.8
      vertex 38.75158313903115 6.746181241970322 14.8
    endloop
  endfacet
  facet normal 0 0 1
    outer loop
      vertex 38.799 8.414582562299426 14.8
      vertex 38.478804682399776 7.049132409680919 14.8
      vertex 38.62313240968092 6.904804682399773 14.8
    endloop
  endfacet
  facet normal 0 0 1
    outer loop
      vertex 38.49589408999635 8.569022737338452 14.8
      vertex 38.320181241970324 7.177583139031147 14.8
      vertex 38.478804682399776 7.049132409680919 14.8
    endloop
  endfacet
  facet normal 0 0 1
    outer loop
      vertex 38.49589408999635 8.569022737338452 14.8
      vertex 38.149 7.288749537379655 14.8
      vertex 38.320181241970324 7.177583139031147 14.8
    endloop
  endfacet
  facet normal 0 0 1
    outer loop
      vertex 38.17830523171858 8.690933677959249 14.8
      vertex 37.96713645399781 7.381413642403071 14.8
      vertex 38.149 7.288749537379655 14.8
    endloop
  endfacet
  facet normal 0 0 1
    outer loop
      vertex 38.17830523171858 8.690933677959249 14.8
      vertex 37.776583139031146 7.4545602067755485 14.8
      vertex 37.96713645399781 7.381413642403071 14.8
    endloop
  endfacet
  facet normal 0 0 1
    outer loop
      vertex 37.84971299515772 8.778979702384868 14.8
      vertex 37.57942779709463 7.507387821430921 14.8
      vertex 37.776583139031146 7.4545602067755485 14.8
    endloop
  endfacet
  facet normal 0 0 1
    outer loop
      vertex 37.51371750561987 8.832196159946887 14.8
      vertex 37.174 7.55 14.8
      vertex 37.377830503371925 7.5393176959681325 14.8
    endloop
  endfacet
  facet normal 0 0 1
    outer loop
      vertex 37.51371750561987 8.832196159946887 14.8
      vertex 37.377830503371925 7.5393176959681325 14.8
      vertex 37.57942779709463 7.507387821430921 14.8
    endloop
  endfacet
  facet normal 0 0 1
    outer loop
      vertex 38.49589408999635 8.569022737338452 14.8
      vertex 38.478804682399776 7.049132409680919 14.8
      vertex 38.799 8.414582562299426 14.8
    endloop
  endfacet
  facet normal 0 0 1
    outer loop
      vertex 38.799 8.414582562299426 14.8
      vertex 38.862749537379656 6.574999999999999 14.8
      vertex 39.08430206995054 8.229305231718579 14.8
    endloop
  endfacet
  facet normal 0 0 1
    outer loop
      vertex 38.17830523171858 8.690933677959249 14.8
      vertex 38.149 7.288749537379655 14.8
      vertex 38.49589408999635 8.569022737338452 14.8
    endloop
  endfacet
  facet normal 0 0 1
    outer loop
      vertex 37.84971299515772 8.778979702384868 14.8
      vertex 37.776583139031146 7.4545602067755485 14.8
      vertex 38.17830523171858 8.690933677959249 14.8
    endloop
  endfacet
  facet normal 0 0 1
    outer loop
      vertex 37.174 8.85 14.8
      vertex 37.174 7.55 14.8
      vertex 37.51371750561987 8.832196159946887 14.8
    endloop
  endfacet
  facet normal 0 0 1
    outer loop
      vertex 37.51371750561987 8.832196159946887 14.8
      vertex 37.57942779709463 7.507387821430921 14.8
      vertex 37.84971299515772 8.778979702384868 14.8
    endloop
  endfacet
  facet normal 0.9986295347545738 0.05233595624294535 0
    outer loop
      vertex 39.124 5.6 24.6
      vertex 39.124 5.6 14.8
      vertex 39.113317695968135 5.803830503371924 14.8
    endloop
  endfacet
  facet normal 0.9876883405951375 0.15643446504023245 0
    outer loop
      vertex 39.113317695968135 5.803830503371924 24.6
      vertex 39.113317695968135 5.803830503371924 14.8
      vertex 39.08138782143092 6.00542779709463 14.8
    endloop
  endfacet
  facet normal 0.9659258262890692 0.25881904510251724 0
    outer loop
      vertex 39.08138782143092 6.00542779709463 24.6
      vertex 39.08138782143092 6.00542779709463 14.8
      vertex 39.02856020677555 6.202583139031147 14.8
    endloop
  endfacet
  facet normal 0.9335804264971999 0.3583679495453053 0
    outer loop
      vertex 39.02856020677555 6.202583139031147 24.6
      vertex 39.02856020677555 6.202583139031147 14.8
      vertex 38.95541364240307 6.39313645399781 14.8
    endloop
  endfacet
  facet normal 0.8386705679454222 0.5446390350150297 0
    outer loop
      vertex 38.862749537379656 6.574999999999999 24.6
      vertex 38.862749537379656 6.574999999999999 14.8
      vertex 38.75158313903115 6.746181241970322 14.8
    endloop
  endfacet
  facet normal 0.7771459614569739 0.6293203910498338 0
    outer loop
      vertex 38.75158313903115 6.746181241970322 24.6
      vertex 38.75158313903115 6.746181241970322 14.8
      vertex 38.62313240968092 6.904804682399773 14.8
    endloop
  endfacet
  facet normal 0.8910065241883666 0.45399049973954897 0
    outer loop
      vertex 38.95541364240307 6.39313645399781 24.6
      vertex 38.95541364240307 6.39313645399781 14.8
      vertex 38.862749537379656 6.574999999999999 14.8
    endloop
  endfacet
  facet normal 0.7071067811865518 0.7071067811865431 0
    outer loop
      vertex 38.62313240968092 6.904804682399773 24.6
      vertex 38.62313240968092 6.904804682399773 14.8
      vertex 38.478804682399776 7.049132409680919 14.8
    endloop
  endfacet
  facet normal 0.6293203910498343 0.7771459614569733 0
    outer loop
      vertex 38.478804682399776 7.049132409680919 24.6
      vertex 38.478804682399776 7.049132409680919 14.8
      vertex 38.320181241970324 7.177583139031147 14.8
    endloop
  endfacet
  facet normal 0.5446390350150246 0.8386705679454256 0
    outer loop
      vertex 38.320181241970324 7.177583139031147 24.6
      vertex 38.320181241970324 7.177583139031147 14.8
      vertex 38.149 7.288749537379655 14.8
    endloop
  endfacet
  facet normal 0.9986295347545738 0.05233595624294535 0
    outer loop
      vertex 39.124 5.6 24.6
      vertex 39.113317695968135 5.803830503371924 14.8
      vertex 39.113317695968135 5.803830503371924 24.6
    endloop
  endfacet
  facet normal 0.9876883405951375 0.15643446504023245 0
    outer loop
      vertex 39.113317695968135 5.803830503371924 24.6
      vertex 39.08138782143092 6.00542779709463 14.8
      vertex 39.08138782143092 6.00542779709463 24.6
    endloop
  endfacet
  facet normal 0.9659258262890692 0.25881904510251724 0
    outer loop
      vertex 39.08138782143092 6.00542779709463 24.6
      vertex 39.02856020677555 6.202583139031147 14.8
      vertex 39.02856020677555 6.202583139031147 24.6
    endloop
  endfacet
  facet normal 0.9335804264971999 0.3583679495453053 0
    outer loop
      vertex 39.02856020677555 6.202583139031147 24.6
      vertex 38.95541364240307 6.39313645399781 14.8
      vertex 38.95541364240307 6.39313645399781 24.6
    endloop
  endfacet
  facet normal 0 0 1
    outer loop
      vertex 38.862749537379656 4.625 24.6
      vertex 38.862749537379656 6.574999999999999 24.6
      vertex 38.75158313903115 6.746181241970322 24.6
    endloop
  endfacet
  facet normal 0 0 1
    outer loop
      vertex 39.113317695968135 5.396169496628075 24.6
      vertex 39.113317695968135 5.803830503371924 24.6
      vertex 39.08138782143092 6.00542779709463 24.6
    endloop
  endfacet
  facet normal 0 0 1
    outer loop
      vertex 39.08138782143092 5.194572202905369 24.6
      vertex 39.08138782143092 6.00542779709463 24.6
      vertex 39.02856020677555 6.202583139031147 24.6
    endloop
  endfacet
  facet normal 0 0 1
    outer loop
      vertex 39.02856020677555 4.997416860968852 24.6
      vertex 39.02856020677555 6.202583139031147 24.6
      vertex 38.95541364240307 6.39313645399781 24.6
    endloop
  endfacet
  facet normal 0 0 1
    outer loop
      vertex 38.95541364240307 4.806863546002189 24.6
      vertex 38.95541364240307 6.39313645399781 24.6
      vertex 38.862749537379656 6.574999999999999 24.6
    endloop
  endfacet
  facet normal 0 0 1
    outer loop
      vertex 38.75158313903115 4.453818758029677 24.6
      vertex 38.75158313903115 6.746181241970322 24.6
      vertex 38.62313240968092 6.904804682399773 24.6
    endloop
  endfacet
  facet normal 0 0 1
    outer loop
      vertex 38.62313240968092 4.295195317600227 24.6
      vertex 38.62313240968092 6.904804682399773 24.6
      vertex 38.478804682399776 7.049132409680919 24.6
    endloop
  endfacet
  facet normal 0 0 1
    outer loop
      vertex 38.478804682399776 4.150867590319081 24.6
      vertex 38.478804682399776 7.049132409680919 24.6
      vertex 38.320181241970324 7.177583139031147 24.6
    endloop
  endfacet
  facet normal 0 0 1
    outer loop
      vertex 38.149 3.9112504626203446 24.6
      vertex 38.149 7.288749537379655 24.6
      vertex 37.96713645399781 7.381413642403071 24.6
    endloop
  endfacet
  facet normal 0 0 1
    outer loop
      vertex 38.320181241970324 4.022416860968852 24.6
      vertex 38.320181241970324 7.177583139031147 24.6
      vertex 38.149 7.288749537379655 24.6
    endloop
  endfacet
  facet normal 0 0 1
    outer loop
      vertex 37.377830503371925 3.660682304031867 24.6
      vertex 37.377830503371925 7.5393176959681325 24.6
      vertex 37.174 7.55 24.6
    endloop
  endfacet
  facet normal 0 0 1
    outer loop
      vertex 37.57942779709463 3.6926121785690786 24.6
      vertex 37.57942779709463 7.507387821430921 24.6
      vertex 37.377830503371925 7.5393176959681325 24.6
    endloop
  endfacet
  facet normal 0 0 1
    outer loop
      vertex 37.776583139031146 3.7454397932244503 24.6
      vertex 37.776583139031146 7.4545602067755485 24.6
      vertex 37.57942779709463 7.507387821430921 24.6
    endloop
  endfacet
  facet normal 0 0 1
    outer loop
      vertex 37.96713645399781 3.818586357596928 24.6
      vertex 37.96713645399781 7.381413642403071 24.6
      vertex 37.776583139031146 7.4545602067755485 24.6
    endloop
  endfacet
  facet normal 0.8386705679454222 0.5446390350150297 0
    outer loop
      vertex 38.75158313903115 6.746181241970322 24.6
      vertex 38.862749537379656 6.574999999999999 24.6
      vertex 38.75158313903115 6.746181241970322 14.8
    endloop
  endfacet
  facet normal 0.8910065241883666 0.45399049973954897 0
    outer loop
      vertex 38.95541364240307 6.39313645399781 24.6
      vertex 38.862749537379656 6.574999999999999 14.8
      vertex 38.862749537379656 6.574999999999999 24.6
    endloop
  endfacet
  facet normal 0.7771459614569739 0.6293203910498338 0
    outer loop
      vertex 38.62313240968092 6.904804682399773 24.6
      vertex 38.75158313903115 6.746181241970322 24.6
      vertex 38.62313240968092 6.904804682399773 14.8
    endloop
  endfacet
  facet normal 0.7071067811865518 0.7071067811865431 0
    outer loop
      vertex 38.478804682399776 7.049132409680919 24.6
      vertex 38.62313240968092 6.904804682399773 24.6
      vertex 38.478804682399776 7.049132409680919 14.8
    endloop
  endfacet
  facet normal 0.6293203910498343 0.7771459614569733 0
    outer loop
      vertex 38.478804682399776 7.049132409680919 24.6
      vertex 38.320181241970324 7.177583139031147 14.8
      vertex 38.320181241970324 7.177583139031147 24.6
    endloop
  endfacet
  facet normal 0.3583679495452962 0.9335804264972032 0
    outer loop
      vertex 37.96713645399781 7.381413642403071 24.6
      vertex 37.96713645399781 7.381413642403071 14.8
      vertex 37.776583139031146 7.4545602067755485 14.8
    endloop
  endfacet
  facet normal 0.4539904997395454 0.8910065241883685 0
    outer loop
      vertex 38.149 7.288749537379655 24.6
      vertex 38.149 7.288749537379655 14.8
      vertex 37.96713645399781 7.381413642403071 14.8
    endloop
  endfacet
  facet normal 0.15643446504022818 0.9876883405951382 0
    outer loop
      vertex 37.57942779709463 7.507387821430921 24.6
      vertex 37.57942779709463 7.507387821430921 14.8
      vertex 37.377830503371925 7.5393176959681325 14.8
    endloop
  endfacet
  facet normal 0.25881904510252757 0.9659258262890665 0
    outer loop
      vertex 37.776583139031146 7.4545602067755485 24.6
      vertex 37.776583139031146 7.4545602067755485 14.8
      vertex 37.57942779709463 7.507387821430921 14.8
    endloop
  endfacet
  facet normal 0.05233595624294511 0.9986295347545737 0
    outer loop
      vertex 37.377830503371925 7.5393176959681325 24.6
      vertex 37.377830503371925 7.5393176959681325 14.8
      vertex 37.174 7.55 14.8
    endloop
  endfacet
  facet normal 0.4539904997395454 0.8910065241883685 0
    outer loop
      vertex 37.96713645399781 7.381413642403071 24.6
      vertex 38.149 7.288749537379655 24.6
      vertex 37.96713645399781 7.381413642403071 14.8
    endloop
  endfacet
  facet normal 0.5446390350150246 0.8386705679454256 0
    outer loop
      vertex 38.149 7.288749537379655 24.6
      vertex 38.320181241970324 7.177583139031147 24.6
      vertex 38.149 7.288749537379655 14.8
    endloop
  endfacet
  facet normal 0.15643446504022818 0.9876883405951382 0
    outer loop
      vertex 37.377830503371925 7.5393176959681325 24.6
      vertex 37.57942779709463 7.507387821430921 24.6
      vertex 37.377830503371925 7.5393176959681325 14.8
    endloop
  endfacet
  facet normal 0.3583679495452962 0.9335804264972032 0
    outer loop
      vertex 37.776583139031146 7.4545602067755485 24.6
      vertex 37.96713645399781 7.381413642403071 24.6
      vertex 37.776583139031146 7.4545602067755485 14.8
    endloop
  endfacet
  facet normal 0.25881904510252757 0.9659258262890665 0
    outer loop
      vertex 37.57942779709463 7.507387821430921 24.6
      vertex 37.776583139031146 7.4545602067755485 24.6
      vertex 37.57942779709463 7.507387821430921 14.8
    endloop
  endfacet
  facet normal 0.05233595624294511 0.9986295347545737 0
    outer loop
      vertex 37.174 7.55 24.6
      vertex 37.377830503371925 7.5393176959681325 24.6
      vertex 37.174 7.55 14.8
    endloop
  endfacet
  facet normal -0.4539904997395445 -0.8910065241883691 0
    outer loop
      vertex 43.91010591000365 2.630977262661547 9.6
      vertex 43.91010591000365 2.630977262661547 14.8
      vertex 43.607 2.7854174377005743 9.6
    endloop
  endfacet
  facet normal -0.5446390350150248 -0.8386705679454255 0
    outer loop
      vertex 43.32169793004946 2.9706947682814207 9.6
      vertex 43.607 2.7854174377005743 9.6
      vertex 43.607 2.7854174377005743 14.8
    endloop
  endfacet
  facet normal -0.6293203910498387 -0.7771459614569697 0
    outer loop
      vertex 43.32169793004946 2.9706947682814207 9.6
      vertex 43.32169793004946 2.9706947682814207 14.8
      vertex 43.05732552933371 3.184779317198468 9.6
    endloop
  endfacet
  facet normal -0.35836794954529855 -0.9335804264972024 0
    outer loop
      vertex 43.91010591000365 2.630977262661547 9.6
      vertex 44.227694768281424 2.5090663220407508 14.8
      vertex 43.91010591000365 2.630977262661547 14.8
    endloop
  endfacet
  facet normal -0.4539904997395445 -0.8910065241883691 0
    outer loop
      vertex 43.607 2.7854174377005743 9.6
      vertex 43.91010591000365 2.630977262661547 14.8
      vertex 43.607 2.7854174377005743 14.8
    endloop
  endfacet
  facet normal -0.5446390350150248 -0.8386705679454255 0
    outer loop
      vertex 43.32169793004946 2.9706947682814207 9.6
      vertex 43.607 2.7854174377005743 14.8
      vertex 43.32169793004946 2.9706947682814207 14.8
    endloop
  endfacet
  facet normal -0.6293203910498387 -0.7771459614569697 0
    outer loop
      vertex 43.05732552933371 3.184779317198468 9.6
      vertex 43.32169793004946 2.9706947682814207 14.8
      vertex 43.05732552933371 3.184779317198468 14.8
    endloop
  endfacet
  facet normal -0.7071067811865462 -0.7071067811865489 0
    outer loop
      vertex 42.81677931719847 3.42532552933371 9.6
      vertex 43.05732552933371 3.184779317198468 9.6
      vertex 42.81677931719847 3.42532552933371 14.8
    endloop
  endfacet
  facet normal -0.7771459614569783 -0.6293203910498284 0
    outer loop
      vertex 42.602694768281424 3.689697930049462 9.6
      vertex 42.81677931719847 3.42532552933371 9.6
      vertex 42.602694768281424 3.689697930049462 14.8
    endloop
  endfacet
  facet normal -0.8386705679454156 -0.54463903501504 0
    outer loop
      vertex 42.602694768281424 3.689697930049462 9.6
      vertex 42.41741743770057 3.9749999999999996 14.8
      vertex 42.41741743770057 3.9749999999999996 9.6
    endloop
  endfacet
  facet normal -0.7071067811865462 -0.7071067811865489 0
    outer loop
      vertex 43.05732552933371 3.184779317198468 9.6
      vertex 43.05732552933371 3.184779317198468 14.8
      vertex 42.81677931719847 3.42532552933371 14.8
    endloop
  endfacet
  facet normal -0.7771459614569783 -0.6293203910498284 0
    outer loop
      vertex 42.81677931719847 3.42532552933371 9.6
      vertex 42.81677931719847 3.42532552933371 14.8
      vertex 42.602694768281424 3.689697930049462 14.8
    endloop
  endfacet
  facet normal -0.8386705679454156 -0.54463903501504 0
    outer loop
      vertex 42.602694768281424 3.689697930049462 9.6
      vertex 42.602694768281424 3.689697930049462 14.8
      vertex 42.41741743770057 3.9749999999999996 14.8
    endloop
  endfacet
  facet normal -0.25881904510252385 -0.9659258262890674 0
    outer loop
      vertex 44.227694768281424 2.5090663220407508 9.6
      vertex 44.55628700484228 2.421020297615131 9.6
      vertex 44.55628700484228 2.421020297615131 14.8
    endloop
  endfacet
  facet normal -0.15643446504023029 -0.9876883405951378 0
    outer loop
      vertex 44.55628700484228 2.421020297615131 9.6
      vertex 44.892282494380126 2.3678038400531114 9.6
      vertex 44.892282494380126 2.3678038400531114 14.8
    endloop
  endfacet
  facet normal -0.35836794954529855 -0.9335804264972024 0
    outer loop
      vertex 43.91010591000365 2.630977262661547 9.6
      vertex 44.227694768281424 2.5090663220407508 9.6
      vertex 44.227694768281424 2.5090663220407508 14.8
    endloop
  endfacet
  facet normal -0.05233595624294419 -0.9986295347545739 0
    outer loop
      vertex 44.892282494380126 2.3678038400531114 9.6
      vertex 45.232 2.3499999999999996 9.6
      vertex 45.232 2.3499999999999996 14.8
    endloop
  endfacet
  facet normal 0.05233595624294419 -0.9986295347545739 0
    outer loop
      vertex 45.232 2.3499999999999996 9.6
      vertex 45.57171750561987 2.3678038400531114 9.6
      vertex 45.57171750561987 2.3678038400531114 14.8
    endloop
  endfacet
  facet normal 0.15643446504023029 -0.9876883405951378 0
    outer loop
      vertex 45.57171750561987 2.3678038400531114 9.6
      vertex 45.907712995157716 2.421020297615131 9.6
      vertex 45.907712995157716 2.421020297615131 14.8
    endloop
  endfacet
  facet normal 0.25881904510252385 -0.9659258262890674 0
    outer loop
      vertex 45.907712995157716 2.421020297615131 9.6
      vertex 46.236305231718575 2.5090663220407508 9.6
      vertex 46.236305231718575 2.5090663220407508 14.8
    endloop
  endfacet
  facet normal 0.35836794954529855 -0.9335804264972024 0
    outer loop
      vertex 46.236305231718575 2.5090663220407508 9.6
      vertex 46.55389408999635 2.630977262661547 9.6
      vertex 46.55389408999635 2.630977262661547 14.8
    endloop
  endfacet
  facet normal 0.4539904997395445 -0.8910065241883691 0
    outer loop
      vertex 46.55389408999635 2.630977262661547 9.6
      vertex 46.857 2.7854174377005743 9.6
      vertex 46.857 2.7854174377005743 14.8
    endloop
  endfacet
  facet normal 0.5446390350150248 -0.8386705679454255 0
    outer loop
      vertex 46.857 2.7854174377005743 9.6
      vertex 47.14230206995054 2.9706947682814207 9.6
      vertex 47.14230206995054 2.9706947682814207 14.8
    endloop
  endfacet
  facet normal 0.6293203910498387 -0.7771459614569697 0
    outer loop
      vertex 47.14230206995054 2.9706947682814207 9.6
      vertex 47.40667447066629 3.184779317198468 9.6
      vertex 47.40667447066629 3.184779317198468 14.8
    endloop
  endfacet
  facet normal -0.15643446504023029 -0.9876883405951378 0
    outer loop
      vertex 44.55628700484228 2.421020297615131 9.6
      vertex 44.892282494380126 2.3678038400531114 14.8
      vertex 44.55628700484228 2.421020297615131 14.8
    endloop
  endfacet
  facet normal -0.25881904510252385 -0.9659258262890674 0
    outer loop
      vertex 44.227694768281424 2.5090663220407508 9.6
      vertex 44.55628700484228 2.421020297615131 14.8
      vertex 44.227694768281424 2.5090663220407508 14.8
    endloop
  endfacet
  facet normal -0.05233595624294419 -0.9986295347545739 0
    outer loop
      vertex 44.892282494380126 2.3678038400531114 9.6
      vertex 45.232 2.3499999999999996 14.8
      vertex 44.892282494380126 2.3678038400531114 14.8
    endloop
  endfacet
  facet normal 0.05233595624294419 -0.9986295347545739 0
    outer loop
      vertex 45.232 2.3499999999999996 9.6
      vertex 45.57171750561987 2.3678038400531114 14.8
      vertex 45.232 2.3499999999999996 14.8
    endloop
  endfacet
  facet normal 0.15643446504023029 -0.9876883405951378 0
    outer loop
      vertex 45.57171750561987 2.3678038400531114 9.6
      vertex 45.907712995157716 2.421020297615131 14.8
      vertex 45.57171750561987 2.3678038400531114 14.8
    endloop
  endfacet
  facet normal 0.25881904510252385 -0.9659258262890674 0
    outer loop
      vertex 45.907712995157716 2.421020297615131 9.6
      vertex 46.236305231718575 2.5090663220407508 14.8
      vertex 45.907712995157716 2.421020297615131 14.8
    endloop
  endfacet
  facet normal 0.35836794954529855 -0.9335804264972024 0
    outer loop
      vertex 46.236305231718575 2.5090663220407508 9.6
      vertex 46.55389408999635 2.630977262661547 14.8
      vertex 46.236305231718575 2.5090663220407508 14.8
    endloop
  endfacet
  facet normal 0.4539904997395445 -0.8910065241883691 0
    outer loop
      vertex 46.55389408999635 2.630977262661547 9.6
      vertex 46.857 2.7854174377005743 14.8
      vertex 46.55389408999635 2.630977262661547 14.8
    endloop
  endfacet
  facet normal 0.5446390350150248 -0.8386705679454255 0
    outer loop
      vertex 46.857 2.7854174377005743 9.6
      vertex 47.14230206995054 2.9706947682814207 14.8
      vertex 46.857 2.7854174377005743 14.8
    endloop
  endfacet
  facet normal 0.6293203910498387 -0.7771459614569697 0
    outer loop
      vertex 47.14230206995054 2.9706947682814207 9.6
      vertex 47.40667447066629 3.184779317198468 14.8
      vertex 47.14230206995054 2.9706947682814207 14.8
    endloop
  endfacet
  facet normal 0.7071067811865462 -0.7071067811865489 0
    outer loop
      vertex 47.40667447066629 3.184779317198468 9.6
      vertex 47.64722068280153 3.42532552933371 9.6
      vertex 47.40667447066629 3.184779317198468 14.8
    endloop
  endfacet
  facet normal 0.7771459614569783 -0.6293203910498284 0
    outer loop
      vertex 47.64722068280153 3.42532552933371 9.6
      vertex 47.861305231718575 3.689697930049462 9.6
      vertex 47.64722068280153 3.42532552933371 14.8
    endloop
  endfacet
  facet normal 0.8386705679454156 -0.54463903501504 0
    outer loop
      vertex 47.861305231718575 3.689697930049462 9.6
      vertex 48.04658256229943 3.9749999999999996 9.6
      vertex 47.861305231718575 3.689697930049462 14.8
    endloop
  endfacet
  facet normal 0.7071067811865462 -0.7071067811865489 0
    outer loop
      vertex 47.64722068280153 3.42532552933371 9.6
      vertex 47.64722068280153 3.42532552933371 14.8
      vertex 47.40667447066629 3.184779317198468 14.8
    endloop
  endfacet
  facet normal 0.7771459614569783 -0.6293203910498284 0
    outer loop
      vertex 47.861305231718575 3.689697930049462 9.6
      vertex 47.861305231718575 3.689697930049462 14.8
      vertex 47.64722068280153 3.42532552933371 14.8
    endloop
  endfacet
  facet normal 0.8386705679454156 -0.54463903501504 0
    outer loop
      vertex 48.04658256229943 3.9749999999999996 9.6
      vertex 48.04658256229943 3.9749999999999996 14.8
      vertex 47.861305231718575 3.689697930049462 14.8
    endloop
  endfacet
  facet normal 0 0 1
    outer loop
      vertex 43.91010591000365 2.630977262661547 14.8
      vertex 43.92719531760022 4.150867590319081 14.8
      vertex 43.607 2.7854174377005743 14.8
    endloop
  endfacet
  facet normal 0 0 1
    outer loop
      vertex 43.32169793004946 2.9706947682814207 14.8
      vertex 43.607 2.7854174377005743 14.8
      vertex 43.54325046262034 4.625 14.8
    endloop
  endfacet
  facet normal 0 0 1
    outer loop
      vertex 43.91010591000365 2.630977262661547 14.8
      vertex 44.085818758029674 4.022416860968852 14.8
      vertex 43.92719531760022 4.150867590319081 14.8
    endloop
  endfacet
  facet normal 0 0 1
    outer loop
      vertex 43.607 2.7854174377005743 14.8
      vertex 43.92719531760022 4.150867590319081 14.8
      vertex 43.78286759031908 4.295195317600227 14.8
    endloop
  endfacet
  facet normal 0 0 1
    outer loop
      vertex 43.607 2.7854174377005743 14.8
      vertex 43.78286759031908 4.295195317600227 14.8
      vertex 43.65441686096885 4.453818758029677 14.8
    endloop
  endfacet
  facet normal 0 0 1
    outer loop
      vertex 43.607 2.7854174377005743 14.8
      vertex 43.65441686096885 4.453818758029677 14.8
      vertex 43.54325046262034 4.625 14.8
    endloop
  endfacet
  facet normal 0 0 1
    outer loop
      vertex 44.55628700484228 2.421020297615131 14.8
      vertex 44.892282494380126 2.3678038400531114 14.8
      vertex 44.82657220290537 3.6926121785690786 14.8
    endloop
  endfacet
  facet normal 0 0 1
    outer loop
      vertex 44.227694768281424 2.5090663220407508 14.8
      vertex 44.55628700484228 2.421020297615131 14.8
      vertex 44.62941686096885 3.7454397932244503 14.8
    endloop
  endfacet
  facet normal 0 0 1
    outer loop
      vertex 44.892282494380126 2.3678038400531114 14.8
      vertex 45.232 2.3499999999999996 14.8
      vertex 45.232 3.6499999999999995 14.8
    endloop
  endfacet
  facet normal 0 0 1
    outer loop
      vertex 45.232 2.3499999999999996 14.8
      vertex 45.57171750561987 2.3678038400531114 14.8
      vertex 45.232 3.6499999999999995 14.8
    endloop
  endfacet
  facet normal 0 0 1
    outer loop
      vertex 45.57171750561987 2.3678038400531114 14.8
      vertex 45.907712995157716 2.421020297615131 14.8
      vertex 45.63742779709463 3.6926121785690786 14.8
    endloop
  endfacet
  facet normal 0 0 1
    outer loop
      vertex 43.91010591000365 2.630977262661547 14.8
      vertex 44.227694768281424 2.5090663220407508 14.8
      vertex 44.257 3.9112504626203446 14.8
    endloop
  endfacet
  facet normal 0 0 1
    outer loop
      vertex 45.907712995157716 2.421020297615131 14.8
      vertex 46.236305231718575 2.5090663220407508 14.8
      vertex 46.02513645399781 3.818586357596928 14.8
    endloop
  endfacet
  facet normal 0 0 1
    outer loop
      vertex 46.236305231718575 2.5090663220407508 14.8
      vertex 46.55389408999635 2.630977262661547 14.8
      vertex 46.378181241970324 4.022416860968852 14.8
    endloop
  endfacet
  facet normal 0 0 1
    outer loop
      vertex 44.227694768281424 2.5090663220407508 14.8
      vertex 44.62941686096885 3.7454397932244503 14.8
      vertex 44.43886354600219 3.818586357596928 14.8
    endloop
  endfacet
  facet normal 0 0 1
    outer loop
      vertex 44.55628700484228 2.421020297615131 14.8
      vertex 44.82657220290537 3.6926121785690786 14.8
      vertex 44.62941686096885 3.7454397932244503 14.8
    endloop
  endfacet
  facet normal 0 0 1
    outer loop
      vertex 44.892282494380126 2.3678038400531114 14.8
      vertex 45.232 3.6499999999999995 14.8
      vertex 45.028169496628074 3.660682304031867 14.8
    endloop
  endfacet
  facet normal 0 0 1
    outer loop
      vertex 44.892282494380126 2.3678038400531114 14.8
      vertex 45.028169496628074 3.660682304031867 14.8
      vertex 44.82657220290537 3.6926121785690786 14.8
    endloop
  endfacet
  facet normal 0 0 1
    outer loop
      vertex 45.57171750561987 2.3678038400531114 14.8
      vertex 45.435830503371925 3.660682304031867 14.8
      vertex 45.232 3.6499999999999995 14.8
    endloop
  endfacet
  facet normal 0 0 1
    outer loop
      vertex 45.57171750561987 2.3678038400531114 14.8
      vertex 45.63742779709463 3.6926121785690786 14.8
      vertex 45.435830503371925 3.660682304031867 14.8
    endloop
  endfacet
  facet normal 0 0 1
    outer loop
      vertex 44.227694768281424 2.5090663220407508 14.8
      vertex 44.43886354600219 3.818586357596928 14.8
      vertex 44.257 3.9112504626203446 14.8
    endloop
  endfacet
  facet normal 0 0 1
    outer loop
      vertex 43.91010591000365 2.630977262661547 14.8
      vertex 44.257 3.9112504626203446 14.8
      vertex 44.085818758029674 4.022416860968852 14.8
    endloop
  endfacet
  facet normal 0 0 1
    outer loop
      vertex 45.907712995157716 2.421020297615131 14.8
      vertex 45.834583139031146 3.7454397932244503 14.8
      vertex 45.63742779709463 3.6926121785690786 14.8
    endloop
  endfacet
  facet normal 0 0 1
    outer loop
      vertex 45.907712995157716 2.421020297615131 14.8
      vertex 46.02513645399781 3.818586357596928 14.8
      vertex 45.834583139031146 3.7454397932244503 14.8
    endloop
  endfacet
  facet normal 0 0 1
    outer loop
      vertex 46.55389408999635 2.630977262661547 14.8
      vertex 46.857 2.7854174377005743 14.8
      vertex 46.68113240968092 4.295195317600227 14.8
    endloop
  endfacet
  facet normal 0 0 1
    outer loop
      vertex 46.236305231718575 2.5090663220407508 14.8
      vertex 46.207 3.9112504626203446 14.8
      vertex 46.02513645399781 3.818586357596928 14.8
    endloop
  endfacet
  facet normal 0 0 1
    outer loop
      vertex 46.236305231718575 2.5090663220407508 14.8
      vertex 46.378181241970324 4.022416860968852 14.8
      vertex 46.207 3.9112504626203446 14.8
    endloop
  endfacet
  facet normal 0 0 1
    outer loop
      vertex 46.857 2.7854174377005743 14.8
      vertex 47.14230206995054 2.9706947682814207 14.8
      vertex 46.920749537379656 4.625 14.8
    endloop
  endfacet
  facet normal 0 0 1
    outer loop
      vertex 46.55389408999635 2.630977262661547 14.8
      vertex 46.536804682399776 4.150867590319081 14.8
      vertex 46.378181241970324 4.022416860968852 14.8
    endloop
  endfacet
  facet normal 0 0 1
    outer loop
      vertex 46.55389408999635 2.630977262661547 14.8
      vertex 46.68113240968092 4.295195317600227 14.8
      vertex 46.536804682399776 4.150867590319081 14.8
    endloop
  endfacet
  facet normal 0 0 1
    outer loop
      vertex 46.857 2.7854174377005743 14.8
      vertex 46.80958313903115 4.453818758029677 14.8
      vertex 46.68113240968092 4.295195317600227 14.8
    endloop
  endfacet
  facet normal 0 0 1
    outer loop
      vertex 47.14230206995054 2.9706947682814207 14.8
      vertex 47.40667447066629 3.184779317198468 14.8
      vertex 47.171317695968135 5.396169496628075 14.8
    endloop
  endfacet
  facet normal 0 0 1
    outer loop
      vertex 46.857 2.7854174377005743 14.8
      vertex 46.920749537379656 4.625 14.8
      vertex 46.80958313903115 4.453818758029677 14.8
    endloop
  endfacet
  facet normal -0.8910065241883675 -0.4539904997395476 0
    outer loop
      vertex 42.26297726266154 4.278105910003649 9.6
      vertex 42.41741743770057 3.9749999999999996 9.6
      vertex 42.26297726266154 4.278105910003649 14.8
    endloop
  endfacet
  facet normal 0 0 -1
    outer loop
      vertex 43.91010591000365 2.630977262661547 9.6
      vertex 43.607 2.7854174377005743 9.6
      vertex 43.91010591000365 8.569022737338452 9.6
    endloop
  endfacet
  facet normal 0 0 -1
    outer loop
      vertex 43.32169793004946 2.9706947682814207 9.6
      vertex 43.607 8.414582562299426 9.6
      vertex 43.607 2.7854174377005743 9.6
    endloop
  endfacet
  facet normal -0.9335804264972044 -0.3583679495452935 0
    outer loop
      vertex 42.26297726266154 4.278105910003649 9.6
      vertex 42.14106632204075 4.595694768281421 14.8
      vertex 42.14106632204075 4.595694768281421 9.6
    endloop
  endfacet
  facet normal -0.8910065241883675 -0.4539904997395476 0
    outer loop
      vertex 42.41741743770057 3.9749999999999996 9.6
      vertex 42.41741743770057 3.9749999999999996 14.8
      vertex 42.26297726266154 4.278105910003649 14.8
    endloop
  endfacet
  facet normal -0.9335804264972044 -0.3583679495452935 0
    outer loop
      vertex 42.26297726266154 4.278105910003649 9.6
      vertex 42.26297726266154 4.278105910003649 14.8
      vertex 42.14106632204075 4.595694768281421 14.8
    endloop
  endfacet
  facet normal -0.965925826289071 -0.25881904510251097 0
    outer loop
      vertex 42.14106632204075 4.595694768281421 9.6
      vertex 42.14106632204075 4.595694768281421 14.8
      vertex 42.053020297615134 4.924287004842282 14.8
    endloop
  endfacet
  facet normal 0 0 -1
    outer loop
      vertex 42.81677931719847 3.42532552933371 9.6
      vertex 43.05732552933371 8.01522068280153 9.6
      vertex 43.05732552933371 3.184779317198468 9.6
    endloop
  endfacet
  facet normal 0 0 -1
    outer loop
      vertex 42.602694768281424 3.689697930049462 9.6
      vertex 42.81677931719847 7.774674470666289 9.6
      vertex 42.81677931719847 3.42532552933371 9.6
    endloop
  endfacet
  facet normal 0 0 -1
    outer loop
      vertex 43.32169793004946 2.9706947682814207 9.6
      vertex 43.05732552933371 3.184779317198468 9.6
      vertex 43.32169793004946 8.229305231718579 9.6
    endloop
  endfacet
  facet normal 0 0 -1
    outer loop
      vertex 42.602694768281424 3.689697930049462 9.6
      vertex 42.41741743770057 3.9749999999999996 9.6
      vertex 42.602694768281424 7.510302069950537 9.6
    endloop
  endfacet
  facet normal 0 0 -1
    outer loop
      vertex 42.26297726266154 4.278105910003649 9.6
      vertex 42.41741743770057 7.225 9.6
      vertex 42.41741743770057 3.9749999999999996 9.6
    endloop
  endfacet
  facet normal -0.965925826289071 -0.25881904510251097 0
    outer loop
      vertex 42.14106632204075 4.595694768281421 9.6
      vertex 42.053020297615134 4.924287004842282 14.8
      vertex 42.053020297615134 4.924287004842282 9.6
    endloop
  endfacet
  facet normal -0.9876883405951364 -0.1564344650402388 0
    outer loop
      vertex 42.053020297615134 4.924287004842282 9.6
      vertex 41.99980384005311 5.260282494380126 14.8
      vertex 41.99980384005311 5.260282494380126 9.6
    endloop
  endfacet
  facet normal 0 0 -1
    outer loop
      vertex 42.26297726266154 4.278105910003649 9.6
      vertex 42.14106632204075 4.595694768281421 9.6
      vertex 42.26297726266154 6.92189408999635 9.6
    endloop
  endfacet
  facet normal 0 0 -1
    outer loop
      vertex 42.14106632204075 4.595694768281421 9.6
      vertex 42.053020297615134 4.924287004842282 9.6
      vertex 42.14106632204075 6.604305231718579 9.6
    endloop
  endfacet
  facet normal 0 0 -1
    outer loop
      vertex 42.053020297615134 4.924287004842282 9.6
      vertex 41.99980384005311 5.260282494380126 9.6
      vertex 42.053020297615134 6.2757129951577175 9.6
    endloop
  endfacet
  facet normal 0 0 -1
    outer loop
      vertex 41.99980384005311 5.260282494380126 9.6
      vertex 41.982 5.6 9.6
      vertex 41.99980384005311 5.939717505619873 9.6
    endloop
  endfacet
  facet normal -0.9986295347545737 -0.05233595624294548 0
    outer loop
      vertex 41.99980384005311 5.260282494380126 9.6
      vertex 41.982 5.6 14.8
      vertex 41.982 5.6 9.6
    endloop
  endfacet
  facet normal -0.9876883405951364 -0.1564344650402388 0
    outer loop
      vertex 42.053020297615134 4.924287004842282 9.6
      vertex 42.053020297615134 4.924287004842282 14.8
      vertex 41.99980384005311 5.260282494380126 14.8
    endloop
  endfacet
  facet normal -0.9986295347545737 -0.05233595624294548 0
    outer loop
      vertex 41.99980384005311 5.260282494380126 9.6
      vertex 41.99980384005311 5.260282494380126 14.8
      vertex 41.982 5.6 14.8
    endloop
  endfacet
  facet normal 0 0 -1
    outer loop
      vertex 44.227694768281424 2.5090663220407508 9.6
      vertex 44.55628700484228 8.778979702384868 9.6
      vertex 44.55628700484228 2.421020297615131 9.6
    endloop
  endfacet
  facet normal 0 0 -1
    outer loop
      vertex 44.55628700484228 2.421020297615131 9.6
      vertex 44.892282494380126 8.832196159946887 9.6
      vertex 44.892282494380126 2.3678038400531114 9.6
    endloop
  endfacet
  facet normal 0 0 -1
    outer loop
      vertex 44.892282494380126 2.3678038400531114 9.6
      vertex 45.232 8.85 9.6
      vertex 45.232 2.3499999999999996 9.6
    endloop
  endfacet
  facet normal 0 0 -1
    outer loop
      vertex 45.232 2.3499999999999996 9.6
      vertex 45.57171750561987 8.832196159946887 9.6
      vertex 45.57171750561987 2.3678038400531114 9.6
    endloop
  endfacet
  facet normal 0 0 -1
    outer loop
      vertex 43.91010591000365 2.630977262661547 9.6
      vertex 44.227694768281424 8.690933677959249 9.6
      vertex 44.227694768281424 2.5090663220407508 9.6
    endloop
  endfacet
  facet normal 0 0 -1
    outer loop
      vertex 45.57171750561987 2.3678038400531114 9.6
      vertex 45.907712995157716 8.778979702384868 9.6
      vertex 45.907712995157716 2.421020297615131 9.6
    endloop
  endfacet
  facet normal 0 0 -1
    outer loop
      vertex 45.907712995157716 2.421020297615131 9.6
      vertex 46.236305231718575 8.690933677959249 9.6
      vertex 46.236305231718575 2.5090663220407508 9.6
    endloop
  endfacet
  facet normal 0 0 -1
    outer loop
      vertex 46.236305231718575 2.5090663220407508 9.6
      vertex 46.55389408999635 8.569022737338452 9.6
      vertex 46.55389408999635 2.630977262661547 9.6
    endloop
  endfacet
  facet normal 0 0 -1
    outer loop
      vertex 46.55389408999635 2.630977262661547 9.6
      vertex 46.857 8.414582562299426 9.6
      vertex 46.857 2.7854174377005743 9.6
    endloop
  endfacet
  facet normal 0 0 -1
    outer loop
      vertex 46.857 2.7854174377005743 9.6
      vertex 47.14230206995054 8.229305231718579 9.6
      vertex 47.14230206995054 2.9706947682814207 9.6
    endloop
  endfacet
  facet normal 0 0 -1
    outer loop
      vertex 47.14230206995054 2.9706947682814207 9.6
      vertex 47.40667447066629 8.01522068280153 9.6
      vertex 47.40667447066629 3.184779317198468 9.6
    endloop
  endfacet
  facet normal 0.8910065241883675 -0.4539904997395476 0
    outer loop
      vertex 48.04658256229943 3.9749999999999996 9.6
      vertex 48.201022737338455 4.278105910003649 9.6
      vertex 48.04658256229943 3.9749999999999996 14.8
    endloop
  endfacet
  facet normal 0.9335804264972044 -0.3583679495452935 0
    outer loop
      vertex 48.201022737338455 4.278105910003649 9.6
      vertex 48.32293367795925 4.595694768281421 9.6
      vertex 48.201022737338455 4.278105910003649 14.8
    endloop
  endfacet
  facet normal 0.965925826289071 -0.25881904510251097 0
    outer loop
      vertex 48.32293367795925 4.595694768281421 9.6
      vertex 48.410979702384864 4.924287004842282 9.6
      vertex 48.32293367795925 4.595694768281421 14.8
    endloop
  endfacet
  facet normal 0.8910065241883675 -0.4539904997395476 0
    outer loop
      vertex 48.201022737338455 4.278105910003649 9.6
      vertex 48.201022737338455 4.278105910003649 14.8
      vertex 48.04658256229943 3.9749999999999996 14.8
    endloop
  endfacet
  facet normal 0.9335804264972044 -0.3583679495452935 0
    outer loop
      vertex 48.32293367795925 4.595694768281421 9.6
      vertex 48.32293367795925 4.595694768281421 14.8
      vertex 48.201022737338455 4.278105910003649 14.8
    endloop
  endfacet
  facet normal 0 0 -1
    outer loop
      vertex 47.40667447066629 3.184779317198468 9.6
      vertex 47.64722068280153 7.774674470666289 9.6
      vertex 47.64722068280153 3.42532552933371 9.6
    endloop
  endfacet
  facet normal 0 0 -1
    outer loop
      vertex 47.64722068280153 3.42532552933371 9.6
      vertex 47.861305231718575 7.510302069950537 9.6
      vertex 47.861305231718575 3.689697930049462 9.6
    endloop
  endfacet
  facet normal 0 0 -1
    outer loop
      vertex 47.861305231718575 3.689697930049462 9.6
      vertex 48.04658256229943 7.225 9.6
      vertex 48.04658256229943 3.9749999999999996 9.6
    endloop
  endfacet
  facet normal 0 0 -1
    outer loop
      vertex 48.04658256229943 3.9749999999999996 9.6
      vertex 48.201022737338455 6.92189408999635 9.6
      vertex 48.201022737338455 4.278105910003649 9.6
    endloop
  endfacet
  facet normal 0 0 -1
    outer loop
      vertex 48.201022737338455 4.278105910003649 9.6
      vertex 48.32293367795925 6.604305231718579 9.6
      vertex 48.32293367795925 4.595694768281421 9.6
    endloop
  endfacet
  facet normal 0.9876883405951364 -0.1564344650402388 0
    outer loop
      vertex 48.410979702384864 4.924287004842282 9.6
      vertex 48.46419615994689 5.260282494380126 9.6
      vertex 48.410979702384864 4.924287004842282 14.8
    endloop
  endfacet
  facet normal 0 0 -1
    outer loop
      vertex 48.32293367795925 4.595694768281421 9.6
      vertex 48.410979702384864 6.2757129951577175 9.6
      vertex 48.410979702384864 4.924287004842282 9.6
    endloop
  endfacet
  facet normal 0 0 -1
    outer loop
      vertex 48.410979702384864 4.924287004842282 9.6
      vertex 48.46419615994689 5.939717505619873 9.6
      vertex 48.46419615994689 5.260282494380126 9.6
    endloop
  endfacet
  facet normal 0 0 -1
    outer loop
      vertex 48.46419615994689 5.260282494380126 9.6
      vertex 48.46419615994689 5.939717505619873 9.6
      vertex 48.482 5.6 9.6
    endloop
  endfacet
  facet normal 0.9986295347545737 -0.05233595624294548 0
    outer loop
      vertex 48.46419615994689 5.260282494380126 9.6
      vertex 48.482 5.6 9.6
      vertex 48.46419615994689 5.260282494380126 14.8
    endloop
  endfacet
  facet normal 0.965925826289071 -0.25881904510251097 0
    outer loop
      vertex 48.410979702384864 4.924287004842282 9.6
      vertex 48.410979702384864 4.924287004842282 14.8
      vertex 48.32293367795925 4.595694768281421 14.8
    endloop
  endfacet
  facet normal 0.9876883405951364 -0.1564344650402388 0
    outer loop
      vertex 48.46419615994689 5.260282494380126 9.6
      vertex 48.46419615994689 5.260282494380126 14.8
      vertex 48.410979702384864 4.924287004842282 14.8
    endloop
  endfacet
  facet normal 0.9986295347545737 -0.05233595624294548 0
    outer loop
      vertex 48.46419615994689 5.260282494380126 14.8
      vertex 48.482 5.6 9.6
      vertex 48.482 5.6 14.8
    endloop
  endfacet
  facet normal 0 0 1
    outer loop
      vertex 43.32169793004946 2.9706947682814207 14.8
      vertex 43.54325046262034 4.625 14.8
      vertex 43.450586357596926 4.806863546002189 14.8
    endloop
  endfacet
  facet normal 0 0 1
    outer loop
      vertex 43.32169793004946 2.9706947682814207 14.8
      vertex 43.450586357596926 4.806863546002189 14.8
      vertex 43.37743979322445 4.997416860968852 14.8
    endloop
  endfacet
  facet normal 0 0 1
    outer loop
      vertex 43.32169793004946 2.9706947682814207 14.8
      vertex 43.37743979322445 4.997416860968852 14.8
      vertex 43.324612178569076 5.194572202905369 14.8
    endloop
  endfacet
  facet normal 0 0 1
    outer loop
      vertex 43.32169793004946 2.9706947682814207 14.8
      vertex 43.324612178569076 5.194572202905369 14.8
      vertex 43.292682304031864 5.396169496628075 14.8
    endloop
  endfacet
  facet normal 0 0 1
    outer loop
      vertex 43.32169793004946 2.9706947682814207 14.8
      vertex 43.05732552933371 8.01522068280153 14.8
      vertex 43.05732552933371 3.184779317198468 14.8
    endloop
  endfacet
  facet normal 0 0 1
    outer loop
      vertex 42.26297726266154 4.278105910003649 14.8
      vertex 42.41741743770057 3.9749999999999996 14.8
      vertex 42.26297726266154 6.92189408999635 14.8
    endloop
  endfacet
  facet normal 0 0 1
    outer loop
      vertex 42.26297726266154 4.278105910003649 14.8
      vertex 42.14106632204075 6.604305231718579 14.8
      vertex 42.14106632204075 4.595694768281421 14.8
    endloop
  endfacet
  facet normal 0 0 1
    outer loop
      vertex 42.602694768281424 3.689697930049462 14.8
      vertex 42.81677931719847 3.42532552933371 14.8
      vertex 42.602694768281424 7.510302069950537 14.8
    endloop
  endfacet
  facet normal 0 0 1
    outer loop
      vertex 42.81677931719847 3.42532552933371 14.8
      vertex 43.05732552933371 3.184779317198468 14.8
      vertex 42.81677931719847 7.774674470666289 14.8
    endloop
  endfacet
  facet normal 0 0 1
    outer loop
      vertex 42.602694768281424 3.689697930049462 14.8
      vertex 42.41741743770057 7.225 14.8
      vertex 42.41741743770057 3.9749999999999996 14.8
    endloop
  endfacet
  facet normal 0 0 1
    outer loop
      vertex 42.14106632204075 4.595694768281421 14.8
      vertex 42.053020297615134 6.2757129951577175 14.8
      vertex 42.053020297615134 4.924287004842282 14.8
    endloop
  endfacet
  facet normal 0 0 1
    outer loop
      vertex 42.053020297615134 4.924287004842282 14.8
      vertex 41.99980384005311 5.939717505619873 14.8
      vertex 41.99980384005311 5.260282494380126 14.8
    endloop
  endfacet
  facet normal 0 0 1
    outer loop
      vertex 41.99980384005311 5.260282494380126 14.8
      vertex 41.99980384005311 5.939717505619873 14.8
      vertex 41.982 5.6 14.8
    endloop
  endfacet
  facet normal 0 0 1
    outer loop
      vertex 43.32169793004946 2.9706947682814207 14.8
      vertex 43.292682304031864 5.396169496628075 14.8
      vertex 43.05732552933371 8.01522068280153 14.8
    endloop
  endfacet
  facet normal 0 0 1
    outer loop
      vertex 47.14230206995054 2.9706947682814207 14.8
      vertex 47.01341364240307 4.806863546002189 14.8
      vertex 46.920749537379656 4.625 14.8
    endloop
  endfacet
  facet normal 0 0 1
    outer loop
      vertex 47.14230206995054 2.9706947682814207 14.8
      vertex 47.08656020677555 4.997416860968852 14.8
      vertex 47.01341364240307 4.806863546002189 14.8
    endloop
  endfacet
  facet normal 0 0 1
    outer loop
      vertex 47.14230206995054 2.9706947682814207 14.8
      vertex 47.13938782143092 5.194572202905369 14.8
      vertex 47.08656020677555 4.997416860968852 14.8
    endloop
  endfacet
  facet normal 0 0 1
    outer loop
      vertex 47.14230206995054 2.9706947682814207 14.8
      vertex 47.171317695968135 5.396169496628075 14.8
      vertex 47.13938782143092 5.194572202905369 14.8
    endloop
  endfacet
  facet normal 0 0 1
    outer loop
      vertex 47.40667447066629 3.184779317198468 14.8
      vertex 47.182 5.6 14.8
      vertex 47.171317695968135 5.396169496628075 14.8
    endloop
  endfacet
  facet normal 0 0 1
    outer loop
      vertex 47.40667447066629 3.184779317198468 14.8
      vertex 47.171317695968135 5.803830503371924 14.8
      vertex 47.182 5.6 14.8
    endloop
  endfacet
  facet normal 0 0 1
    outer loop
      vertex 47.40667447066629 3.184779317198468 14.8
      vertex 47.64722068280153 3.42532552933371 14.8
      vertex 47.40667447066629 8.01522068280153 14.8
    endloop
  endfacet
  facet normal 0 0 1
    outer loop
      vertex 47.64722068280153 3.42532552933371 14.8
      vertex 47.861305231718575 3.689697930049462 14.8
      vertex 47.64722068280153 7.774674470666289 14.8
    endloop
  endfacet
  facet normal 0 0 1
    outer loop
      vertex 47.861305231718575 3.689697930049462 14.8
      vertex 48.04658256229943 3.9749999999999996 14.8
      vertex 47.861305231718575 7.510302069950537 14.8
    endloop
  endfacet
  facet normal 0 0 1
    outer loop
      vertex 48.04658256229943 3.9749999999999996 14.8
      vertex 48.201022737338455 4.278105910003649 14.8
      vertex 48.04658256229943 7.225 14.8
    endloop
  endfacet
  facet normal 0 0 1
    outer loop
      vertex 48.201022737338455 4.278105910003649 14.8
      vertex 48.32293367795925 4.595694768281421 14.8
      vertex 48.201022737338455 6.92189408999635 14.8
    endloop
  endfacet
  facet normal 0 0 1
    outer loop
      vertex 48.32293367795925 4.595694768281421 14.8
      vertex 48.410979702384864 4.924287004842282 14.8
      vertex 48.32293367795925 6.604305231718579 14.8
    endloop
  endfacet
  facet normal 0 0 1
    outer loop
      vertex 48.410979702384864 4.924287004842282 14.8
      vertex 48.46419615994689 5.260282494380126 14.8
      vertex 48.410979702384864 6.2757129951577175 14.8
    endloop
  endfacet
  facet normal 0 0 1
    outer loop
      vertex 48.46419615994689 5.260282494380126 14.8
      vertex 48.482 5.6 14.8
      vertex 48.46419615994689 5.939717505619873 14.8
    endloop
  endfacet
  facet normal -0.2588190451025235 -0.9659258262890675 0
    outer loop
      vertex 44.62941686096885 3.7454397932244503 24.6
      vertex 44.62941686096885 3.7454397932244503 14.8
      vertex 44.82657220290537 3.6926121785690786 14.8
    endloop
  endfacet
  facet normal -0.05233595624294511 -0.9986295347545737 0
    outer loop
      vertex 45.028169496628074 3.660682304031867 24.6
      vertex 45.028169496628074 3.660682304031867 14.8
      vertex 45.232 3.6499999999999995 14.8
    endloop
  endfacet
  facet normal 0.05233595624294511 -0.9986295347545737 0
    outer loop
      vertex 45.232 3.6499999999999995 24.6
      vertex 45.232 3.6499999999999995 14.8
      vertex 45.435830503371925 3.660682304031867 14.8
    endloop
  endfacet
  facet normal -0.15643446504023029 -0.9876883405951378 0
    outer loop
      vertex 44.82657220290537 3.6926121785690786 24.6
      vertex 44.82657220290537 3.6926121785690786 14.8
      vertex 45.028169496628074 3.660682304031867 14.8
    endloop
  endfacet
  facet normal 0.15643446504023029 -0.9876883405951378 0
    outer loop
      vertex 45.435830503371925 3.660682304031867 24.6
      vertex 45.435830503371925 3.660682304031867 14.8
      vertex 45.63742779709463 3.6926121785690786 14.8
    endloop
  endfacet
  facet normal 0.2588190451025235 -0.9659258262890675 0
    outer loop
      vertex 45.63742779709463 3.6926121785690786 24.6
      vertex 45.63742779709463 3.6926121785690786 14.8
      vertex 45.834583139031146 3.7454397932244503 14.8
    endloop
  endfacet
  facet normal -0.3583679495452982 -0.9335804264972026 0
    outer loop
      vertex 44.43886354600219 3.818586357596928 24.6
      vertex 44.43886354600219 3.818586357596928 14.8
      vertex 44.62941686096885 3.7454397932244503 14.8
    endloop
  endfacet
  facet normal -0.4539904997395454 -0.8910065241883685 0
    outer loop
      vertex 44.257 3.9112504626203446 24.6
      vertex 44.257 3.9112504626203446 14.8
      vertex 44.43886354600219 3.818586357596928 14.8
    endloop
  endfacet
  facet normal 0.3583679495452982 -0.9335804264972026 0
    outer loop
      vertex 45.834583139031146 3.7454397932244503 24.6
      vertex 45.834583139031146 3.7454397932244503 14.8
      vertex 46.02513645399781 3.818586357596928 14.8
    endloop
  endfacet
  facet normal 0.4539904997395454 -0.8910065241883685 0
    outer loop
      vertex 46.02513645399781 3.818586357596928 24.6
      vertex 46.02513645399781 3.818586357596928 14.8
      vertex 46.207 3.9112504626203446 14.8
    endloop
  endfacet
  facet normal 0.5446390350150246 -0.8386705679454256 0
    outer loop
      vertex 46.207 3.9112504626203446 24.6
      vertex 46.207 3.9112504626203446 14.8
      vertex 46.378181241970324 4.022416860968852 14.8
    endloop
  endfacet
  facet normal -0.2588190451025235 -0.9659258262890675 0
    outer loop
      vertex 44.62941686096885 3.7454397932244503 24.6
      vertex 44.82657220290537 3.6926121785690786 14.8
      vertex 44.82657220290537 3.6926121785690786 24.6
    endloop
  endfacet
  facet normal -0.3583679495452982 -0.9335804264972026 0
    outer loop
      vertex 44.43886354600219 3.818586357596928 24.6
      vertex 44.62941686096885 3.7454397932244503 14.8
      vertex 44.62941686096885 3.7454397932244503 24.6
    endloop
  endfacet
  facet normal -0.05233595624294511 -0.9986295347545737 0
    outer loop
      vertex 45.028169496628074 3.660682304031867 24.6
      vertex 45.232 3.6499999999999995 14.8
      vertex 45.232 3.6499999999999995 24.6
    endloop
  endfacet
  facet normal 0.05233595624294511 -0.9986295347545737 0
    outer loop
      vertex 45.232 3.6499999999999995 24.6
      vertex 45.435830503371925 3.660682304031867 14.8
      vertex 45.435830503371925 3.660682304031867 24.6
    endloop
  endfacet
  facet normal -0.15643446504023029 -0.9876883405951378 0
    outer loop
      vertex 44.82657220290537 3.6926121785690786 24.6
      vertex 45.028169496628074 3.660682304031867 14.8
      vertex 45.028169496628074 3.660682304031867 24.6
    endloop
  endfacet
  facet normal 0.15643446504023029 -0.9876883405951378 0
    outer loop
      vertex 45.435830503371925 3.660682304031867 24.6
      vertex 45.63742779709463 3.6926121785690786 14.8
      vertex 45.63742779709463 3.6926121785690786 24.6
    endloop
  endfacet
  facet normal -0.4539904997395454 -0.8910065241883685 0
    outer loop
      vertex 44.43886354600219 3.818586357596928 24.6
      vertex 44.257 3.9112504626203446 24.6
      vertex 44.43886354600219 3.818586357596928 14.8
    endloop
  endfacet
  facet normal -0.5446390350150246 -0.8386705679454256 0
    outer loop
      vertex 44.085818758029674 4.022416860968852 24.6
      vertex 44.257 3.9112504626203446 14.8
      vertex 44.257 3.9112504626203446 24.6
    endloop
  endfacet
  facet normal 0.2588190451025235 -0.9659258262890675 0
    outer loop
      vertex 45.63742779709463 3.6926121785690786 24.6
      vertex 45.834583139031146 3.7454397932244503 14.8
      vertex 45.834583139031146 3.7454397932244503 24.6
    endloop
  endfacet
  facet normal 0.3583679495452982 -0.9335804264972026 0
    outer loop
      vertex 45.834583139031146 3.7454397932244503 24.6
      vertex 46.02513645399781 3.818586357596928 14.8
      vertex 46.02513645399781 3.818586357596928 24.6
    endloop
  endfacet
  facet normal 0.4539904997395454 -0.8910065241883685 0
    outer loop
      vertex 46.02513645399781 3.818586357596928 24.6
      vertex 46.207 3.9112504626203446 14.8
      vertex 46.207 3.9112504626203446 24.6
    endloop
  endfacet
  facet normal -0.6293203910498343 -0.7771459614569733 0
    outer loop
      vertex 43.92719531760022 4.150867590319081 24.6
      vertex 43.92719531760022 4.150867590319081 14.8
      vertex 44.085818758029674 4.022416860968852 14.8
    endloop
  endfacet
  facet normal -0.7071067811865518 -0.7071067811865431 0
    outer loop
      vertex 43.78286759031908 4.295195317600227 24.6
      vertex 43.78286759031908 4.295195317600227 14.8
      vertex 43.92719531760022 4.150867590319081 14.8
    endloop
  endfacet
  facet normal -0.7771459614569739 -0.6293203910498338 0
    outer loop
      vertex 43.65441686096885 4.453818758029677 24.6
      vertex 43.65441686096885 4.453818758029677 14.8
      vertex 43.78286759031908 4.295195317600227 14.8
    endloop
  endfacet
  facet normal -0.8386705679454222 -0.5446390350150297 0
    outer loop
      vertex 43.54325046262034 4.625 24.6
      vertex 43.54325046262034 4.625 14.8
      vertex 43.65441686096885 4.453818758029677 14.8
    endloop
  endfacet
  facet normal -0.8910065241883666 -0.45399049973954897 0
    outer loop
      vertex 43.450586357596926 4.806863546002189 24.6
      vertex 43.450586357596926 4.806863546002189 14.8
      vertex 43.54325046262034 4.625 14.8
    endloop
  endfacet
  facet normal -0.9335804264971999 -0.3583679495453053 0
    outer loop
      vertex 43.37743979322445 4.997416860968852 24.6
      vertex 43.37743979322445 4.997416860968852 14.8
      vertex 43.450586357596926 4.806863546002189 14.8
    endloop
  endfacet
  facet normal -0.9659258262890692 -0.25881904510251724 0
    outer loop
      vertex 43.324612178569076 5.194572202905369 24.6
      vertex 43.324612178569076 5.194572202905369 14.8
      vertex 43.37743979322445 4.997416860968852 14.8
    endloop
  endfacet
  facet normal -0.9876883405951375 -0.15643446504023245 0
    outer loop
      vertex 43.292682304031864 5.396169496628075 24.6
      vertex 43.292682304031864 5.396169496628075 14.8
      vertex 43.324612178569076 5.194572202905369 14.8
    endloop
  endfacet
  facet normal -0.9986295347545738 -0.05233595624294535 0
    outer loop
      vertex 43.282 5.6 24.6
      vertex 43.282 5.6 14.8
      vertex 43.292682304031864 5.396169496628075 14.8
    endloop
  endfacet
  facet normal -0.5446390350150246 -0.8386705679454256 0
    outer loop
      vertex 44.085818758029674 4.022416860968852 24.6
      vertex 44.085818758029674 4.022416860968852 14.8
      vertex 44.257 3.9112504626203446 14.8
    endloop
  endfacet
  facet normal 0.6293203910498343 -0.7771459614569733 0
    outer loop
      vertex 46.378181241970324 4.022416860968852 24.6
      vertex 46.378181241970324 4.022416860968852 14.8
      vertex 46.536804682399776 4.150867590319081 14.8
    endloop
  endfacet
  facet normal 0.7071067811865518 -0.7071067811865431 0
    outer loop
      vertex 46.536804682399776 4.150867590319081 24.6
      vertex 46.536804682399776 4.150867590319081 14.8
      vertex 46.68113240968092 4.295195317600227 14.8
    endloop
  endfacet
  facet normal 0.7771459614569739 -0.6293203910498338 0
    outer loop
      vertex 46.68113240968092 4.295195317600227 24.6
      vertex 46.68113240968092 4.295195317600227 14.8
      vertex 46.80958313903115 4.453818758029677 14.8
    endloop
  endfacet
  facet normal 0.8386705679454222 -0.5446390350150297 0
    outer loop
      vertex 46.80958313903115 4.453818758029677 24.6
      vertex 46.80958313903115 4.453818758029677 14.8
      vertex 46.920749537379656 4.625 14.8
    endloop
  endfacet
  facet normal 0.8910065241883666 -0.45399049973954897 0
    outer loop
      vertex 46.920749537379656 4.625 24.6
      vertex 46.920749537379656 4.625 14.8
      vertex 47.01341364240307 4.806863546002189 14.8
    endloop
  endfacet
  facet normal 0.9335804264971999 -0.3583679495453053 0
    outer loop
      vertex 47.01341364240307 4.806863546002189 24.6
      vertex 47.01341364240307 4.806863546002189 14.8
      vertex 47.08656020677555 4.997416860968852 14.8
    endloop
  endfacet
  facet normal 0.9659258262890692 -0.25881904510251724 0
    outer loop
      vertex 47.08656020677555 4.997416860968852 24.6
      vertex 47.08656020677555 4.997416860968852 14.8
      vertex 47.13938782143092 5.194572202905369 14.8
    endloop
  endfacet
  facet normal 0.9876883405951375 -0.15643446504023245 0
    outer loop
      vertex 47.13938782143092 5.194572202905369 24.6
      vertex 47.13938782143092 5.194572202905369 14.8
      vertex 47.171317695968135 5.396169496628075 14.8
    endloop
  endfacet
  facet normal 0.9986295347545738 -0.05233595624294535 0
    outer loop
      vertex 47.171317695968135 5.396169496628075 24.6
      vertex 47.171317695968135 5.396169496628075 14.8
      vertex 47.182 5.6 14.8
    endloop
  endfacet
  facet normal -0.7071067811865518 -0.7071067811865431 0
    outer loop
      vertex 43.78286759031908 4.295195317600227 24.6
      vertex 43.92719531760022 4.150867590319081 14.8
      vertex 43.92719531760022 4.150867590319081 24.6
    endloop
  endfacet
  facet normal -0.7771459614569739 -0.6293203910498338 0
    outer loop
      vertex 43.65441686096885 4.453818758029677 24.6
      vertex 43.78286759031908 4.295195317600227 14.8
      vertex 43.78286759031908 4.295195317600227 24.6
    endloop
  endfacet
  facet normal -0.8386705679454222 -0.5446390350150297 0
    outer loop
      vertex 43.65441686096885 4.453818758029677 24.6
      vertex 43.54325046262034 4.625 24.6
      vertex 43.65441686096885 4.453818758029677 14.8
    endloop
  endfacet
  facet normal -0.8910065241883666 -0.45399049973954897 0
    outer loop
      vertex 43.450586357596926 4.806863546002189 24.6
      vertex 43.54325046262034 4.625 14.8
      vertex 43.54325046262034 4.625 24.6
    endloop
  endfacet
  facet normal -0.9335804264971999 -0.3583679495453053 0
    outer loop
      vertex 43.450586357596926 4.806863546002189 24.6
      vertex 43.37743979322445 4.997416860968852 24.6
      vertex 43.450586357596926 4.806863546002189 14.8
    endloop
  endfacet
  facet normal -0.9659258262890692 -0.25881904510251724 0
    outer loop
      vertex 43.37743979322445 4.997416860968852 24.6
      vertex 43.324612178569076 5.194572202905369 24.6
      vertex 43.37743979322445 4.997416860968852 14.8
    endloop
  endfacet
  facet normal -0.9876883405951375 -0.15643446504023245 0
    outer loop
      vertex 43.324612178569076 5.194572202905369 24.6
      vertex 43.292682304031864 5.396169496628075 24.6
      vertex 43.324612178569076 5.194572202905369 14.8
    endloop
  endfacet
  facet normal -0.9986295347545738 -0.05233595624294535 0
    outer loop
      vertex 43.292682304031864 5.396169496628075 24.6
      vertex 43.282 5.6 24.6
      vertex 43.292682304031864 5.396169496628075 14.8
    endloop
  endfacet
  facet normal 0 0 1
    outer loop
      vertex 44.085818758029674 4.022416860968852 24.6
      vertex 43.92719531760022 7.049132409680919 24.6
      vertex 43.92719531760022 4.150867590319081 24.6
    endloop
  endfacet
  facet normal 0 0 1
    outer loop
      vertex 43.78286759031908 4.295195317600227 24.6
      vertex 43.92719531760022 4.150867590319081 24.6
      vertex 43.78286759031908 6.904804682399773 24.6
    endloop
  endfacet
  facet normal 0 0 1
    outer loop
      vertex 43.65441686096885 4.453818758029677 24.6
      vertex 43.78286759031908 4.295195317600227 24.6
      vertex 43.65441686096885 6.746181241970322 24.6
    endloop
  endfacet
  facet normal 0 0 1
    outer loop
      vertex 43.65441686096885 4.453818758029677 24.6
      vertex 43.54325046262034 6.574999999999999 24.6
      vertex 43.54325046262034 4.625 24.6
    endloop
  endfacet
  facet normal 0 0 1
    outer loop
      vertex 43.450586357596926 4.806863546002189 24.6
      vertex 43.54325046262034 4.625 24.6
      vertex 43.450586357596926 6.39313645399781 24.6
    endloop
  endfacet
  facet normal 0 0 1
    outer loop
      vertex 43.450586357596926 4.806863546002189 24.6
      vertex 43.37743979322445 6.202583139031147 24.6
      vertex 43.37743979322445 4.997416860968852 24.6
    endloop
  endfacet
  facet normal 0 0 1
    outer loop
      vertex 43.37743979322445 4.997416860968852 24.6
      vertex 43.324612178569076 6.00542779709463 24.6
      vertex 43.324612178569076 5.194572202905369 24.6
    endloop
  endfacet
  facet normal 0 0 1
    outer loop
      vertex 43.324612178569076 5.194572202905369 24.6
      vertex 43.292682304031864 5.803830503371924 24.6
      vertex 43.292682304031864 5.396169496628075 24.6
    endloop
  endfacet
  facet normal 0 0 1
    outer loop
      vertex 43.292682304031864 5.396169496628075 24.6
      vertex 43.292682304031864 5.803830503371924 24.6
      vertex 43.282 5.6 24.6
    endloop
  endfacet
  facet normal -0.6293203910498343 -0.7771459614569733 0
    outer loop
      vertex 44.085818758029674 4.022416860968852 24.6
      vertex 43.92719531760022 4.150867590319081 24.6
      vertex 44.085818758029674 4.022416860968852 14.8
    endloop
  endfacet
  facet normal 0.5446390350150246 -0.8386705679454256 0
    outer loop
      vertex 46.207 3.9112504626203446 24.6
      vertex 46.378181241970324 4.022416860968852 14.8
      vertex 46.378181241970324 4.022416860968852 24.6
    endloop
  endfacet
  facet normal 0.6293203910498343 -0.7771459614569733 0
    outer loop
      vertex 46.378181241970324 4.022416860968852 24.6
      vertex 46.536804682399776 4.150867590319081 14.8
      vertex 46.536804682399776 4.150867590319081 24.6
    endloop
  endfacet
  facet normal 0.7071067811865518 -0.7071067811865431 0
    outer loop
      vertex 46.536804682399776 4.150867590319081 24.6
      vertex 46.68113240968092 4.295195317600227 14.8
      vertex 46.68113240968092 4.295195317600227 24.6
    endloop
  endfacet
  facet normal 0.7771459614569739 -0.6293203910498338 0
    outer loop
      vertex 46.68113240968092 4.295195317600227 24.6
      vertex 46.80958313903115 4.453818758029677 14.8
      vertex 46.80958313903115 4.453818758029677 24.6
    endloop
  endfacet
  facet normal 0.8386705679454222 -0.5446390350150297 0
    outer loop
      vertex 46.80958313903115 4.453818758029677 24.6
      vertex 46.920749537379656 4.625 14.8
      vertex 46.920749537379656 4.625 24.6
    endloop
  endfacet
  facet normal 0.8910065241883666 -0.45399049973954897 0
    outer loop
      vertex 46.920749537379656 4.625 24.6
      vertex 47.01341364240307 4.806863546002189 14.8
      vertex 47.01341364240307 4.806863546002189 24.6
    endloop
  endfacet
  facet normal 0.9335804264971999 -0.3583679495453053 0
    outer loop
      vertex 47.01341364240307 4.806863546002189 24.6
      vertex 47.08656020677555 4.997416860968852 14.8
      vertex 47.08656020677555 4.997416860968852 24.6
    endloop
  endfacet
  facet normal 0.9659258262890692 -0.25881904510251724 0
    outer loop
      vertex 47.08656020677555 4.997416860968852 24.6
      vertex 47.13938782143092 5.194572202905369 14.8
      vertex 47.13938782143092 5.194572202905369 24.6
    endloop
  endfacet
  facet normal 0.9876883405951375 -0.15643446504023245 0
    outer loop
      vertex 47.13938782143092 5.194572202905369 24.6
      vertex 47.171317695968135 5.396169496628075 14.8
      vertex 47.171317695968135 5.396169496628075 24.6
    endloop
  endfacet
  facet normal 0.9986295347545738 -0.05233595624294535 0
    outer loop
      vertex 47.171317695968135 5.396169496628075 24.6
      vertex 47.182 5.6 14.8
      vertex 47.182 5.6 24.6
    endloop
  endfacet
  facet normal 0 0 1
    outer loop
      vertex 44.43886354600219 3.818586357596928 24.6
      vertex 44.62941686096885 3.7454397932244503 24.6
      vertex 44.43886354600219 7.381413642403071 24.6
    endloop
  endfacet
  facet normal 0 0 1
    outer loop
      vertex 44.62941686096885 3.7454397932244503 24.6
      vertex 44.82657220290537 3.6926121785690786 24.6
      vertex 44.62941686096885 7.4545602067755485 24.6
    endloop
  endfacet
  facet normal 0 0 1
    outer loop
      vertex 44.82657220290537 3.6926121785690786 24.6
      vertex 45.028169496628074 3.660682304031867 24.6
      vertex 44.82657220290537 7.507387821430921 24.6
    endloop
  endfacet
  facet normal 0 0 1
    outer loop
      vertex 45.028169496628074 3.660682304031867 24.6
      vertex 45.232 3.6499999999999995 24.6
      vertex 45.028169496628074 7.5393176959681325 24.6
    endloop
  endfacet
  facet normal 0 0 1
    outer loop
      vertex 45.232 3.6499999999999995 24.6
      vertex 45.435830503371925 3.660682304031867 24.6
      vertex 45.232 7.55 24.6
    endloop
  endfacet
  facet normal 0 0 1
    outer loop
      vertex 45.435830503371925 3.660682304031867 24.6
      vertex 45.63742779709463 3.6926121785690786 24.6
      vertex 45.435830503371925 7.5393176959681325 24.6
    endloop
  endfacet
  facet normal 0 0 1
    outer loop
      vertex 45.63742779709463 3.6926121785690786 24.6
      vertex 45.834583139031146 3.7454397932244503 24.6
      vertex 45.63742779709463 7.507387821430921 24.6
    endloop
  endfacet
  facet normal 0 0 1
    outer loop
      vertex 44.085818758029674 4.022416860968852 24.6
      vertex 44.257 3.9112504626203446 24.6
      vertex 44.085818758029674 7.177583139031147 24.6
    endloop
  endfacet
  facet normal 0 0 1
    outer loop
      vertex 44.43886354600219 3.818586357596928 24.6
      vertex 44.257 7.288749537379655 24.6
      vertex 44.257 3.9112504626203446 24.6
    endloop
  endfacet
  facet normal 0 0 1
    outer loop
      vertex 45.834583139031146 3.7454397932244503 24.6
      vertex 46.02513645399781 3.818586357596928 24.6
      vertex 45.834583139031146 7.4545602067755485 24.6
    endloop
  endfacet
  facet normal 0 0 1
    outer loop
      vertex 46.02513645399781 3.818586357596928 24.6
      vertex 46.207 3.9112504626203446 24.6
      vertex 46.02513645399781 7.381413642403071 24.6
    endloop
  endfacet
  facet normal 0 0 1
    outer loop
      vertex 46.207 3.9112504626203446 24.6
      vertex 46.378181241970324 4.022416860968852 24.6
      vertex 46.207 7.288749537379655 24.6
    endloop
  endfacet
  facet normal 0 0 1
    outer loop
      vertex 46.378181241970324 4.022416860968852 24.6
      vertex 46.536804682399776 4.150867590319081 24.6
      vertex 46.378181241970324 7.177583139031147 24.6
    endloop
  endfacet
  facet normal 0 0 1
    outer loop
      vertex 46.536804682399776 4.150867590319081 24.6
      vertex 46.68113240968092 4.295195317600227 24.6
      vertex 46.536804682399776 7.049132409680919 24.6
    endloop
  endfacet
  facet normal 0 0 1
    outer loop
      vertex 46.68113240968092 4.295195317600227 24.6
      vertex 46.80958313903115 4.453818758029677 24.6
      vertex 46.68113240968092 6.904804682399773 24.6
    endloop
  endfacet
  facet normal 0 0 1
    outer loop
      vertex 46.80958313903115 4.453818758029677 24.6
      vertex 46.920749537379656 4.625 24.6
      vertex 46.80958313903115 6.746181241970322 24.6
    endloop
  endfacet
  facet normal 0 0 1
    outer loop
      vertex 46.920749537379656 4.625 24.6
      vertex 47.01341364240307 4.806863546002189 24.6
      vertex 46.920749537379656 6.574999999999999 24.6
    endloop
  endfacet
  facet normal 0 0 1
    outer loop
      vertex 47.01341364240307 4.806863546002189 24.6
      vertex 47.08656020677555 4.997416860968852 24.6
      vertex 47.01341364240307 6.39313645399781 24.6
    endloop
  endfacet
  facet normal 0 0 1
    outer loop
      vertex 47.08656020677555 4.997416860968852 24.6
      vertex 47.13938782143092 5.194572202905369 24.6
      vertex 47.08656020677555 6.202583139031147 24.6
    endloop
  endfacet
  facet normal 0 0 1
    outer loop
      vertex 47.13938782143092 5.194572202905369 24.6
      vertex 47.171317695968135 5.396169496628075 24.6
      vertex 47.13938782143092 6.00542779709463 24.6
    endloop
  endfacet
  facet normal 0 0 1
    outer loop
      vertex 47.171317695968135 5.396169496628075 24.6
      vertex 47.182 5.6 24.6
      vertex 47.171317695968135 5.803830503371924 24.6
    endloop
  endfacet
  facet normal 0 0 -1
    outer loop
      vertex 41.99980384005311 5.260282494380126 9.6
      vertex 41.99980384005311 5.939717505619873 9.6
      vertex 42.053020297615134 6.2757129951577175 9.6
    endloop
  endfacet
  facet normal 0 0 -1
    outer loop
      vertex 42.053020297615134 4.924287004842282 9.6
      vertex 42.053020297615134 6.2757129951577175 9.6
      vertex 42.14106632204075 6.604305231718579 9.6
    endloop
  endfacet
  facet normal -0.9986295347545737 0.05233595624294548 0
    outer loop
      vertex 41.982 5.6 9.6
      vertex 41.99980384005311 5.939717505619873 14.8
      vertex 41.99980384005311 5.939717505619873 9.6
    endloop
  endfacet
  facet normal 0 0 -1
    outer loop
      vertex 42.14106632204075 4.595694768281421 9.6
      vertex 42.14106632204075 6.604305231718579 9.6
      vertex 42.26297726266154 6.92189408999635 9.6
    endloop
  endfacet
  facet normal 0 0 -1
    outer loop
      vertex 42.26297726266154 4.278105910003649 9.6
      vertex 42.26297726266154 6.92189408999635 9.6
      vertex 42.41741743770057 7.225 9.6
    endloop
  endfacet
  facet normal 0 0 -1
    outer loop
      vertex 42.41741743770057 3.9749999999999996 9.6
      vertex 42.41741743770057 7.225 9.6
      vertex 42.602694768281424 7.510302069950537 9.6
    endloop
  endfacet
  facet normal 0 0 -1
    outer loop
      vertex 42.602694768281424 3.689697930049462 9.6
      vertex 42.602694768281424 7.510302069950537 9.6
      vertex 42.81677931719847 7.774674470666289 9.6
    endloop
  endfacet
  facet normal 0 0 -1
    outer loop
      vertex 42.81677931719847 3.42532552933371 9.6
      vertex 42.81677931719847 7.774674470666289 9.6
      vertex 43.05732552933371 8.01522068280153 9.6
    endloop
  endfacet
  facet normal -0.9876883405951364 0.1564344650402388 0
    outer loop
      vertex 41.99980384005311 5.939717505619873 9.6
      vertex 42.053020297615134 6.2757129951577175 14.8
      vertex 42.053020297615134 6.2757129951577175 9.6
    endloop
  endfacet
  facet normal -0.9986295347545737 0.05233595624294548 0
    outer loop
      vertex 41.982 5.6 9.6
      vertex 41.982 5.6 14.8
      vertex 41.99980384005311 5.939717505619873 14.8
    endloop
  endfacet
  facet normal -0.9876883405951364 0.1564344650402388 0
    outer loop
      vertex 41.99980384005311 5.939717505619873 9.6
      vertex 41.99980384005311 5.939717505619873 14.8
      vertex 42.053020297615134 6.2757129951577175 14.8
    endloop
  endfacet
  facet normal -0.965925826289071 0.25881904510251097 0
    outer loop
      vertex 42.053020297615134 6.2757129951577175 9.6
      vertex 42.053020297615134 6.2757129951577175 14.8
      vertex 42.14106632204075 6.604305231718579 14.8
    endloop
  endfacet
  facet normal 0 0 -1
    outer loop
      vertex 43.05732552933371 3.184779317198468 9.6
      vertex 43.05732552933371 8.01522068280153 9.6
      vertex 43.32169793004946 8.229305231718579 9.6
    endloop
  endfacet
  facet normal 0 0 -1
    outer loop
      vertex 43.32169793004946 2.9706947682814207 9.6
      vertex 43.32169793004946 8.229305231718579 9.6
      vertex 43.607 8.414582562299426 9.6
    endloop
  endfacet
  facet normal 0 0 -1
    outer loop
      vertex 43.607 2.7854174377005743 9.6
      vertex 43.607 8.414582562299426 9.6
      vertex 43.91010591000365 8.569022737338452 9.6
    endloop
  endfacet
  facet normal 0 0 -1
    outer loop
      vertex 43.91010591000365 2.630977262661547 9.6
      vertex 43.91010591000365 8.569022737338452 9.6
      vertex 44.227694768281424 8.690933677959249 9.6
    endloop
  endfacet
  facet normal -0.965925826289071 0.25881904510251097 0
    outer loop
      vertex 42.053020297615134 6.2757129951577175 9.6
      vertex 42.14106632204075 6.604305231718579 14.8
      vertex 42.14106632204075 6.604305231718579 9.6
    endloop
  endfacet
  facet normal -0.9335804264972044 0.3583679495452935 0
    outer loop
      vertex 42.14106632204075 6.604305231718579 9.6
      vertex 42.26297726266154 6.92189408999635 14.8
      vertex 42.26297726266154 6.92189408999635 9.6
    endloop
  endfacet
  facet normal -0.8910065241883675 0.4539904997395476 0
    outer loop
      vertex 42.26297726266154 6.92189408999635 9.6
      vertex 42.41741743770057 7.225 14.8
      vertex 42.41741743770057 7.225 9.6
    endloop
  endfacet
  facet normal -0.9335804264972044 0.3583679495452935 0
    outer loop
      vertex 42.14106632204075 6.604305231718579 9.6
      vertex 42.14106632204075 6.604305231718579 14.8
      vertex 42.26297726266154 6.92189408999635 14.8
    endloop
  endfacet
  facet normal -0.8910065241883675 0.4539904997395476 0
    outer loop
      vertex 42.26297726266154 6.92189408999635 9.6
      vertex 42.26297726266154 6.92189408999635 14.8
      vertex 42.41741743770057 7.225 14.8
    endloop
  endfacet
  facet normal 0 0 -1
    outer loop
      vertex 47.14230206995054 2.9706947682814207 9.6
      vertex 47.14230206995054 8.229305231718579 9.6
      vertex 47.40667447066629 8.01522068280153 9.6
    endloop
  endfacet
  facet normal 0 0 -1
    outer loop
      vertex 48.410979702384864 4.924287004842282 9.6
      vertex 48.410979702384864 6.2757129951577175 9.6
      vertex 48.46419615994689 5.939717505619873 9.6
    endloop
  endfacet
  facet normal 0 0 -1
    outer loop
      vertex 48.201022737338455 4.278105910003649 9.6
      vertex 48.201022737338455 6.92189408999635 9.6
      vertex 48.32293367795925 6.604305231718579 9.6
    endloop
  endfacet
  facet normal 0 0 -1
    outer loop
      vertex 48.32293367795925 4.595694768281421 9.6
      vertex 48.32293367795925 6.604305231718579 9.6
      vertex 48.410979702384864 6.2757129951577175 9.6
    endloop
  endfacet
  facet normal 0.9986295347545737 0.05233595624294548 0
    outer loop
      vertex 48.482 5.6 9.6
      vertex 48.46419615994689 5.939717505619873 9.6
      vertex 48.482 5.6 14.8
    endloop
  endfacet
  facet normal 0 0 -1
    outer loop
      vertex 48.04658256229943 3.9749999999999996 9.6
      vertex 48.04658256229943 7.225 9.6
      vertex 48.201022737338455 6.92189408999635 9.6
    endloop
  endfacet
  facet normal 0 0 -1
    outer loop
      vertex 47.861305231718575 3.689697930049462 9.6
      vertex 47.861305231718575 7.510302069950537 9.6
      vertex 48.04658256229943 7.225 9.6
    endloop
  endfacet
  facet normal 0 0 -1
    outer loop
      vertex 47.64722068280153 3.42532552933371 9.6
      vertex 47.64722068280153 7.774674470666289 9.6
      vertex 47.861305231718575 7.510302069950537 9.6
    endloop
  endfacet
  facet normal 0 0 -1
    outer loop
      vertex 47.40667447066629 3.184779317198468 9.6
      vertex 47.40667447066629 8.01522068280153 9.6
      vertex 47.64722068280153 7.774674470666289 9.6
    endloop
  endfacet
  facet normal 0.9876883405951364 0.1564344650402388 0
    outer loop
      vertex 48.46419615994689 5.939717505619873 9.6
      vertex 48.410979702384864 6.2757129951577175 9.6
      vertex 48.46419615994689 5.939717505619873 14.8
    endloop
  endfacet
  facet normal 0.965925826289071 0.25881904510251097 0
    outer loop
      vertex 48.410979702384864 6.2757129951577175 9.6
      vertex 48.32293367795925 6.604305231718579 9.6
      vertex 48.410979702384864 6.2757129951577175 14.8
    endloop
  endfacet
  facet normal 0.9986295347545737 0.05233595624294548 0
    outer loop
      vertex 48.46419615994689 5.939717505619873 9.6
      vertex 48.46419615994689 5.939717505619873 14.8
      vertex 48.482 5.6 14.8
    endloop
  endfacet
  facet normal 0.9876883405951364 0.1564344650402388 0
    outer loop
      vertex 48.410979702384864 6.2757129951577175 9.6
      vertex 48.410979702384864 6.2757129951577175 14.8
      vertex 48.46419615994689 5.939717505619873 14.8
    endloop
  endfacet
  facet normal 0 0 -1
    outer loop
      vertex 44.227694768281424 2.5090663220407508 9.6
      vertex 44.227694768281424 8.690933677959249 9.6
      vertex 44.55628700484228 8.778979702384868 9.6
    endloop
  endfacet
  facet normal 0 0 -1
    outer loop
      vertex 44.55628700484228 2.421020297615131 9.6
      vertex 44.55628700484228 8.778979702384868 9.6
      vertex 44.892282494380126 8.832196159946887 9.6
    endloop
  endfacet
  facet normal 0 0 -1
    outer loop
      vertex 44.892282494380126 2.3678038400531114 9.6
      vertex 44.892282494380126 8.832196159946887 9.6
      vertex 45.232 8.85 9.6
    endloop
  endfacet
  facet normal 0 0 -1
    outer loop
      vertex 45.57171750561987 2.3678038400531114 9.6
      vertex 45.57171750561987 8.832196159946887 9.6
      vertex 45.907712995157716 8.778979702384868 9.6
    endloop
  endfacet
  facet normal 0 0 -1
    outer loop
      vertex 45.232 2.3499999999999996 9.6
      vertex 45.232 8.85 9.6
      vertex 45.57171750561987 8.832196159946887 9.6
    endloop
  endfacet
  facet normal 0 0 -1
    outer loop
      vertex 46.236305231718575 2.5090663220407508 9.6
      vertex 46.236305231718575 8.690933677959249 9.6
      vertex 46.55389408999635 8.569022737338452 9.6
    endloop
  endfacet
  facet normal 0 0 -1
    outer loop
      vertex 46.857 2.7854174377005743 9.6
      vertex 46.857 8.414582562299426 9.6
      vertex 47.14230206995054 8.229305231718579 9.6
    endloop
  endfacet
  facet normal 0 0 -1
    outer loop
      vertex 46.55389408999635 2.630977262661547 9.6
      vertex 46.55389408999635 8.569022737338452 9.6
      vertex 46.857 8.414582562299426 9.6
    endloop
  endfacet
  facet normal 0 0 -1
    outer loop
      vertex 45.907712995157716 2.421020297615131 9.6
      vertex 45.907712995157716 8.778979702384868 9.6
      vertex 46.236305231718575 8.690933677959249 9.6
    endloop
  endfacet
  facet normal 0.9335804264972044 0.3583679495452935 0
    outer loop
      vertex 48.32293367795925 6.604305231718579 9.6
      vertex 48.201022737338455 6.92189408999635 9.6
      vertex 48.32293367795925 6.604305231718579 14.8
    endloop
  endfacet
  facet normal 0.8910065241883675 0.4539904997395476 0
    outer loop
      vertex 48.201022737338455 6.92189408999635 9.6
      vertex 48.04658256229943 7.225 9.6
      vertex 48.201022737338455 6.92189408999635 14.8
    endloop
  endfacet
  facet normal 0.965925826289071 0.25881904510251097 0
    outer loop
      vertex 48.32293367795925 6.604305231718579 9.6
      vertex 48.32293367795925 6.604305231718579 14.8
      vertex 48.410979702384864 6.2757129951577175 14.8
    endloop
  endfacet
  facet normal 0.9335804264972044 0.3583679495452935 0
    outer loop
      vertex 48.201022737338455 6.92189408999635 9.6
      vertex 48.201022737338455 6.92189408999635 14.8
      vertex 48.32293367795925 6.604305231718579 14.8
    endloop
  endfacet
  facet normal 0.8910065241883675 0.4539904997395476 0
    outer loop
      vertex 48.04658256229943 7.225 9.6
      vertex 48.04658256229943 7.225 14.8
      vertex 48.201022737338455 6.92189408999635 14.8
    endloop
  endfacet
  facet normal 0 0 1
    outer loop
      vertex 42.053020297615134 4.924287004842282 14.8
      vertex 42.053020297615134 6.2757129951577175 14.8
      vertex 41.99980384005311 5.939717505619873 14.8
    endloop
  endfacet
  facet normal 0 0 1
    outer loop
      vertex 42.14106632204075 4.595694768281421 14.8
      vertex 42.14106632204075 6.604305231718579 14.8
      vertex 42.053020297615134 6.2757129951577175 14.8
    endloop
  endfacet
  facet normal 0 0 1
    outer loop
      vertex 42.26297726266154 4.278105910003649 14.8
      vertex 42.26297726266154 6.92189408999635 14.8
      vertex 42.14106632204075 6.604305231718579 14.8
    endloop
  endfacet
  facet normal 0 0 1
    outer loop
      vertex 42.41741743770057 3.9749999999999996 14.8
      vertex 42.41741743770057 7.225 14.8
      vertex 42.26297726266154 6.92189408999635 14.8
    endloop
  endfacet
  facet normal 0 0 1
    outer loop
      vertex 42.602694768281424 3.689697930049462 14.8
      vertex 42.602694768281424 7.510302069950537 14.8
      vertex 42.41741743770057 7.225 14.8
    endloop
  endfacet
  facet normal 0 0 1
    outer loop
      vertex 42.81677931719847 3.42532552933371 14.8
      vertex 42.81677931719847 7.774674470666289 14.8
      vertex 42.602694768281424 7.510302069950537 14.8
    endloop
  endfacet
  facet normal 0 0 1
    outer loop
      vertex 43.05732552933371 3.184779317198468 14.8
      vertex 43.05732552933371 8.01522068280153 14.8
      vertex 42.81677931719847 7.774674470666289 14.8
    endloop
  endfacet
  facet normal 0 0 1
    outer loop
      vertex 43.05732552933371 8.01522068280153 14.8
      vertex 43.292682304031864 5.396169496628075 14.8
      vertex 43.282 5.6 14.8
    endloop
  endfacet
  facet normal 0 0 1
    outer loop
      vertex 43.05732552933371 8.01522068280153 14.8
      vertex 43.282 5.6 14.8
      vertex 43.292682304031864 5.803830503371924 14.8
    endloop
  endfacet
  facet normal 0 0 1
    outer loop
      vertex 43.32169793004946 8.229305231718579 14.8
      vertex 43.292682304031864 5.803830503371924 14.8
      vertex 43.324612178569076 6.00542779709463 14.8
    endloop
  endfacet
  facet normal 0 0 1
    outer loop
      vertex 43.32169793004946 8.229305231718579 14.8
      vertex 43.324612178569076 6.00542779709463 14.8
      vertex 43.37743979322445 6.202583139031147 14.8
    endloop
  endfacet
  facet normal 0 0 1
    outer loop
      vertex 43.32169793004946 8.229305231718579 14.8
      vertex 43.37743979322445 6.202583139031147 14.8
      vertex 43.450586357596926 6.39313645399781 14.8
    endloop
  endfacet
  facet normal 0 0 1
    outer loop
      vertex 43.32169793004946 8.229305231718579 14.8
      vertex 43.450586357596926 6.39313645399781 14.8
      vertex 43.54325046262034 6.574999999999999 14.8
    endloop
  endfacet
  facet normal 0 0 1
    outer loop
      vertex 47.40667447066629 3.184779317198468 14.8
      vertex 47.14230206995054 8.229305231718579 14.8
      vertex 47.171317695968135 5.803830503371924 14.8
    endloop
  endfacet
  facet normal 0 0 1
    outer loop
      vertex 48.46419615994689 5.260282494380126 14.8
      vertex 48.46419615994689 5.939717505619873 14.8
      vertex 48.410979702384864 6.2757129951577175 14.8
    endloop
  endfacet
  facet normal 0 0 1
    outer loop
      vertex 48.410979702384864 4.924287004842282 14.8
      vertex 48.410979702384864 6.2757129951577175 14.8
      vertex 48.32293367795925 6.604305231718579 14.8
    endloop
  endfacet
  facet normal 0 0 1
    outer loop
      vertex 48.32293367795925 4.595694768281421 14.8
      vertex 48.32293367795925 6.604305231718579 14.8
      vertex 48.201022737338455 6.92189408999635 14.8
    endloop
  endfacet
  facet normal 0 0 1
    outer loop
      vertex 48.201022737338455 4.278105910003649 14.8
      vertex 48.201022737338455 6.92189408999635 14.8
      vertex 48.04658256229943 7.225 14.8
    endloop
  endfacet
  facet normal 0 0 1
    outer loop
      vertex 48.04658256229943 3.9749999999999996 14.8
      vertex 48.04658256229943 7.225 14.8
      vertex 47.861305231718575 7.510302069950537 14.8
    endloop
  endfacet
  facet normal 0 0 1
    outer loop
      vertex 47.861305231718575 3.689697930049462 14.8
      vertex 47.861305231718575 7.510302069950537 14.8
      vertex 47.64722068280153 7.774674470666289 14.8
    endloop
  endfacet
  facet normal 0 0 1
    outer loop
      vertex 47.64722068280153 3.42532552933371 14.8
      vertex 47.64722068280153 7.774674470666289 14.8
      vertex 47.40667447066629 8.01522068280153 14.8
    endloop
  endfacet
  facet normal 0 0 1
    outer loop
      vertex 47.40667447066629 3.184779317198468 14.8
      vertex 47.40667447066629 8.01522068280153 14.8
      vertex 47.14230206995054 8.229305231718579 14.8
    endloop
  endfacet
  facet normal 0 0 1
    outer loop
      vertex 47.14230206995054 8.229305231718579 14.8
      vertex 47.13938782143092 6.00542779709463 14.8
      vertex 47.171317695968135 5.803830503371924 14.8
    endloop
  endfacet
  facet normal 0 0 1
    outer loop
      vertex 47.14230206995054 8.229305231718579 14.8
      vertex 47.08656020677555 6.202583139031147 14.8
      vertex 47.13938782143092 6.00542779709463 14.8
    endloop
  endfacet
  facet normal 0 0 1
    outer loop
      vertex 47.14230206995054 8.229305231718579 14.8
      vertex 47.01341364240307 6.39313645399781 14.8
      vertex 47.08656020677555 6.202583139031147 14.8
    endloop
  endfacet
  facet normal 0 0 1
    outer loop
      vertex 47.14230206995054 8.229305231718579 14.8
      vertex 46.920749537379656 6.574999999999999 14.8
      vertex 47.01341364240307 6.39313645399781 14.8
    endloop
  endfacet
  facet normal -0.8386705679454156 0.54463903501504 0
    outer loop
      vertex 42.41741743770057 7.225 9.6
      vertex 42.602694768281424 7.510302069950537 14.8
      vertex 42.602694768281424 7.510302069950537 9.6
    endloop
  endfacet
  facet normal -0.7771459614569783 0.6293203910498284 0
    outer loop
      vertex 42.602694768281424 7.510302069950537 9.6
      vertex 42.81677931719847 7.774674470666289 14.8
      vertex 42.81677931719847 7.774674470666289 9.6
    endloop
  endfacet
  facet normal -0.7071067811865449 0.7071067811865502 0
    outer loop
      vertex 42.81677931719847 7.774674470666289 9.6
      vertex 43.05732552933371 8.01522068280153 14.8
      vertex 43.05732552933371 8.01522068280153 9.6
    endloop
  endfacet
  facet normal -0.8386705679454156 0.54463903501504 0
    outer loop
      vertex 42.41741743770057 7.225 9.6
      vertex 42.41741743770057 7.225 14.8
      vertex 42.602694768281424 7.510302069950537 14.8
    endloop
  endfacet
  facet normal -0.7771459614569783 0.6293203910498284 0
    outer loop
      vertex 42.602694768281424 7.510302069950537 9.6
      vertex 42.602694768281424 7.510302069950537 14.8
      vertex 42.81677931719847 7.774674470666289 14.8
    endloop
  endfacet
  facet normal -0.7071067811865449 0.7071067811865502 0
    outer loop
      vertex 42.81677931719847 7.774674470666289 9.6
      vertex 42.81677931719847 7.774674470666289 14.8
      vertex 43.05732552933371 8.01522068280153 14.8
    endloop
  endfacet
  facet normal -0.6293203910498404 0.7771459614569685 0
    outer loop
      vertex 43.05732552933371 8.01522068280153 9.6
      vertex 43.05732552933371 8.01522068280153 14.8
      vertex 43.32169793004946 8.229305231718579 9.6
    endloop
  endfacet
  facet normal -0.5446390350150265 0.8386705679454244 0
    outer loop
      vertex 43.32169793004946 8.229305231718579 9.6
      vertex 43.32169793004946 8.229305231718579 14.8
      vertex 43.607 8.414582562299426 9.6
    endloop
  endfacet
  facet normal -0.4539904997395413 0.8910065241883707 0
    outer loop
      vertex 43.607 8.414582562299426 9.6
      vertex 43.607 8.414582562299426 14.8
      vertex 43.91010591000365 8.569022737338452 9.6
    endloop
  endfacet
  facet normal -0.35836794954530077 0.9335804264972014 0
    outer loop
      vertex 43.91010591000365 8.569022737338452 9.6
      vertex 43.91010591000365 8.569022737338452 14.8
      vertex 44.227694768281424 8.690933677959249 9.6
    endloop
  endfacet
  facet normal -0.6293203910498404 0.7771459614569685 0
    outer loop
      vertex 43.32169793004946 8.229305231718579 9.6
      vertex 43.05732552933371 8.01522068280153 14.8
      vertex 43.32169793004946 8.229305231718579 14.8
    endloop
  endfacet
  facet normal -0.5446390350150265 0.8386705679454244 0
    outer loop
      vertex 43.607 8.414582562299426 9.6
      vertex 43.32169793004946 8.229305231718579 14.8
      vertex 43.607 8.414582562299426 14.8
    endloop
  endfacet
  facet normal -0.4539904997395413 0.8910065241883707 0
    outer loop
      vertex 43.91010591000365 8.569022737338452 9.6
      vertex 43.607 8.414582562299426 14.8
      vertex 43.91010591000365 8.569022737338452 14.8
    endloop
  endfacet
  facet normal 0.8386705679454156 0.54463903501504 0
    outer loop
      vertex 47.861305231718575 7.510302069950537 9.6
      vertex 48.04658256229943 7.225 14.8
      vertex 48.04658256229943 7.225 9.6
    endloop
  endfacet
  facet normal 0.7771459614569783 0.6293203910498284 0
    outer loop
      vertex 47.64722068280153 7.774674470666289 9.6
      vertex 47.861305231718575 7.510302069950537 14.8
      vertex 47.861305231718575 7.510302069950537 9.6
    endloop
  endfacet
  facet normal 0.7071067811865449 0.7071067811865502 0
    outer loop
      vertex 47.40667447066629 8.01522068280153 9.6
      vertex 47.64722068280153 7.774674470666289 14.8
      vertex 47.64722068280153 7.774674470666289 9.6
    endloop
  endfacet
  facet normal 0.8386705679454156 0.54463903501504 0
    outer loop
      vertex 47.861305231718575 7.510302069950537 9.6
      vertex 47.861305231718575 7.510302069950537 14.8
      vertex 48.04658256229943 7.225 14.8
    endloop
  endfacet
  facet normal 0.7771459614569783 0.6293203910498284 0
    outer loop
      vertex 47.64722068280153 7.774674470666289 9.6
      vertex 47.64722068280153 7.774674470666289 14.8
      vertex 47.861305231718575 7.510302069950537 14.8
    endloop
  endfacet
  facet normal 0.7071067811865449 0.7071067811865502 0
    outer loop
      vertex 47.40667447066629 8.01522068280153 9.6
      vertex 47.40667447066629 8.01522068280153 14.8
      vertex 47.64722068280153 7.774674470666289 14.8
    endloop
  endfacet
  facet normal 0.6293203910498404 0.7771459614569685 0
    outer loop
      vertex 47.40667447066629 8.01522068280153 9.6
      vertex 47.14230206995054 8.229305231718579 9.6
      vertex 47.14230206995054 8.229305231718579 14.8
    endloop
  endfacet
  facet normal 0.5446390350150265 0.8386705679454244 0
    outer loop
      vertex 46.857 8.414582562299426 9.6
      vertex 46.857 8.414582562299426 14.8
      vertex 47.14230206995054 8.229305231718579 9.6
    endloop
  endfacet
  facet normal -0.2588190451025226 0.9659258262890678 0
    outer loop
      vertex 44.227694768281424 8.690933677959249 9.6
      vertex 44.227694768281424 8.690933677959249 14.8
      vertex 44.55628700484228 8.778979702384868 9.6
    endloop
  endfacet
  facet normal -0.156434465040229 0.987688340595138 0
    outer loop
      vertex 44.55628700484228 8.778979702384868 9.6
      vertex 44.55628700484228 8.778979702384868 14.8
      vertex 44.892282494380126 8.832196159946887 9.6
    endloop
  endfacet
  facet normal -0.05233595624294548 0.9986295347545737 0
    outer loop
      vertex 44.892282494380126 8.832196159946887 9.6
      vertex 44.892282494380126 8.832196159946887 14.8
      vertex 45.232 8.85 9.6
    endloop
  endfacet
  facet normal 0.05233595624294548 0.9986295347545737 0
    outer loop
      vertex 45.232 8.85 9.6
      vertex 45.232 8.85 14.8
      vertex 45.57171750561987 8.832196159946887 9.6
    endloop
  endfacet
  facet normal 0.156434465040229 0.987688340595138 0
    outer loop
      vertex 45.57171750561987 8.832196159946887 9.6
      vertex 45.57171750561987 8.832196159946887 14.8
      vertex 45.907712995157716 8.778979702384868 9.6
    endloop
  endfacet
  facet normal 0.4539904997395413 0.8910065241883707 0
    outer loop
      vertex 46.55389408999635 8.569022737338452 9.6
      vertex 46.55389408999635 8.569022737338452 14.8
      vertex 46.857 8.414582562299426 9.6
    endloop
  endfacet
  facet normal 0.35836794954530077 0.9335804264972014 0
    outer loop
      vertex 46.236305231718575 8.690933677959249 9.6
      vertex 46.236305231718575 8.690933677959249 14.8
      vertex 46.55389408999635 8.569022737338452 9.6
    endloop
  endfacet
  facet normal 0.2588190451025226 0.9659258262890678 0
    outer loop
      vertex 45.907712995157716 8.778979702384868 9.6
      vertex 45.907712995157716 8.778979702384868 14.8
      vertex 46.236305231718575 8.690933677959249 9.6
    endloop
  endfacet
  facet normal 0.6293203910498404 0.7771459614569685 0
    outer loop
      vertex 47.40667447066629 8.01522068280153 9.6
      vertex 47.14230206995054 8.229305231718579 14.8
      vertex 47.40667447066629 8.01522068280153 14.8
    endloop
  endfacet
  facet normal 0.5446390350150265 0.8386705679454244 0
    outer loop
      vertex 47.14230206995054 8.229305231718579 9.6
      vertex 46.857 8.414582562299426 14.8
      vertex 47.14230206995054 8.229305231718579 14.8
    endloop
  endfacet
  facet normal -0.35836794954530077 0.9335804264972014 0
    outer loop
      vertex 44.227694768281424 8.690933677959249 9.6
      vertex 43.91010591000365 8.569022737338452 14.8
      vertex 44.227694768281424 8.690933677959249 14.8
    endloop
  endfacet
  facet normal -0.2588190451025226 0.9659258262890678 0
    outer loop
      vertex 44.55628700484228 8.778979702384868 9.6
      vertex 44.227694768281424 8.690933677959249 14.8
      vertex 44.55628700484228 8.778979702384868 14.8
    endloop
  endfacet
  facet normal -0.156434465040229 0.987688340595138 0
    outer loop
      vertex 44.892282494380126 8.832196159946887 9.6
      vertex 44.55628700484228 8.778979702384868 14.8
      vertex 44.892282494380126 8.832196159946887 14.8
    endloop
  endfacet
  facet normal -0.05233595624294548 0.9986295347545737 0
    outer loop
      vertex 44.892282494380126 8.832196159946887 14.8
      vertex 45.232 8.85 14.8
      vertex 45.232 8.85 9.6
    endloop
  endfacet
  facet normal 0.05233595624294548 0.9986295347545737 0
    outer loop
      vertex 45.57171750561987 8.832196159946887 9.6
      vertex 45.232 8.85 14.8
      vertex 45.57171750561987 8.832196159946887 14.8
    endloop
  endfacet
  facet normal 0.35836794954530077 0.9335804264972014 0
    outer loop
      vertex 46.55389408999635 8.569022737338452 9.6
      vertex 46.236305231718575 8.690933677959249 14.8
      vertex 46.55389408999635 8.569022737338452 14.8
    endloop
  endfacet
  facet normal 0.4539904997395413 0.8910065241883707 0
    outer loop
      vertex 46.857 8.414582562299426 9.6
      vertex 46.55389408999635 8.569022737338452 14.8
      vertex 46.857 8.414582562299426 14.8
    endloop
  endfacet
  facet normal 0.2588190451025226 0.9659258262890678 0
    outer loop
      vertex 46.236305231718575 8.690933677959249 9.6
      vertex 45.907712995157716 8.778979702384868 14.8
      vertex 46.236305231718575 8.690933677959249 14.8
    endloop
  endfacet
  facet normal 0.156434465040229 0.987688340595138 0
    outer loop
      vertex 45.907712995157716 8.778979702384868 9.6
      vertex 45.57171750561987 8.832196159946887 14.8
      vertex 45.907712995157716 8.778979702384868 14.8
    endloop
  endfacet
  facet normal 0 0 1
    outer loop
      vertex 43.607 8.414582562299426 14.8
      vertex 43.54325046262034 6.574999999999999 14.8
      vertex 43.65441686096885 6.746181241970322 14.8
    endloop
  endfacet
  facet normal 0 0 1
    outer loop
      vertex 43.05732552933371 8.01522068280153 14.8
      vertex 43.292682304031864 5.803830503371924 14.8
      vertex 43.32169793004946 8.229305231718579 14.8
    endloop
  endfacet
  facet normal 0 0 1
    outer loop
      vertex 43.607 8.414582562299426 14.8
      vertex 43.65441686096885 6.746181241970322 14.8
      vertex 43.78286759031908 6.904804682399773 14.8
    endloop
  endfacet
  facet normal 0 0 1
    outer loop
      vertex 43.91010591000365 8.569022737338452 14.8
      vertex 43.78286759031908 6.904804682399773 14.8
      vertex 43.92719531760022 7.049132409680919 14.8
    endloop
  endfacet
  facet normal 0 0 1
    outer loop
      vertex 43.91010591000365 8.569022737338452 14.8
      vertex 43.92719531760022 7.049132409680919 14.8
      vertex 44.085818758029674 7.177583139031147 14.8
    endloop
  endfacet
  facet normal 0 0 1
    outer loop
      vertex 43.32169793004946 8.229305231718579 14.8
      vertex 43.54325046262034 6.574999999999999 14.8
      vertex 43.607 8.414582562299426 14.8
    endloop
  endfacet
  facet normal 0 0 1
    outer loop
      vertex 43.607 8.414582562299426 14.8
      vertex 43.78286759031908 6.904804682399773 14.8
      vertex 43.91010591000365 8.569022737338452 14.8
    endloop
  endfacet
  facet normal 0 0 1
    outer loop
      vertex 46.857 8.414582562299426 14.8
      vertex 46.80958313903115 6.746181241970322 14.8
      vertex 46.920749537379656 6.574999999999999 14.8
    endloop
  endfacet
  facet normal 0 0 1
    outer loop
      vertex 46.857 8.414582562299426 14.8
      vertex 46.68113240968092 6.904804682399773 14.8
      vertex 46.80958313903115 6.746181241970322 14.8
    endloop
  endfacet
  facet normal 0 0 1
    outer loop
      vertex 46.55389408999635 8.569022737338452 14.8
      vertex 46.378181241970324 7.177583139031147 14.8
      vertex 46.536804682399776 7.049132409680919 14.8
    endloop
  endfacet
  facet normal 0 0 1
    outer loop
      vertex 46.857 8.414582562299426 14.8
      vertex 46.536804682399776 7.049132409680919 14.8
      vertex 46.68113240968092 6.904804682399773 14.8
    endloop
  endfacet
  facet normal 0 0 1
    outer loop
      vertex 44.227694768281424 8.690933677959249 14.8
      vertex 44.085818758029674 7.177583139031147 14.8
      vertex 44.257 7.288749537379655 14.8
    endloop
  endfacet
  facet normal 0 0 1
    outer loop
      vertex 44.227694768281424 8.690933677959249 14.8
      vertex 44.257 7.288749537379655 14.8
      vertex 44.43886354600219 7.381413642403071 14.8
    endloop
  endfacet
  facet normal 0 0 1
    outer loop
      vertex 44.55628700484228 8.778979702384868 14.8
      vertex 44.43886354600219 7.381413642403071 14.8
      vertex 44.62941686096885 7.4545602067755485 14.8
    endloop
  endfacet
  facet normal 0 0 1
    outer loop
      vertex 44.55628700484228 8.778979702384868 14.8
      vertex 44.62941686096885 7.4545602067755485 14.8
      vertex 44.82657220290537 7.507387821430921 14.8
    endloop
  endfacet
  facet normal 0 0 1
    outer loop
      vertex 44.892282494380126 8.832196159946887 14.8
      vertex 44.82657220290537 7.507387821430921 14.8
      vertex 45.028169496628074 7.5393176959681325 14.8
    endloop
  endfacet
  facet normal 0 0 1
    outer loop
      vertex 44.892282494380126 8.832196159946887 14.8
      vertex 45.028169496628074 7.5393176959681325 14.8
      vertex 45.232 7.55 14.8
    endloop
  endfacet
  facet normal 0 0 1
    outer loop
      vertex 45.57171750561987 8.832196159946887 14.8
      vertex 45.232 7.55 14.8
      vertex 45.435830503371925 7.5393176959681325 14.8
    endloop
  endfacet
  facet normal 0 0 1
    outer loop
      vertex 45.57171750561987 8.832196159946887 14.8
      vertex 45.435830503371925 7.5393176959681325 14.8
      vertex 45.63742779709463 7.507387821430921 14.8
    endloop
  endfacet
  facet normal 0 0 1
    outer loop
      vertex 46.55389408999635 8.569022737338452 14.8
      vertex 46.207 7.288749537379655 14.8
      vertex 46.378181241970324 7.177583139031147 14.8
    endloop
  endfacet
  facet normal 0 0 1
    outer loop
      vertex 46.236305231718575 8.690933677959249 14.8
      vertex 46.02513645399781 7.381413642403071 14.8
      vertex 46.207 7.288749537379655 14.8
    endloop
  endfacet
  facet normal 0 0 1
    outer loop
      vertex 46.857 8.414582562299426 14.8
      vertex 46.920749537379656 6.574999999999999 14.8
      vertex 47.14230206995054 8.229305231718579 14.8
    endloop
  endfacet
  facet normal 0 0 1
    outer loop
      vertex 46.236305231718575 8.690933677959249 14.8
      vertex 45.834583139031146 7.4545602067755485 14.8
      vertex 46.02513645399781 7.381413642403071 14.8
    endloop
  endfacet
  facet normal 0 0 1
    outer loop
      vertex 45.907712995157716 8.778979702384868 14.8
      vertex 45.63742779709463 7.507387821430921 14.8
      vertex 45.834583139031146 7.4545602067755485 14.8
    endloop
  endfacet
  facet normal 0 0 1
    outer loop
      vertex 46.55389408999635 8.569022737338452 14.8
      vertex 46.536804682399776 7.049132409680919 14.8
      vertex 46.857 8.414582562299426 14.8
    endloop
  endfacet
  facet normal 0 0 1
    outer loop
      vertex 43.91010591000365 8.569022737338452 14.8
      vertex 44.085818758029674 7.177583139031147 14.8
      vertex 44.227694768281424 8.690933677959249 14.8
    endloop
  endfacet
  facet normal 0 0 1
    outer loop
      vertex 44.227694768281424 8.690933677959249 14.8
      vertex 44.43886354600219 7.381413642403071 14.8
      vertex 44.55628700484228 8.778979702384868 14.8
    endloop
  endfacet
  facet normal 0 0 1
    outer loop
      vertex 44.55628700484228 8.778979702384868 14.8
      vertex 44.82657220290537 7.507387821430921 14.8
      vertex 44.892282494380126 8.832196159946887 14.8
    endloop
  endfacet
  facet normal 0 0 1
    outer loop
      vertex 44.892282494380126 8.832196159946887 14.8
      vertex 45.232 7.55 14.8
      vertex 45.232 8.85 14.8
    endloop
  endfacet
  facet normal 0 0 1
    outer loop
      vertex 45.57171750561987 8.832196159946887 14.8
      vertex 45.63742779709463 7.507387821430921 14.8
      vertex 45.907712995157716 8.778979702384868 14.8
    endloop
  endfacet
  facet normal 0 0 1
    outer loop
      vertex 45.232 8.85 14.8
      vertex 45.232 7.55 14.8
      vertex 45.57171750561987 8.832196159946887 14.8
    endloop
  endfacet
  facet normal 0 0 1
    outer loop
      vertex 46.236305231718575 8.690933677959249 14.8
      vertex 46.207 7.288749537379655 14.8
      vertex 46.55389408999635 8.569022737338452 14.8
    endloop
  endfacet
  facet normal 0 0 1
    outer loop
      vertex 45.907712995157716 8.778979702384868 14.8
      vertex 45.834583139031146 7.4545602067755485 14.8
      vertex 46.236305231718575 8.690933677959249 14.8
    endloop
  endfacet
  facet normal -0.9986295347545738 0.05233595624294535 0
    outer loop
      vertex 43.292682304031864 5.803830503371924 24.6
      vertex 43.292682304031864 5.803830503371924 14.8
      vertex 43.282 5.6 14.8
    endloop
  endfacet
  facet normal -0.9876883405951375 0.15643446504023245 0
    outer loop
      vertex 43.324612178569076 6.00542779709463 24.6
      vertex 43.324612178569076 6.00542779709463 14.8
      vertex 43.292682304031864 5.803830503371924 14.8
    endloop
  endfacet
  facet normal -0.9659258262890692 0.25881904510251724 0
    outer loop
      vertex 43.37743979322445 6.202583139031147 24.6
      vertex 43.37743979322445 6.202583139031147 14.8
      vertex 43.324612178569076 6.00542779709463 14.8
    endloop
  endfacet
  facet normal -0.9335804264971999 0.3583679495453053 0
    outer loop
      vertex 43.450586357596926 6.39313645399781 24.6
      vertex 43.450586357596926 6.39313645399781 14.8
      vertex 43.37743979322445 6.202583139031147 14.8
    endloop
  endfacet
  facet normal -0.8910065241883666 0.45399049973954897 0
    outer loop
      vertex 43.54325046262034 6.574999999999999 24.6
      vertex 43.54325046262034 6.574999999999999 14.8
      vertex 43.450586357596926 6.39313645399781 14.8
    endloop
  endfacet
  facet normal -0.8386705679454222 0.5446390350150297 0
    outer loop
      vertex 43.65441686096885 6.746181241970322 24.6
      vertex 43.65441686096885 6.746181241970322 14.8
      vertex 43.54325046262034 6.574999999999999 14.8
    endloop
  endfacet
  facet normal -0.7771459614569739 0.6293203910498338 0
    outer loop
      vertex 43.78286759031908 6.904804682399773 24.6
      vertex 43.78286759031908 6.904804682399773 14.8
      vertex 43.65441686096885 6.746181241970322 14.8
    endloop
  endfacet
  facet normal -0.7071067811865518 0.7071067811865431 0
    outer loop
      vertex 43.92719531760022 7.049132409680919 24.6
      vertex 43.92719531760022 7.049132409680919 14.8
      vertex 43.78286759031908 6.904804682399773 14.8
    endloop
  endfacet
  facet normal 0.9986295347545738 0.05233595624294535 0
    outer loop
      vertex 47.182 5.6 24.6
      vertex 47.182 5.6 14.8
      vertex 47.171317695968135 5.803830503371924 14.8
    endloop
  endfacet
  facet normal 0.9876883405951375 0.15643446504023245 0
    outer loop
      vertex 47.171317695968135 5.803830503371924 24.6
      vertex 47.171317695968135 5.803830503371924 14.8
      vertex 47.13938782143092 6.00542779709463 14.8
    endloop
  endfacet
  facet normal 0.9659258262890692 0.25881904510251724 0
    outer loop
      vertex 47.13938782143092 6.00542779709463 24.6
      vertex 47.13938782143092 6.00542779709463 14.8
      vertex 47.08656020677555 6.202583139031147 14.8
    endloop
  endfacet
  facet normal 0.9335804264971999 0.3583679495453053 0
    outer loop
      vertex 47.08656020677555 6.202583139031147 24.6
      vertex 47.08656020677555 6.202583139031147 14.8
      vertex 47.01341364240307 6.39313645399781 14.8
    endloop
  endfacet
  facet normal 0.8910065241883666 0.45399049973954897 0
    outer loop
      vertex 47.01341364240307 6.39313645399781 24.6
      vertex 47.01341364240307 6.39313645399781 14.8
      vertex 46.920749537379656 6.574999999999999 14.8
    endloop
  endfacet
  facet normal 0.8386705679454222 0.5446390350150297 0
    outer loop
      vertex 46.920749537379656 6.574999999999999 24.6
      vertex 46.920749537379656 6.574999999999999 14.8
      vertex 46.80958313903115 6.746181241970322 14.8
    endloop
  endfacet
  facet normal 0.7771459614569739 0.6293203910498338 0
    outer loop
      vertex 46.80958313903115 6.746181241970322 24.6
      vertex 46.80958313903115 6.746181241970322 14.8
      vertex 46.68113240968092 6.904804682399773 14.8
    endloop
  endfacet
  facet normal -0.6293203910498343 0.7771459614569733 0
    outer loop
      vertex 44.085818758029674 7.177583139031147 24.6
      vertex 44.085818758029674 7.177583139031147 14.8
      vertex 43.92719531760022 7.049132409680919 14.8
    endloop
  endfacet
  facet normal 0.7071067811865518 0.7071067811865431 0
    outer loop
      vertex 46.68113240968092 6.904804682399773 24.6
      vertex 46.68113240968092 6.904804682399773 14.8
      vertex 46.536804682399776 7.049132409680919 14.8
    endloop
  endfacet
  facet normal 0.6293203910498343 0.7771459614569733 0
    outer loop
      vertex 46.536804682399776 7.049132409680919 24.6
      vertex 46.536804682399776 7.049132409680919 14.8
      vertex 46.378181241970324 7.177583139031147 14.8
    endloop
  endfacet
  facet normal 0.5446390350150246 0.8386705679454256 0
    outer loop
      vertex 46.378181241970324 7.177583139031147 24.6
      vertex 46.378181241970324 7.177583139031147 14.8
      vertex 46.207 7.288749537379655 14.8
    endloop
  endfacet
  facet normal -0.9986295347545738 0.05233595624294535 0
    outer loop
      vertex 43.282 5.6 24.6
      vertex 43.292682304031864 5.803830503371924 24.6
      vertex 43.282 5.6 14.8
    endloop
  endfacet
  facet normal -0.9876883405951375 0.15643446504023245 0
    outer loop
      vertex 43.292682304031864 5.803830503371924 24.6
      vertex 43.324612178569076 6.00542779709463 24.6
      vertex 43.292682304031864 5.803830503371924 14.8
    endloop
  endfacet
  facet normal -0.9659258262890692 0.25881904510251724 0
    outer loop
      vertex 43.324612178569076 6.00542779709463 24.6
      vertex 43.37743979322445 6.202583139031147 24.6
      vertex 43.324612178569076 6.00542779709463 14.8
    endloop
  endfacet
  facet normal -0.9335804264971999 0.3583679495453053 0
    outer loop
      vertex 43.37743979322445 6.202583139031147 24.6
      vertex 43.450586357596926 6.39313645399781 24.6
      vertex 43.37743979322445 6.202583139031147 14.8
    endloop
  endfacet
  facet normal 0 0 1
    outer loop
      vertex 43.324612178569076 5.194572202905369 24.6
      vertex 43.324612178569076 6.00542779709463 24.6
      vertex 43.292682304031864 5.803830503371924 24.6
    endloop
  endfacet
  facet normal 0 0 1
    outer loop
      vertex 43.37743979322445 4.997416860968852 24.6
      vertex 43.37743979322445 6.202583139031147 24.6
      vertex 43.324612178569076 6.00542779709463 24.6
    endloop
  endfacet
  facet normal 0 0 1
    outer loop
      vertex 43.450586357596926 4.806863546002189 24.6
      vertex 43.450586357596926 6.39313645399781 24.6
      vertex 43.37743979322445 6.202583139031147 24.6
    endloop
  endfacet
  facet normal 0 0 1
    outer loop
      vertex 43.54325046262034 4.625 24.6
      vertex 43.54325046262034 6.574999999999999 24.6
      vertex 43.450586357596926 6.39313645399781 24.6
    endloop
  endfacet
  facet normal 0 0 1
    outer loop
      vertex 43.65441686096885 4.453818758029677 24.6
      vertex 43.65441686096885 6.746181241970322 24.6
      vertex 43.54325046262034 6.574999999999999 24.6
    endloop
  endfacet
  facet normal 0 0 1
    outer loop
      vertex 43.78286759031908 4.295195317600227 24.6
      vertex 43.78286759031908 6.904804682399773 24.6
      vertex 43.65441686096885 6.746181241970322 24.6
    endloop
  endfacet
  facet normal 0 0 1
    outer loop
      vertex 43.92719531760022 4.150867590319081 24.6
      vertex 43.92719531760022 7.049132409680919 24.6
      vertex 43.78286759031908 6.904804682399773 24.6
    endloop
  endfacet
  facet normal -0.8910065241883666 0.45399049973954897 0
    outer loop
      vertex 43.450586357596926 6.39313645399781 24.6
      vertex 43.54325046262034 6.574999999999999 24.6
      vertex 43.450586357596926 6.39313645399781 14.8
    endloop
  endfacet
  facet normal -0.8386705679454222 0.5446390350150297 0
    outer loop
      vertex 43.54325046262034 6.574999999999999 24.6
      vertex 43.65441686096885 6.746181241970322 24.6
      vertex 43.54325046262034 6.574999999999999 14.8
    endloop
  endfacet
  facet normal -0.7771459614569739 0.6293203910498338 0
    outer loop
      vertex 43.65441686096885 6.746181241970322 24.6
      vertex 43.78286759031908 6.904804682399773 24.6
      vertex 43.65441686096885 6.746181241970322 14.8
    endloop
  endfacet
  facet normal -0.7071067811865518 0.7071067811865431 0
    outer loop
      vertex 43.78286759031908 6.904804682399773 24.6
      vertex 43.92719531760022 7.049132409680919 24.6
      vertex 43.78286759031908 6.904804682399773 14.8
    endloop
  endfacet
  facet normal -0.6293203910498343 0.7771459614569733 0
    outer loop
      vertex 43.92719531760022 7.049132409680919 24.6
      vertex 44.085818758029674 7.177583139031147 24.6
      vertex 43.92719531760022 7.049132409680919 14.8
    endloop
  endfacet
  facet normal 0.9986295347545738 0.05233595624294535 0
    outer loop
      vertex 47.182 5.6 24.6
      vertex 47.171317695968135 5.803830503371924 14.8
      vertex 47.171317695968135 5.803830503371924 24.6
    endloop
  endfacet
  facet normal 0.9876883405951375 0.15643446504023245 0
    outer loop
      vertex 47.171317695968135 5.803830503371924 24.6
      vertex 47.13938782143092 6.00542779709463 14.8
      vertex 47.13938782143092 6.00542779709463 24.6
    endloop
  endfacet
  facet normal 0.9659258262890692 0.25881904510251724 0
    outer loop
      vertex 47.13938782143092 6.00542779709463 24.6
      vertex 47.08656020677555 6.202583139031147 14.8
      vertex 47.08656020677555 6.202583139031147 24.6
    endloop
  endfacet
  facet normal 0.9335804264971999 0.3583679495453053 0
    outer loop
      vertex 47.08656020677555 6.202583139031147 24.6
      vertex 47.01341364240307 6.39313645399781 14.8
      vertex 47.01341364240307 6.39313645399781 24.6
    endloop
  endfacet
  facet normal 0 0 1
    outer loop
      vertex 47.171317695968135 5.396169496628075 24.6
      vertex 47.171317695968135 5.803830503371924 24.6
      vertex 47.13938782143092 6.00542779709463 24.6
    endloop
  endfacet
  facet normal 0 0 1
    outer loop
      vertex 47.13938782143092 5.194572202905369 24.6
      vertex 47.13938782143092 6.00542779709463 24.6
      vertex 47.08656020677555 6.202583139031147 24.6
    endloop
  endfacet
  facet normal 0 0 1
    outer loop
      vertex 47.08656020677555 4.997416860968852 24.6
      vertex 47.08656020677555 6.202583139031147 24.6
      vertex 47.01341364240307 6.39313645399781 24.6
    endloop
  endfacet
  facet normal 0 0 1
    outer loop
      vertex 47.01341364240307 4.806863546002189 24.6
      vertex 47.01341364240307 6.39313645399781 24.6
      vertex 46.920749537379656 6.574999999999999 24.6
    endloop
  endfacet
  facet normal 0 0 1
    outer loop
      vertex 46.920749537379656 4.625 24.6
      vertex 46.920749537379656 6.574999999999999 24.6
      vertex 46.80958313903115 6.746181241970322 24.6
    endloop
  endfacet
  facet normal 0 0 1
    outer loop
      vertex 44.085818758029674 4.022416860968852 24.6
      vertex 44.085818758029674 7.177583139031147 24.6
      vertex 43.92719531760022 7.049132409680919 24.6
    endloop
  endfacet
  facet normal 0 0 1
    outer loop
      vertex 44.257 3.9112504626203446 24.6
      vertex 44.257 7.288749537379655 24.6
      vertex 44.085818758029674 7.177583139031147 24.6
    endloop
  endfacet
  facet normal 0 0 1
    outer loop
      vertex 44.43886354600219 3.818586357596928 24.6
      vertex 44.43886354600219 7.381413642403071 24.6
      vertex 44.257 7.288749537379655 24.6
    endloop
  endfacet
  facet normal 0 0 1
    outer loop
      vertex 44.62941686096885 3.7454397932244503 24.6
      vertex 44.62941686096885 7.4545602067755485 24.6
      vertex 44.43886354600219 7.381413642403071 24.6
    endloop
  endfacet
  facet normal 0 0 1
    outer loop
      vertex 44.82657220290537 3.6926121785690786 24.6
      vertex 44.82657220290537 7.507387821430921 24.6
      vertex 44.62941686096885 7.4545602067755485 24.6
    endloop
  endfacet
  facet normal 0 0 1
    outer loop
      vertex 45.028169496628074 3.660682304031867 24.6
      vertex 45.028169496628074 7.5393176959681325 24.6
      vertex 44.82657220290537 7.507387821430921 24.6
    endloop
  endfacet
  facet normal 0 0 1
    outer loop
      vertex 45.028169496628074 7.5393176959681325 24.6
      vertex 45.232 3.6499999999999995 24.6
      vertex 45.232 7.55 24.6
    endloop
  endfacet
  facet normal 0 0 1
    outer loop
      vertex 45.435830503371925 3.660682304031867 24.6
      vertex 45.435830503371925 7.5393176959681325 24.6
      vertex 45.232 7.55 24.6
    endloop
  endfacet
  facet normal 0 0 1
    outer loop
      vertex 45.63742779709463 3.6926121785690786 24.6
      vertex 45.63742779709463 7.507387821430921 24.6
      vertex 45.435830503371925 7.5393176959681325 24.6
    endloop
  endfacet
  facet normal 0 0 1
    outer loop
      vertex 46.207 3.9112504626203446 24.6
      vertex 46.207 7.288749537379655 24.6
      vertex 46.02513645399781 7.381413642403071 24.6
    endloop
  endfacet
  facet normal 0 0 1
    outer loop
      vertex 46.536804682399776 4.150867590319081 24.6
      vertex 46.536804682399776 7.049132409680919 24.6
      vertex 46.378181241970324 7.177583139031147 24.6
    endloop
  endfacet
  facet normal 0 0 1
    outer loop
      vertex 46.378181241970324 4.022416860968852 24.6
      vertex 46.378181241970324 7.177583139031147 24.6
      vertex 46.207 7.288749537379655 24.6
    endloop
  endfacet
  facet normal 0 0 1
    outer loop
      vertex 46.80958313903115 4.453818758029677 24.6
      vertex 46.80958313903115 6.746181241970322 24.6
      vertex 46.68113240968092 6.904804682399773 24.6
    endloop
  endfacet
  facet normal 0 0 1
    outer loop
      vertex 46.68113240968092 4.295195317600227 24.6
      vertex 46.68113240968092 6.904804682399773 24.6
      vertex 46.536804682399776 7.049132409680919 24.6
    endloop
  endfacet
  facet normal 0 0 1
    outer loop
      vertex 45.834583139031146 3.7454397932244503 24.6
      vertex 45.834583139031146 7.4545602067755485 24.6
      vertex 45.63742779709463 7.507387821430921 24.6
    endloop
  endfacet
  facet normal 0 0 1
    outer loop
      vertex 46.02513645399781 3.818586357596928 24.6
      vertex 46.02513645399781 7.381413642403071 24.6
      vertex 45.834583139031146 7.4545602067755485 24.6
    endloop
  endfacet
  facet normal 0.8910065241883666 0.45399049973954897 0
    outer loop
      vertex 47.01341364240307 6.39313645399781 24.6
      vertex 46.920749537379656 6.574999999999999 14.8
      vertex 46.920749537379656 6.574999999999999 24.6
    endloop
  endfacet
  facet normal 0.8386705679454222 0.5446390350150297 0
    outer loop
      vertex 46.80958313903115 6.746181241970322 24.6
      vertex 46.920749537379656 6.574999999999999 24.6
      vertex 46.80958313903115 6.746181241970322 14.8
    endloop
  endfacet
  facet normal -0.5446390350150246 0.8386705679454256 0
    outer loop
      vertex 44.085818758029674 7.177583139031147 24.6
      vertex 44.257 7.288749537379655 24.6
      vertex 44.085818758029674 7.177583139031147 14.8
    endloop
  endfacet
  facet normal 0.7071067811865518 0.7071067811865431 0
    outer loop
      vertex 46.536804682399776 7.049132409680919 24.6
      vertex 46.68113240968092 6.904804682399773 24.6
      vertex 46.536804682399776 7.049132409680919 14.8
    endloop
  endfacet
  facet normal 0.7771459614569739 0.6293203910498338 0
    outer loop
      vertex 46.68113240968092 6.904804682399773 24.6
      vertex 46.80958313903115 6.746181241970322 24.6
      vertex 46.68113240968092 6.904804682399773 14.8
    endloop
  endfacet
  facet normal 0.6293203910498343 0.7771459614569733 0
    outer loop
      vertex 46.536804682399776 7.049132409680919 24.6
      vertex 46.378181241970324 7.177583139031147 14.8
      vertex 46.378181241970324 7.177583139031147 24.6
    endloop
  endfacet
  facet normal -0.5446390350150246 0.8386705679454256 0
    outer loop
      vertex 44.257 7.288749537379655 24.6
      vertex 44.257 7.288749537379655 14.8
      vertex 44.085818758029674 7.177583139031147 14.8
    endloop
  endfacet
  facet normal -0.4539904997395454 0.8910065241883685 0
    outer loop
      vertex 44.43886354600219 7.381413642403071 24.6
      vertex 44.43886354600219 7.381413642403071 14.8
      vertex 44.257 7.288749537379655 14.8
    endloop
  endfacet
  facet normal -0.3583679495452962 0.9335804264972032 0
    outer loop
      vertex 44.62941686096885 7.4545602067755485 24.6
      vertex 44.62941686096885 7.4545602067755485 14.8
      vertex 44.43886354600219 7.381413642403071 14.8
    endloop
  endfacet
  facet normal -0.25881904510252757 0.9659258262890665 0
    outer loop
      vertex 44.82657220290537 7.507387821430921 24.6
      vertex 44.82657220290537 7.507387821430921 14.8
      vertex 44.62941686096885 7.4545602067755485 14.8
    endloop
  endfacet
  facet normal -0.15643446504022818 0.9876883405951382 0
    outer loop
      vertex 45.028169496628074 7.5393176959681325 24.6
      vertex 45.028169496628074 7.5393176959681325 14.8
      vertex 44.82657220290537 7.507387821430921 14.8
    endloop
  endfacet
  facet normal 0.15643446504022818 0.9876883405951382 0
    outer loop
      vertex 45.63742779709463 7.507387821430921 24.6
      vertex 45.63742779709463 7.507387821430921 14.8
      vertex 45.435830503371925 7.5393176959681325 14.8
    endloop
  endfacet
  facet normal -0.05233595624294511 0.9986295347545737 0
    outer loop
      vertex 45.232 7.55 24.6
      vertex 45.232 7.55 14.8
      vertex 45.028169496628074 7.5393176959681325 14.8
    endloop
  endfacet
  facet normal 0.05233595624294511 0.9986295347545737 0
    outer loop
      vertex 45.435830503371925 7.5393176959681325 24.6
      vertex 45.435830503371925 7.5393176959681325 14.8
      vertex 45.232 7.55 14.8
    endloop
  endfacet
  facet normal 0.4539904997395454 0.8910065241883685 0
    outer loop
      vertex 46.207 7.288749537379655 24.6
      vertex 46.207 7.288749537379655 14.8
      vertex 46.02513645399781 7.381413642403071 14.8
    endloop
  endfacet
  facet normal 0.3583679495452962 0.9335804264972032 0
    outer loop
      vertex 46.02513645399781 7.381413642403071 24.6
      vertex 46.02513645399781 7.381413642403071 14.8
      vertex 45.834583139031146 7.4545602067755485 14.8
    endloop
  endfacet
  facet normal 0.25881904510252757 0.9659258262890665 0
    outer loop
      vertex 45.834583139031146 7.4545602067755485 24.6
      vertex 45.834583139031146 7.4545602067755485 14.8
      vertex 45.63742779709463 7.507387821430921 14.8
    endloop
  endfacet
  facet normal -0.4539904997395454 0.8910065241883685 0
    outer loop
      vertex 44.257 7.288749537379655 24.6
      vertex 44.43886354600219 7.381413642403071 24.6
      vertex 44.257 7.288749537379655 14.8
    endloop
  endfacet
  facet normal -0.3583679495452962 0.9335804264972032 0
    outer loop
      vertex 44.43886354600219 7.381413642403071 24.6
      vertex 44.62941686096885 7.4545602067755485 24.6
      vertex 44.43886354600219 7.381413642403071 14.8
    endloop
  endfacet
  facet normal -0.25881904510252757 0.9659258262890665 0
    outer loop
      vertex 44.62941686096885 7.4545602067755485 24.6
      vertex 44.82657220290537 7.507387821430921 24.6
      vertex 44.62941686096885 7.4545602067755485 14.8
    endloop
  endfacet
  facet normal -0.15643446504022818 0.9876883405951382 0
    outer loop
      vertex 44.82657220290537 7.507387821430921 24.6
      vertex 45.028169496628074 7.5393176959681325 24.6
      vertex 44.82657220290537 7.507387821430921 14.8
    endloop
  endfacet
  facet normal 0.15643446504022818 0.9876883405951382 0
    outer loop
      vertex 45.435830503371925 7.5393176959681325 24.6
      vertex 45.63742779709463 7.507387821430921 24.6
      vertex 45.435830503371925 7.5393176959681325 14.8
    endloop
  endfacet
  facet normal 0.25881904510252757 0.9659258262890665 0
    outer loop
      vertex 45.63742779709463 7.507387821430921 24.6
      vertex 45.834583139031146 7.4545602067755485 24.6
      vertex 45.63742779709463 7.507387821430921 14.8
    endloop
  endfacet
  facet normal -0.05233595624294511 0.9986295347545737 0
    outer loop
      vertex 45.028169496628074 7.5393176959681325 24.6
      vertex 45.232 7.55 24.6
      vertex 45.028169496628074 7.5393176959681325 14.8
    endloop
  endfacet
  facet normal 0.05233595624294511 0.9986295347545737 0
    outer loop
      vertex 45.232 7.55 24.6
      vertex 45.435830503371925 7.5393176959681325 24.6
      vertex 45.232 7.55 14.8
    endloop
  endfacet
  facet normal 0.5446390350150246 0.8386705679454256 0
    outer loop
      vertex 46.207 7.288749537379655 24.6
      vertex 46.378181241970324 7.177583139031147 24.6
      vertex 46.207 7.288749537379655 14.8
    endloop
  endfacet
  facet normal 0.4539904997395454 0.8910065241883685 0
    outer loop
      vertex 46.02513645399781 7.381413642403071 24.6
      vertex 46.207 7.288749537379655 24.6
      vertex 46.02513645399781 7.381413642403071 14.8
    endloop
  endfacet
  facet normal 0.3583679495452962 0.9335804264972032 0
    outer loop
      vertex 45.834583139031146 7.4545602067755485 24.6
      vertex 46.02513645399781 7.381413642403071 24.6
      vertex 45.834583139031146 7.4545602067755485 14.8
    endloop
  endfacet
  facet normal -0.7771459614569681 -0.629320391049841 0
    outer loop
      vertex 50.66069476828142 3.689697930049462 9.6
      vertex 50.87477931719847 3.42532552933371 9.6
      vertex 50.66069476828142 3.689697930049462 14.8
    endloop
  endfacet
  facet normal -0.8386705679454253 -0.5446390350150252 0
    outer loop
      vertex 50.66069476828142 3.689697930049462 9.6
      vertex 50.47541743770057 3.9749999999999996 14.8
      vertex 50.47541743770057 3.9749999999999996 9.6
    endloop
  endfacet
  facet normal -0.7771459614569681 -0.629320391049841 0
    outer loop
      vertex 50.87477931719847 3.42532552933371 9.6
      vertex 50.87477931719847 3.42532552933371 14.8
      vertex 50.66069476828142 3.689697930049462 14.8
    endloop
  endfacet
  facet normal -0.8386705679454253 -0.5446390350150252 0
    outer loop
      vertex 50.66069476828142 3.689697930049462 9.6
      vertex 50.66069476828142 3.689697930049462 14.8
      vertex 50.47541743770057 3.9749999999999996 14.8
    endloop
  endfacet
  facet normal -0.8910065241883675 -0.4539904997395476 0
    outer loop
      vertex 50.32097726266154 4.278105910003649 9.6
      vertex 50.47541743770057 3.9749999999999996 9.6
      vertex 50.32097726266154 4.278105910003649 14.8
    endloop
  endfacet
  facet normal -0.9335804264972044 -0.3583679495452935 0
    outer loop
      vertex 50.32097726266154 4.278105910003649 9.6
      vertex 50.19906632204075 4.595694768281421 14.8
      vertex 50.19906632204075 4.595694768281421 9.6
    endloop
  endfacet
  facet normal -0.8910065241883675 -0.4539904997395476 0
    outer loop
      vertex 50.47541743770057 3.9749999999999996 9.6
      vertex 50.47541743770057 3.9749999999999996 14.8
      vertex 50.32097726266154 4.278105910003649 14.8
    endloop
  endfacet
  facet normal -0.9335804264972044 -0.3583679495452935 0
    outer loop
      vertex 50.32097726266154 4.278105910003649 9.6
      vertex 50.32097726266154 4.278105910003649 14.8
      vertex 50.19906632204075 4.595694768281421 14.8
    endloop
  endfacet
  facet normal -0.9659258262890658 -0.25881904510253045 0
    outer loop
      vertex 50.19906632204075 4.595694768281421 9.6
      vertex 50.19906632204075 4.595694768281421 14.8
      vertex 50.11102029761513 4.924287004842282 14.8
    endloop
  endfacet
  facet normal 0 0 -1
    outer loop
      vertex 50.66069476828142 3.689697930049462 9.6
      vertex 50.87477931719847 7.774674470666289 9.6
      vertex 50.87477931719847 3.42532552933371 9.6
    endloop
  endfacet
  facet normal 0 0 -1
    outer loop
      vertex 50.66069476828142 3.689697930049462 9.6
      vertex 50.47541743770057 3.9749999999999996 9.6
      vertex 50.66069476828142 7.510302069950537 9.6
    endloop
  endfacet
  facet normal 0 0 -1
    outer loop
      vertex 50.32097726266154 4.278105910003649 9.6
      vertex 50.47541743770057 7.225 9.6
      vertex 50.47541743770057 3.9749999999999996 9.6
    endloop
  endfacet
  facet normal -0.9659258262890658 -0.25881904510253045 0
    outer loop
      vertex 50.19906632204075 4.595694768281421 9.6
      vertex 50.11102029761513 4.924287004842282 14.8
      vertex 50.11102029761513 4.924287004842282 9.6
    endloop
  endfacet
  facet normal -0.9876883405951397 -0.15643446504021846 0
    outer loop
      vertex 50.11102029761513 4.924287004842282 9.6
      vertex 50.05780384005311 5.260282494380126 14.8
      vertex 50.05780384005311 5.260282494380126 9.6
    endloop
  endfacet
  facet normal 0 0 -1
    outer loop
      vertex 50.32097726266154 4.278105910003649 9.6
      vertex 50.19906632204075 4.595694768281421 9.6
      vertex 50.32097726266154 6.92189408999635 9.6
    endloop
  endfacet
  facet normal 0 0 -1
    outer loop
      vertex 50.19906632204075 4.595694768281421 9.6
      vertex 50.11102029761513 4.924287004842282 9.6
      vertex 50.19906632204075 6.604305231718579 9.6
    endloop
  endfacet
  facet normal 0 0 -1
    outer loop
      vertex 50.11102029761513 4.924287004842282 9.6
      vertex 50.05780384005311 5.260282494380126 9.6
      vertex 50.11102029761513 6.2757129951577175 9.6
    endloop
  endfacet
  facet normal 0 0 -1
    outer loop
      vertex 50.05780384005311 5.260282494380126 9.6
      vertex 50.04 5.6 9.6
      vertex 50.05780384005311 5.939717505619873 9.6
    endloop
  endfacet
  facet normal -0.9986295347545737 -0.05233595624294548 0
    outer loop
      vertex 50.05780384005311 5.260282494380126 9.6
      vertex 50.04 5.6 14.8
      vertex 50.04 5.6 9.6
    endloop
  endfacet
  facet normal -0.9876883405951397 -0.15643446504021846 0
    outer loop
      vertex 50.11102029761513 4.924287004842282 9.6
      vertex 50.11102029761513 4.924287004842282 14.8
      vertex 50.05780384005311 5.260282494380126 14.8
    endloop
  endfacet
  facet normal -0.9986295347545737 -0.05233595624294548 0
    outer loop
      vertex 50.05780384005311 5.260282494380126 9.6
      vertex 50.05780384005311 5.260282494380126 14.8
      vertex 50.04 5.6 14.8
    endloop
  endfacet
  facet normal 0 0 1
    outer loop
      vertex 50.66069476828142 3.689697930049462 14.8
      vertex 50.87477931719847 3.42532552933371 14.8
      vertex 50.66069476828142 7.510302069950537 14.8
    endloop
  endfacet
  facet normal 0 0 1
    outer loop
      vertex 50.66069476828142 3.689697930049462 14.8
      vertex 50.47541743770057 7.225 14.8
      vertex 50.47541743770057 3.9749999999999996 14.8
    endloop
  endfacet
  facet normal 0 0 1
    outer loop
      vertex 50.32097726266154 4.278105910003649 14.8
      vertex 50.47541743770057 3.9749999999999996 14.8
      vertex 50.32097726266154 6.92189408999635 14.8
    endloop
  endfacet
  facet normal 0 0 1
    outer loop
      vertex 50.32097726266154 4.278105910003649 14.8
      vertex 50.19906632204075 6.604305231718579 14.8
      vertex 50.19906632204075 4.595694768281421 14.8
    endloop
  endfacet
  facet normal 0 0 1
    outer loop
      vertex 50.19906632204075 4.595694768281421 14.8
      vertex 50.11102029761513 6.2757129951577175 14.8
      vertex 50.11102029761513 4.924287004842282 14.8
    endloop
  endfacet
  facet normal 0 0 1
    outer loop
      vertex 50.11102029761513 4.924287004842282 14.8
      vertex 50.05780384005311 5.939717505619873 14.8
      vertex 50.05780384005311 5.260282494380126 14.8
    endloop
  endfacet
  facet normal 0 0 1
    outer loop
      vertex 50.05780384005311 5.260282494380126 14.8
      vertex 50.05780384005311 5.939717505619873 14.8
      vertex 50.04 5.6 14.8
    endloop
  endfacet
  facet normal -0.2588190451025187 -0.9659258262890689 0
    outer loop
      vertex 52.28569476828142 2.5090663220407508 9.6
      vertex 52.61428700484228 2.421020297615131 9.6
      vertex 52.61428700484228 2.421020297615131 14.8
    endloop
  endfacet
  facet normal -0.35836794954530554 -0.9335804264971997 0
    outer loop
      vertex 51.96810591000365 2.630977262661547 9.6
      vertex 52.28569476828142 2.5090663220407508 9.6
      vertex 52.28569476828142 2.5090663220407508 14.8
    endloop
  endfacet
  facet normal -0.4539904997395445 -0.8910065241883691 0
    outer loop
      vertex 51.96810591000365 2.630977262661547 9.6
      vertex 51.96810591000365 2.630977262661547 14.8
      vertex 51.665 2.7854174377005743 9.6
    endloop
  endfacet
  facet normal -0.15643446504023029 -0.9876883405951378 0
    outer loop
      vertex 52.61428700484228 2.421020297615131 9.6
      vertex 52.950282494380126 2.3678038400531114 9.6
      vertex 52.950282494380126 2.3678038400531114 14.8
    endloop
  endfacet
  facet normal -0.05233595624294419 -0.9986295347545739 0
    outer loop
      vertex 52.950282494380126 2.3678038400531114 9.6
      vertex 53.29 2.3499999999999996 9.6
      vertex 53.29 2.3499999999999996 14.8
    endloop
  endfacet
  facet normal 0.05233595624294419 -0.9986295347545739 0
    outer loop
      vertex 53.29 2.3499999999999996 9.6
      vertex 53.62971750561987 2.3678038400531114 9.6
      vertex 53.62971750561987 2.3678038400531114 14.8
    endloop
  endfacet
  facet normal 0.15643446504023029 -0.9876883405951378 0
    outer loop
      vertex 53.62971750561987 2.3678038400531114 9.6
      vertex 53.965712995157716 2.421020297615131 9.6
      vertex 53.965712995157716 2.421020297615131 14.8
    endloop
  endfacet
  facet normal 0.2588190451025187 -0.9659258262890689 0
    outer loop
      vertex 53.965712995157716 2.421020297615131 9.6
      vertex 54.29430523171858 2.5090663220407508 9.6
      vertex 54.29430523171858 2.5090663220407508 14.8
    endloop
  endfacet
  facet normal -0.5446390350150248 -0.8386705679454255 0
    outer loop
      vertex 51.37969793004946 2.9706947682814207 9.6
      vertex 51.665 2.7854174377005743 9.6
      vertex 51.665 2.7854174377005743 14.8
    endloop
  endfacet
  facet normal -0.6293203910498387 -0.7771459614569697 0
    outer loop
      vertex 51.37969793004946 2.9706947682814207 9.6
      vertex 51.37969793004946 2.9706947682814207 14.8
      vertex 51.11532552933371 3.184779317198468 9.6
    endloop
  endfacet
  facet normal 0.35836794954530554 -0.9335804264971997 0
    outer loop
      vertex 54.29430523171858 2.5090663220407508 9.6
      vertex 54.61189408999635 2.630977262661547 9.6
      vertex 54.61189408999635 2.630977262661547 14.8
    endloop
  endfacet
  facet normal 0.4539904997395445 -0.8910065241883691 0
    outer loop
      vertex 54.61189408999635 2.630977262661547 9.6
      vertex 54.915 2.7854174377005743 9.6
      vertex 54.915 2.7854174377005743 14.8
    endloop
  endfacet
  facet normal 0.5446390350150248 -0.8386705679454255 0
    outer loop
      vertex 54.915 2.7854174377005743 9.6
      vertex 55.20030206995054 2.9706947682814207 9.6
      vertex 55.20030206995054 2.9706947682814207 14.8
    endloop
  endfacet
  facet normal 0.6293203910498387 -0.7771459614569697 0
    outer loop
      vertex 55.20030206995054 2.9706947682814207 9.6
      vertex 55.46467447066629 3.184779317198468 9.6
      vertex 55.46467447066629 3.184779317198468 14.8
    endloop
  endfacet
  facet normal -0.2588190451025187 -0.9659258262890689 0
    outer loop
      vertex 52.28569476828142 2.5090663220407508 9.6
      vertex 52.61428700484228 2.421020297615131 14.8
      vertex 52.28569476828142 2.5090663220407508 14.8
    endloop
  endfacet
  facet normal -0.35836794954530554 -0.9335804264971997 0
    outer loop
      vertex 51.96810591000365 2.630977262661547 9.6
      vertex 52.28569476828142 2.5090663220407508 14.8
      vertex 51.96810591000365 2.630977262661547 14.8
    endloop
  endfacet
  facet normal -0.4539904997395445 -0.8910065241883691 0
    outer loop
      vertex 51.665 2.7854174377005743 9.6
      vertex 51.96810591000365 2.630977262661547 14.8
      vertex 51.665 2.7854174377005743 14.8
    endloop
  endfacet
  facet normal -0.15643446504023029 -0.9876883405951378 0
    outer loop
      vertex 52.61428700484228 2.421020297615131 9.6
      vertex 52.950282494380126 2.3678038400531114 14.8
      vertex 52.61428700484228 2.421020297615131 14.8
    endloop
  endfacet
  facet normal -0.05233595624294419 -0.9986295347545739 0
    outer loop
      vertex 52.950282494380126 2.3678038400531114 9.6
      vertex 53.29 2.3499999999999996 14.8
      vertex 52.950282494380126 2.3678038400531114 14.8
    endloop
  endfacet
  facet normal 0.05233595624294419 -0.9986295347545739 0
    outer loop
      vertex 53.29 2.3499999999999996 9.6
      vertex 53.62971750561987 2.3678038400531114 14.8
      vertex 53.29 2.3499999999999996 14.8
    endloop
  endfacet
  facet normal 0.15643446504023029 -0.9876883405951378 0
    outer loop
      vertex 53.62971750561987 2.3678038400531114 9.6
      vertex 53.965712995157716 2.421020297615131 14.8
      vertex 53.62971750561987 2.3678038400531114 14.8
    endloop
  endfacet
  facet normal 0.2588190451025187 -0.9659258262890689 0
    outer loop
      vertex 53.965712995157716 2.421020297615131 9.6
      vertex 54.29430523171858 2.5090663220407508 14.8
      vertex 53.965712995157716 2.421020297615131 14.8
    endloop
  endfacet
  facet normal -0.5446390350150248 -0.8386705679454255 0
    outer loop
      vertex 51.37969793004946 2.9706947682814207 9.6
      vertex 51.665 2.7854174377005743 14.8
      vertex 51.37969793004946 2.9706947682814207 14.8
    endloop
  endfacet
  facet normal -0.6293203910498387 -0.7771459614569697 0
    outer loop
      vertex 51.11532552933371 3.184779317198468 9.6
      vertex 51.37969793004946 2.9706947682814207 14.8
      vertex 51.11532552933371 3.184779317198468 14.8
    endloop
  endfacet
  facet normal 0.35836794954530554 -0.9335804264971997 0
    outer loop
      vertex 54.29430523171858 2.5090663220407508 9.6
      vertex 54.61189408999635 2.630977262661547 14.8
      vertex 54.29430523171858 2.5090663220407508 14.8
    endloop
  endfacet
  facet normal 0.4539904997395445 -0.8910065241883691 0
    outer loop
      vertex 54.61189408999635 2.630977262661547 9.6
      vertex 54.915 2.7854174377005743 14.8
      vertex 54.61189408999635 2.630977262661547 14.8
    endloop
  endfacet
  facet normal 0.5446390350150248 -0.8386705679454255 0
    outer loop
      vertex 54.915 2.7854174377005743 9.6
      vertex 55.20030206995054 2.9706947682814207 14.8
      vertex 54.915 2.7854174377005743 14.8
    endloop
  endfacet
  facet normal 0.6293203910498387 -0.7771459614569697 0
    outer loop
      vertex 55.20030206995054 2.9706947682814207 9.6
      vertex 55.46467447066629 3.184779317198468 14.8
      vertex 55.20030206995054 2.9706947682814207 14.8
    endloop
  endfacet
  facet normal -0.7071067811865462 -0.7071067811865489 0
    outer loop
      vertex 50.87477931719847 3.42532552933371 9.6
      vertex 51.11532552933371 3.184779317198468 9.6
      vertex 50.87477931719847 3.42532552933371 14.8
    endloop
  endfacet
  facet normal 0.7071067811865462 -0.7071067811865489 0
    outer loop
      vertex 55.46467447066629 3.184779317198468 9.6
      vertex 55.70522068280153 3.42532552933371 9.6
      vertex 55.46467447066629 3.184779317198468 14.8
    endloop
  endfacet
  facet normal 0.7771459614569681 -0.629320391049841 0
    outer loop
      vertex 55.70522068280153 3.42532552933371 9.6
      vertex 55.91930523171858 3.689697930049462 9.6
      vertex 55.70522068280153 3.42532552933371 14.8
    endloop
  endfacet
  facet normal 0.8386705679454253 -0.5446390350150252 0
    outer loop
      vertex 55.91930523171858 3.689697930049462 9.6
      vertex 56.10458256229943 3.9749999999999996 9.6
      vertex 55.91930523171858 3.689697930049462 14.8
    endloop
  endfacet
  facet normal -0.7071067811865462 -0.7071067811865489 0
    outer loop
      vertex 51.11532552933371 3.184779317198468 9.6
      vertex 51.11532552933371 3.184779317198468 14.8
      vertex 50.87477931719847 3.42532552933371 14.8
    endloop
  endfacet
  facet normal 0.7071067811865462 -0.7071067811865489 0
    outer loop
      vertex 55.70522068280153 3.42532552933371 9.6
      vertex 55.70522068280153 3.42532552933371 14.8
      vertex 55.46467447066629 3.184779317198468 14.8
    endloop
  endfacet
  facet normal 0.7771459614569681 -0.629320391049841 0
    outer loop
      vertex 55.91930523171858 3.689697930049462 9.6
      vertex 55.91930523171858 3.689697930049462 14.8
      vertex 55.70522068280153 3.42532552933371 14.8
    endloop
  endfacet
  facet normal 0.8386705679454253 -0.5446390350150252 0
    outer loop
      vertex 56.10458256229943 3.9749999999999996 9.6
      vertex 56.10458256229943 3.9749999999999996 14.8
      vertex 55.91930523171858 3.689697930049462 14.8
    endloop
  endfacet
  facet normal 0 0 1
    outer loop
      vertex 52.28569476828142 2.5090663220407508 14.8
      vertex 52.61428700484228 2.421020297615131 14.8
      vertex 52.68741686096885 3.7454397932244503 14.8
    endloop
  endfacet
  facet normal 0 0 1
    outer loop
      vertex 51.96810591000365 2.630977262661547 14.8
      vertex 52.28569476828142 2.5090663220407508 14.8
      vertex 52.315 3.9112504626203446 14.8
    endloop
  endfacet
  facet normal 0 0 1
    outer loop
      vertex 52.61428700484228 2.421020297615131 14.8
      vertex 52.950282494380126 2.3678038400531114 14.8
      vertex 52.88457220290537 3.6926121785690786 14.8
    endloop
  endfacet
  facet normal 0 0 1
    outer loop
      vertex 52.950282494380126 2.3678038400531114 14.8
      vertex 53.29 2.3499999999999996 14.8
      vertex 53.29 3.6499999999999995 14.8
    endloop
  endfacet
  facet normal 0 0 1
    outer loop
      vertex 53.29 2.3499999999999996 14.8
      vertex 53.62971750561987 2.3678038400531114 14.8
      vertex 53.29 3.6499999999999995 14.8
    endloop
  endfacet
  facet normal 0 0 1
    outer loop
      vertex 53.62971750561987 2.3678038400531114 14.8
      vertex 53.965712995157716 2.421020297615131 14.8
      vertex 53.69542779709463 3.6926121785690786 14.8
    endloop
  endfacet
  facet normal 0 0 1
    outer loop
      vertex 53.965712995157716 2.421020297615131 14.8
      vertex 54.29430523171858 2.5090663220407508 14.8
      vertex 54.08313645399781 3.818586357596928 14.8
    endloop
  endfacet
  facet normal 0 0 1
    outer loop
      vertex 54.29430523171858 2.5090663220407508 14.8
      vertex 54.61189408999635 2.630977262661547 14.8
      vertex 54.436181241970324 4.022416860968852 14.8
    endloop
  endfacet
  facet normal 0 0 1
    outer loop
      vertex 51.96810591000365 2.630977262661547 14.8
      vertex 51.98519531760022 4.150867590319081 14.8
      vertex 51.665 2.7854174377005743 14.8
    endloop
  endfacet
  facet normal 0 0 1
    outer loop
      vertex 52.28569476828142 2.5090663220407508 14.8
      vertex 52.68741686096885 3.7454397932244503 14.8
      vertex 52.49686354600219 3.818586357596928 14.8
    endloop
  endfacet
  facet normal 0 0 1
    outer loop
      vertex 51.37969793004946 2.9706947682814207 14.8
      vertex 51.665 2.7854174377005743 14.8
      vertex 51.60125046262034 4.625 14.8
    endloop
  endfacet
  facet normal 0 0 1
    outer loop
      vertex 52.28569476828142 2.5090663220407508 14.8
      vertex 52.49686354600219 3.818586357596928 14.8
      vertex 52.315 3.9112504626203446 14.8
    endloop
  endfacet
  facet normal 0 0 1
    outer loop
      vertex 51.96810591000365 2.630977262661547 14.8
      vertex 52.315 3.9112504626203446 14.8
      vertex 52.143818758029674 4.022416860968852 14.8
    endloop
  endfacet
  facet normal 0 0 1
    outer loop
      vertex 52.950282494380126 2.3678038400531114 14.8
      vertex 53.086169496628074 3.660682304031867 14.8
      vertex 52.88457220290537 3.6926121785690786 14.8
    endloop
  endfacet
  facet normal 0 0 1
    outer loop
      vertex 52.950282494380126 2.3678038400531114 14.8
      vertex 53.29 3.6499999999999995 14.8
      vertex 53.086169496628074 3.660682304031867 14.8
    endloop
  endfacet
  facet normal 0 0 1
    outer loop
      vertex 52.61428700484228 2.421020297615131 14.8
      vertex 52.88457220290537 3.6926121785690786 14.8
      vertex 52.68741686096885 3.7454397932244503 14.8
    endloop
  endfacet
  facet normal 0 0 1
    outer loop
      vertex 53.62971750561987 2.3678038400531114 14.8
      vertex 53.493830503371925 3.660682304031867 14.8
      vertex 53.29 3.6499999999999995 14.8
    endloop
  endfacet
  facet normal 0 0 1
    outer loop
      vertex 53.62971750561987 2.3678038400531114 14.8
      vertex 53.69542779709463 3.6926121785690786 14.8
      vertex 53.493830503371925 3.660682304031867 14.8
    endloop
  endfacet
  facet normal 0 0 1
    outer loop
      vertex 53.965712995157716 2.421020297615131 14.8
      vertex 53.892583139031146 3.7454397932244503 14.8
      vertex 53.69542779709463 3.6926121785690786 14.8
    endloop
  endfacet
  facet normal 0 0 1
    outer loop
      vertex 53.965712995157716 2.421020297615131 14.8
      vertex 54.08313645399781 3.818586357596928 14.8
      vertex 53.892583139031146 3.7454397932244503 14.8
    endloop
  endfacet
  facet normal 0 0 1
    outer loop
      vertex 54.29430523171858 2.5090663220407508 14.8
      vertex 54.265 3.9112504626203446 14.8
      vertex 54.08313645399781 3.818586357596928 14.8
    endloop
  endfacet
  facet normal 0 0 1
    outer loop
      vertex 51.96810591000365 2.630977262661547 14.8
      vertex 52.143818758029674 4.022416860968852 14.8
      vertex 51.98519531760022 4.150867590319081 14.8
    endloop
  endfacet
  facet normal 0 0 1
    outer loop
      vertex 51.665 2.7854174377005743 14.8
      vertex 51.98519531760022 4.150867590319081 14.8
      vertex 51.84086759031908 4.295195317600227 14.8
    endloop
  endfacet
  facet normal 0 0 1
    outer loop
      vertex 51.665 2.7854174377005743 14.8
      vertex 51.84086759031908 4.295195317600227 14.8
      vertex 51.71241686096885 4.453818758029677 14.8
    endloop
  endfacet
  facet normal 0 0 1
    outer loop
      vertex 51.665 2.7854174377005743 14.8
      vertex 51.71241686096885 4.453818758029677 14.8
      vertex 51.60125046262034 4.625 14.8
    endloop
  endfacet
  facet normal 0 0 1
    outer loop
      vertex 54.61189408999635 2.630977262661547 14.8
      vertex 54.915 2.7854174377005743 14.8
      vertex 54.73913240968092 4.295195317600227 14.8
    endloop
  endfacet
  facet normal 0 0 1
    outer loop
      vertex 54.915 2.7854174377005743 14.8
      vertex 55.20030206995054 2.9706947682814207 14.8
      vertex 54.978749537379656 4.625 14.8
    endloop
  endfacet
  facet normal 0 0 1
    outer loop
      vertex 54.29430523171858 2.5090663220407508 14.8
      vertex 54.436181241970324 4.022416860968852 14.8
      vertex 54.265 3.9112504626203446 14.8
    endloop
  endfacet
  facet normal 0 0 1
    outer loop
      vertex 54.61189408999635 2.630977262661547 14.8
      vertex 54.594804682399776 4.150867590319081 14.8
      vertex 54.436181241970324 4.022416860968852 14.8
    endloop
  endfacet
  facet normal 0 0 1
    outer loop
      vertex 54.61189408999635 2.630977262661547 14.8
      vertex 54.73913240968092 4.295195317600227 14.8
      vertex 54.594804682399776 4.150867590319081 14.8
    endloop
  endfacet
  facet normal 0 0 1
    outer loop
      vertex 54.915 2.7854174377005743 14.8
      vertex 54.86758313903115 4.453818758029677 14.8
      vertex 54.73913240968092 4.295195317600227 14.8
    endloop
  endfacet
  facet normal 0 0 1
    outer loop
      vertex 54.915 2.7854174377005743 14.8
      vertex 54.978749537379656 4.625 14.8
      vertex 54.86758313903115 4.453818758029677 14.8
    endloop
  endfacet
  facet normal 0 0 1
    outer loop
      vertex 55.20030206995054 2.9706947682814207 14.8
      vertex 55.46467447066629 3.184779317198468 14.8
      vertex 55.229317695968135 5.396169496628075 14.8
    endloop
  endfacet
  facet normal 0 0 -1
    outer loop
      vertex 52.28569476828142 2.5090663220407508 9.6
      vertex 52.61428700484228 8.778979702384868 9.6
      vertex 52.61428700484228 2.421020297615131 9.6
    endloop
  endfacet
  facet normal 0 0 -1
    outer loop
      vertex 51.37969793004946 2.9706947682814207 9.6
      vertex 51.665 8.414582562299426 9.6
      vertex 51.665 2.7854174377005743 9.6
    endloop
  endfacet
  facet normal 0 0 -1
    outer loop
      vertex 51.96810591000365 2.630977262661547 9.6
      vertex 51.665 2.7854174377005743 9.6
      vertex 51.96810591000365 8.569022737338452 9.6
    endloop
  endfacet
  facet normal 0 0 -1
    outer loop
      vertex 51.96810591000365 2.630977262661547 9.6
      vertex 52.28569476828142 8.690933677959249 9.6
      vertex 52.28569476828142 2.5090663220407508 9.6
    endloop
  endfacet
  facet normal 0 0 -1
    outer loop
      vertex 52.61428700484228 2.421020297615131 9.6
      vertex 52.950282494380126 8.832196159946887 9.6
      vertex 52.950282494380126 2.3678038400531114 9.6
    endloop
  endfacet
  facet normal 0 0 -1
    outer loop
      vertex 52.950282494380126 2.3678038400531114 9.6
      vertex 53.29 8.85 9.6
      vertex 53.29 2.3499999999999996 9.6
    endloop
  endfacet
  facet normal 0 0 -1
    outer loop
      vertex 53.29 2.3499999999999996 9.6
      vertex 53.62971750561987 8.832196159946887 9.6
      vertex 53.62971750561987 2.3678038400531114 9.6
    endloop
  endfacet
  facet normal 0 0 -1
    outer loop
      vertex 53.62971750561987 2.3678038400531114 9.6
      vertex 53.965712995157716 8.778979702384868 9.6
      vertex 53.965712995157716 2.421020297615131 9.6
    endloop
  endfacet
  facet normal 0 0 -1
    outer loop
      vertex 53.965712995157716 2.421020297615131 9.6
      vertex 54.29430523171858 8.690933677959249 9.6
      vertex 54.29430523171858 2.5090663220407508 9.6
    endloop
  endfacet
  facet normal 0.8910065241883675 -0.4539904997395476 0
    outer loop
      vertex 56.10458256229943 3.9749999999999996 9.6
      vertex 56.259022737338455 4.278105910003649 9.6
      vertex 56.10458256229943 3.9749999999999996 14.8
    endloop
  endfacet
  facet normal 0 0 -1
    outer loop
      vertex 54.29430523171858 2.5090663220407508 9.6
      vertex 54.61189408999635 8.569022737338452 9.6
      vertex 54.61189408999635 2.630977262661547 9.6
    endloop
  endfacet
  facet normal 0 0 -1
    outer loop
      vertex 54.61189408999635 2.630977262661547 9.6
      vertex 54.915 8.414582562299426 9.6
      vertex 54.915 2.7854174377005743 9.6
    endloop
  endfacet
  facet normal 0 0 -1
    outer loop
      vertex 54.915 2.7854174377005743 9.6
      vertex 55.20030206995054 8.229305231718579 9.6
      vertex 55.20030206995054 2.9706947682814207 9.6
    endloop
  endfacet
  facet normal 0 0 -1
    outer loop
      vertex 55.20030206995054 2.9706947682814207 9.6
      vertex 55.46467447066629 8.01522068280153 9.6
      vertex 55.46467447066629 3.184779317198468 9.6
    endloop
  endfacet
  facet normal 0.9335804264972044 -0.3583679495452935 0
    outer loop
      vertex 56.259022737338455 4.278105910003649 9.6
      vertex 56.38093367795925 4.595694768281421 9.6
      vertex 56.259022737338455 4.278105910003649 14.8
    endloop
  endfacet
  facet normal 0.9659258262890658 -0.25881904510253045 0
    outer loop
      vertex 56.38093367795925 4.595694768281421 9.6
      vertex 56.46897970238487 4.924287004842282 9.6
      vertex 56.38093367795925 4.595694768281421 14.8
    endloop
  endfacet
  facet normal 0.8910065241883675 -0.4539904997395476 0
    outer loop
      vertex 56.259022737338455 4.278105910003649 9.6
      vertex 56.259022737338455 4.278105910003649 14.8
      vertex 56.10458256229943 3.9749999999999996 14.8
    endloop
  endfacet
  facet normal 0.9335804264972044 -0.3583679495452935 0
    outer loop
      vertex 56.38093367795925 4.595694768281421 9.6
      vertex 56.38093367795925 4.595694768281421 14.8
      vertex 56.259022737338455 4.278105910003649 14.8
    endloop
  endfacet
  facet normal 0 0 -1
    outer loop
      vertex 51.37969793004946 2.9706947682814207 9.6
      vertex 51.11532552933371 3.184779317198468 9.6
      vertex 51.37969793004946 8.229305231718579 9.6
    endloop
  endfacet
  facet normal 0 0 -1
    outer loop
      vertex 50.87477931719847 3.42532552933371 9.6
      vertex 51.11532552933371 8.01522068280153 9.6
      vertex 51.11532552933371 3.184779317198468 9.6
    endloop
  endfacet
  facet normal 0 0 -1
    outer loop
      vertex 55.46467447066629 3.184779317198468 9.6
      vertex 55.70522068280153 7.774674470666289 9.6
      vertex 55.70522068280153 3.42532552933371 9.6
    endloop
  endfacet
  facet normal 0 0 -1
    outer loop
      vertex 55.70522068280153 3.42532552933371 9.6
      vertex 55.91930523171858 7.510302069950537 9.6
      vertex 55.91930523171858 3.689697930049462 9.6
    endloop
  endfacet
  facet normal 0 0 -1
    outer loop
      vertex 55.91930523171858 3.689697930049462 9.6
      vertex 56.10458256229943 7.225 9.6
      vertex 56.10458256229943 3.9749999999999996 9.6
    endloop
  endfacet
  facet normal 0 0 -1
    outer loop
      vertex 56.10458256229943 3.9749999999999996 9.6
      vertex 56.259022737338455 6.92189408999635 9.6
      vertex 56.259022737338455 4.278105910003649 9.6
    endloop
  endfacet
  facet normal 0 0 -1
    outer loop
      vertex 56.259022737338455 4.278105910003649 9.6
      vertex 56.38093367795925 6.604305231718579 9.6
      vertex 56.38093367795925 4.595694768281421 9.6
    endloop
  endfacet
  facet normal 0.9876883405951397 -0.15643446504021846 0
    outer loop
      vertex 56.46897970238487 4.924287004842282 9.6
      vertex 56.52219615994689 5.260282494380126 9.6
      vertex 56.46897970238487 4.924287004842282 14.8
    endloop
  endfacet
  facet normal 0 0 -1
    outer loop
      vertex 56.38093367795925 4.595694768281421 9.6
      vertex 56.46897970238487 6.2757129951577175 9.6
      vertex 56.46897970238487 4.924287004842282 9.6
    endloop
  endfacet
  facet normal 0 0 -1
    outer loop
      vertex 56.46897970238487 4.924287004842282 9.6
      vertex 56.52219615994689 5.939717505619873 9.6
      vertex 56.52219615994689 5.260282494380126 9.6
    endloop
  endfacet
  facet normal 0 0 -1
    outer loop
      vertex 56.52219615994689 5.260282494380126 9.6
      vertex 56.52219615994689 5.939717505619873 9.6
      vertex 56.54 5.6 9.6
    endloop
  endfacet
  facet normal 0.9986295347545737 -0.05233595624294548 0
    outer loop
      vertex 56.52219615994689 5.260282494380126 9.6
      vertex 56.54 5.6 9.6
      vertex 56.52219615994689 5.260282494380126 14.8
    endloop
  endfacet
  facet normal 0.9659258262890658 -0.25881904510253045 0
    outer loop
      vertex 56.46897970238487 4.924287004842282 9.6
      vertex 56.46897970238487 4.924287004842282 14.8
      vertex 56.38093367795925 4.595694768281421 14.8
    endloop
  endfacet
  facet normal 0.9876883405951397 -0.15643446504021846 0
    outer loop
      vertex 56.52219615994689 5.260282494380126 9.6
      vertex 56.52219615994689 5.260282494380126 14.8
      vertex 56.46897970238487 4.924287004842282 14.8
    endloop
  endfacet
  facet normal 0.9986295347545737 -0.05233595624294548 0
    outer loop
      vertex 56.52219615994689 5.260282494380126 14.8
      vertex 56.54 5.6 9.6
      vertex 56.54 5.6 14.8
    endloop
  endfacet
  facet normal 0 0 1
    outer loop
      vertex 51.37969793004946 2.9706947682814207 14.8
      vertex 51.60125046262034 4.625 14.8
      vertex 51.508586357596926 4.806863546002189 14.8
    endloop
  endfacet
  facet normal 0 0 1
    outer loop
      vertex 51.37969793004946 2.9706947682814207 14.8
      vertex 51.508586357596926 4.806863546002189 14.8
      vertex 51.43543979322445 4.997416860968852 14.8
    endloop
  endfacet
  facet normal 0 0 1
    outer loop
      vertex 51.37969793004946 2.9706947682814207 14.8
      vertex 51.43543979322445 4.997416860968852 14.8
      vertex 51.382612178569076 5.194572202905369 14.8
    endloop
  endfacet
  facet normal 0 0 1
    outer loop
      vertex 51.37969793004946 2.9706947682814207 14.8
      vertex 51.382612178569076 5.194572202905369 14.8
      vertex 51.350682304031864 5.396169496628075 14.8
    endloop
  endfacet
  facet normal 0 0 1
    outer loop
      vertex 51.37969793004946 2.9706947682814207 14.8
      vertex 51.11532552933371 8.01522068280153 14.8
      vertex 51.11532552933371 3.184779317198468 14.8
    endloop
  endfacet
  facet normal 0 0 1
    outer loop
      vertex 55.20030206995054 2.9706947682814207 14.8
      vertex 55.07141364240307 4.806863546002189 14.8
      vertex 54.978749537379656 4.625 14.8
    endloop
  endfacet
  facet normal 0 0 1
    outer loop
      vertex 55.20030206995054 2.9706947682814207 14.8
      vertex 55.14456020677555 4.997416860968852 14.8
      vertex 55.07141364240307 4.806863546002189 14.8
    endloop
  endfacet
  facet normal 0 0 1
    outer loop
      vertex 55.20030206995054 2.9706947682814207 14.8
      vertex 55.19738782143092 5.194572202905369 14.8
      vertex 55.14456020677555 4.997416860968852 14.8
    endloop
  endfacet
  facet normal 0 0 1
    outer loop
      vertex 55.20030206995054 2.9706947682814207 14.8
      vertex 55.229317695968135 5.396169496628075 14.8
      vertex 55.19738782143092 5.194572202905369 14.8
    endloop
  endfacet
  facet normal 0 0 1
    outer loop
      vertex 55.46467447066629 3.184779317198468 14.8
      vertex 55.24 5.6 14.8
      vertex 55.229317695968135 5.396169496628075 14.8
    endloop
  endfacet
  facet normal 0 0 1
    outer loop
      vertex 50.87477931719847 3.42532552933371 14.8
      vertex 51.11532552933371 3.184779317198468 14.8
      vertex 50.87477931719847 7.774674470666289 14.8
    endloop
  endfacet
  facet normal 0 0 1
    outer loop
      vertex 51.37969793004946 2.9706947682814207 14.8
      vertex 51.350682304031864 5.396169496628075 14.8
      vertex 51.11532552933371 8.01522068280153 14.8
    endloop
  endfacet
  facet normal 0 0 1
    outer loop
      vertex 55.46467447066629 3.184779317198468 14.8
      vertex 55.229317695968135 5.803830503371924 14.8
      vertex 55.24 5.6 14.8
    endloop
  endfacet
  facet normal 0 0 1
    outer loop
      vertex 55.46467447066629 3.184779317198468 14.8
      vertex 55.70522068280153 3.42532552933371 14.8
      vertex 55.46467447066629 8.01522068280153 14.8
    endloop
  endfacet
  facet normal 0 0 1
    outer loop
      vertex 55.70522068280153 3.42532552933371 14.8
      vertex 55.91930523171858 3.689697930049462 14.8
      vertex 55.70522068280153 7.774674470666289 14.8
    endloop
  endfacet
  facet normal 0 0 1
    outer loop
      vertex 55.91930523171858 3.689697930049462 14.8
      vertex 56.10458256229943 3.9749999999999996 14.8
      vertex 55.91930523171858 7.510302069950537 14.8
    endloop
  endfacet
  facet normal 0 0 1
    outer loop
      vertex 56.10458256229943 3.9749999999999996 14.8
      vertex 56.259022737338455 4.278105910003649 14.8
      vertex 56.10458256229943 7.225 14.8
    endloop
  endfacet
  facet normal 0 0 1
    outer loop
      vertex 56.259022737338455 4.278105910003649 14.8
      vertex 56.38093367795925 4.595694768281421 14.8
      vertex 56.259022737338455 6.92189408999635 14.8
    endloop
  endfacet
  facet normal 0 0 1
    outer loop
      vertex 56.38093367795925 4.595694768281421 14.8
      vertex 56.46897970238487 4.924287004842282 14.8
      vertex 56.38093367795925 6.604305231718579 14.8
    endloop
  endfacet
  facet normal 0 0 1
    outer loop
      vertex 56.46897970238487 4.924287004842282 14.8
      vertex 56.52219615994689 5.260282494380126 14.8
      vertex 56.46897970238487 6.2757129951577175 14.8
    endloop
  endfacet
  facet normal 0 0 1
    outer loop
      vertex 56.52219615994689 5.260282494380126 14.8
      vertex 56.54 5.6 14.8
      vertex 56.52219615994689 5.939717505619873 14.8
    endloop
  endfacet
  facet normal -0.3583679495452982 -0.9335804264972026 0
    outer loop
      vertex 52.49686354600219 3.818586357596928 24.6
      vertex 52.49686354600219 3.818586357596928 14.8
      vertex 52.68741686096885 3.7454397932244503 14.8
    endloop
  endfacet
  facet normal -0.4539904997395454 -0.8910065241883685 0
    outer loop
      vertex 52.315 3.9112504626203446 24.6
      vertex 52.315 3.9112504626203446 14.8
      vertex 52.49686354600219 3.818586357596928 14.8
    endloop
  endfacet
  facet normal -0.05233595624294511 -0.9986295347545737 0
    outer loop
      vertex 53.086169496628074 3.660682304031867 24.6
      vertex 53.086169496628074 3.660682304031867 14.8
      vertex 53.29 3.6499999999999995 14.8
    endloop
  endfacet
  facet normal 0.05233595624294511 -0.9986295347545737 0
    outer loop
      vertex 53.29 3.6499999999999995 24.6
      vertex 53.29 3.6499999999999995 14.8
      vertex 53.493830503371925 3.660682304031867 14.8
    endloop
  endfacet
  facet normal -0.15643446504023029 -0.9876883405951378 0
    outer loop
      vertex 52.88457220290537 3.6926121785690786 24.6
      vertex 52.88457220290537 3.6926121785690786 14.8
      vertex 53.086169496628074 3.660682304031867 14.8
    endloop
  endfacet
  facet normal -0.2588190451025235 -0.9659258262890675 0
    outer loop
      vertex 52.68741686096885 3.7454397932244503 24.6
      vertex 52.68741686096885 3.7454397932244503 14.8
      vertex 52.88457220290537 3.6926121785690786 14.8
    endloop
  endfacet
  facet normal 0.15643446504023029 -0.9876883405951378 0
    outer loop
      vertex 53.493830503371925 3.660682304031867 24.6
      vertex 53.493830503371925 3.660682304031867 14.8
      vertex 53.69542779709463 3.6926121785690786 14.8
    endloop
  endfacet
  facet normal 0.2588190451025235 -0.9659258262890675 0
    outer loop
      vertex 53.69542779709463 3.6926121785690786 24.6
      vertex 53.69542779709463 3.6926121785690786 14.8
      vertex 53.892583139031146 3.7454397932244503 14.8
    endloop
  endfacet
  facet normal 0.3583679495452982 -0.9335804264972026 0
    outer loop
      vertex 53.892583139031146 3.7454397932244503 24.6
      vertex 53.892583139031146 3.7454397932244503 14.8
      vertex 54.08313645399781 3.818586357596928 14.8
    endloop
  endfacet
  facet normal 0.4539904997395454 -0.8910065241883685 0
    outer loop
      vertex 54.08313645399781 3.818586357596928 24.6
      vertex 54.08313645399781 3.818586357596928 14.8
      vertex 54.265 3.9112504626203446 14.8
    endloop
  endfacet
  facet normal 0.5446390350150246 -0.8386705679454256 0
    outer loop
      vertex 54.265 3.9112504626203446 24.6
      vertex 54.265 3.9112504626203446 14.8
      vertex 54.436181241970324 4.022416860968852 14.8
    endloop
  endfacet
  facet normal -0.4539904997395454 -0.8910065241883685 0
    outer loop
      vertex 52.49686354600219 3.818586357596928 24.6
      vertex 52.315 3.9112504626203446 24.6
      vertex 52.49686354600219 3.818586357596928 14.8
    endloop
  endfacet
  facet normal -0.5446390350150246 -0.8386705679454256 0
    outer loop
      vertex 52.143818758029674 4.022416860968852 24.6
      vertex 52.315 3.9112504626203446 14.8
      vertex 52.315 3.9112504626203446 24.6
    endloop
  endfacet
  facet normal -0.05233595624294511 -0.9986295347545737 0
    outer loop
      vertex 53.086169496628074 3.660682304031867 24.6
      vertex 53.29 3.6499999999999995 14.8
      vertex 53.29 3.6499999999999995 24.6
    endloop
  endfacet
  facet normal 0.05233595624294511 -0.9986295347545737 0
    outer loop
      vertex 53.29 3.6499999999999995 24.6
      vertex 53.493830503371925 3.660682304031867 14.8
      vertex 53.493830503371925 3.660682304031867 24.6
    endloop
  endfacet
  facet normal -0.15643446504023029 -0.9876883405951378 0
    outer loop
      vertex 52.88457220290537 3.6926121785690786 24.6
      vertex 53.086169496628074 3.660682304031867 14.8
      vertex 53.086169496628074 3.660682304031867 24.6
    endloop
  endfacet
  facet normal -0.2588190451025235 -0.9659258262890675 0
    outer loop
      vertex 52.68741686096885 3.7454397932244503 24.6
      vertex 52.88457220290537 3.6926121785690786 14.8
      vertex 52.88457220290537 3.6926121785690786 24.6
    endloop
  endfacet
  facet normal -0.3583679495452982 -0.9335804264972026 0
    outer loop
      vertex 52.49686354600219 3.818586357596928 24.6
      vertex 52.68741686096885 3.7454397932244503 14.8
      vertex 52.68741686096885 3.7454397932244503 24.6
    endloop
  endfacet
  facet normal 0.15643446504023029 -0.9876883405951378 0
    outer loop
      vertex 53.493830503371925 3.660682304031867 24.6
      vertex 53.69542779709463 3.6926121785690786 14.8
      vertex 53.69542779709463 3.6926121785690786 24.6
    endloop
  endfacet
  facet normal 0.2588190451025235 -0.9659258262890675 0
    outer loop
      vertex 53.69542779709463 3.6926121785690786 24.6
      vertex 53.892583139031146 3.7454397932244503 14.8
      vertex 53.892583139031146 3.7454397932244503 24.6
    endloop
  endfacet
  facet normal 0.3583679495452982 -0.9335804264972026 0
    outer loop
      vertex 53.892583139031146 3.7454397932244503 24.6
      vertex 54.08313645399781 3.818586357596928 14.8
      vertex 54.08313645399781 3.818586357596928 24.6
    endloop
  endfacet
  facet normal 0.4539904997395454 -0.8910065241883685 0
    outer loop
      vertex 54.08313645399781 3.818586357596928 24.6
      vertex 54.265 3.9112504626203446 14.8
      vertex 54.265 3.9112504626203446 24.6
    endloop
  endfacet
  facet normal -0.5446390350150246 -0.8386705679454256 0
    outer loop
      vertex 52.143818758029674 4.022416860968852 24.6
      vertex 52.143818758029674 4.022416860968852 14.8
      vertex 52.315 3.9112504626203446 14.8
    endloop
  endfacet
  facet normal -0.6293203910498343 -0.7771459614569733 0
    outer loop
      vertex 51.98519531760022 4.150867590319081 24.6
      vertex 51.98519531760022 4.150867590319081 14.8
      vertex 52.143818758029674 4.022416860968852 14.8
    endloop
  endfacet
  facet normal -0.7071067811865518 -0.7071067811865431 0
    outer loop
      vertex 51.84086759031908 4.295195317600227 24.6
      vertex 51.84086759031908 4.295195317600227 14.8
      vertex 51.98519531760022 4.150867590319081 14.8
    endloop
  endfacet
  facet normal -0.8386705679454222 -0.5446390350150297 0
    outer loop
      vertex 51.60125046262034 4.625 24.6
      vertex 51.60125046262034 4.625 14.8
      vertex 51.71241686096885 4.453818758029677 14.8
    endloop
  endfacet
  facet normal -0.7771459614569739 -0.6293203910498338 0
    outer loop
      vertex 51.71241686096885 4.453818758029677 24.6
      vertex 51.71241686096885 4.453818758029677 14.8
      vertex 51.84086759031908 4.295195317600227 14.8
    endloop
  endfacet
  facet normal -0.8910065241883666 -0.45399049973954897 0
    outer loop
      vertex 51.508586357596926 4.806863546002189 24.6
      vertex 51.508586357596926 4.806863546002189 14.8
      vertex 51.60125046262034 4.625 14.8
    endloop
  endfacet
  facet normal 0.6293203910498343 -0.7771459614569733 0
    outer loop
      vertex 54.436181241970324 4.022416860968852 24.6
      vertex 54.436181241970324 4.022416860968852 14.8
      vertex 54.594804682399776 4.150867590319081 14.8
    endloop
  endfacet
  facet normal 0.7071067811865518 -0.7071067811865431 0
    outer loop
      vertex 54.594804682399776 4.150867590319081 24.6
      vertex 54.594804682399776 4.150867590319081 14.8
      vertex 54.73913240968092 4.295195317600227 14.8
    endloop
  endfacet
  facet normal 0.7771459614569739 -0.6293203910498338 0
    outer loop
      vertex 54.73913240968092 4.295195317600227 24.6
      vertex 54.73913240968092 4.295195317600227 14.8
      vertex 54.86758313903115 4.453818758029677 14.8
    endloop
  endfacet
  facet normal 0.8386705679454222 -0.5446390350150297 0
    outer loop
      vertex 54.86758313903115 4.453818758029677 24.6
      vertex 54.86758313903115 4.453818758029677 14.8
      vertex 54.978749537379656 4.625 14.8
    endloop
  endfacet
  facet normal 0.8910065241883666 -0.45399049973954897 0
    outer loop
      vertex 54.978749537379656 4.625 24.6
      vertex 54.978749537379656 4.625 14.8
      vertex 55.07141364240307 4.806863546002189 14.8
    endloop
  endfacet
  facet normal -0.9335804264971999 -0.3583679495453053 0
    outer loop
      vertex 51.43543979322445 4.997416860968852 24.6
      vertex 51.43543979322445 4.997416860968852 14.8
      vertex 51.508586357596926 4.806863546002189 14.8
    endloop
  endfacet
  facet normal -0.9659258262890692 -0.25881904510251724 0
    outer loop
      vertex 51.382612178569076 5.194572202905369 24.6
      vertex 51.382612178569076 5.194572202905369 14.8
      vertex 51.43543979322445 4.997416860968852 14.8
    endloop
  endfacet
  facet normal -0.9876883405951375 -0.15643446504023245 0
    outer loop
      vertex 51.350682304031864 5.396169496628075 24.6
      vertex 51.350682304031864 5.396169496628075 14.8
      vertex 51.382612178569076 5.194572202905369 14.8
    endloop
  endfacet
  facet normal -0.9986295347545738 -0.05233595624294535 0
    outer loop
      vertex 51.339999999999996 5.6 24.6
      vertex 51.339999999999996 5.6 14.8
      vertex 51.350682304031864 5.396169496628075 14.8
    endloop
  endfacet
  facet normal 0.9335804264971999 -0.3583679495453053 0
    outer loop
      vertex 55.07141364240307 4.806863546002189 24.6
      vertex 55.07141364240307 4.806863546002189 14.8
      vertex 55.14456020677555 4.997416860968852 14.8
    endloop
  endfacet
  facet normal 0.9659258262890692 -0.25881904510251724 0
    outer loop
      vertex 55.14456020677555 4.997416860968852 24.6
      vertex 55.14456020677555 4.997416860968852 14.8
      vertex 55.19738782143092 5.194572202905369 14.8
    endloop
  endfacet
  facet normal 0.9876883405951375 -0.15643446504023245 0
    outer loop
      vertex 55.19738782143092 5.194572202905369 24.6
      vertex 55.19738782143092 5.194572202905369 14.8
      vertex 55.229317695968135 5.396169496628075 14.8
    endloop
  endfacet
  facet normal 0.9986295347545738 -0.05233595624294535 0
    outer loop
      vertex 55.229317695968135 5.396169496628075 24.6
      vertex 55.229317695968135 5.396169496628075 14.8
      vertex 55.24 5.6 14.8
    endloop
  endfacet
  facet normal -0.6293203910498343 -0.7771459614569733 0
    outer loop
      vertex 52.143818758029674 4.022416860968852 24.6
      vertex 51.98519531760022 4.150867590319081 24.6
      vertex 52.143818758029674 4.022416860968852 14.8
    endloop
  endfacet
  facet normal -0.7071067811865518 -0.7071067811865431 0
    outer loop
      vertex 51.84086759031908 4.295195317600227 24.6
      vertex 51.98519531760022 4.150867590319081 14.8
      vertex 51.98519531760022 4.150867590319081 24.6
    endloop
  endfacet
  facet normal -0.7771459614569739 -0.6293203910498338 0
    outer loop
      vertex 51.71241686096885 4.453818758029677 24.6
      vertex 51.84086759031908 4.295195317600227 14.8
      vertex 51.84086759031908 4.295195317600227 24.6
    endloop
  endfacet
  facet normal -0.8386705679454222 -0.5446390350150297 0
    outer loop
      vertex 51.71241686096885 4.453818758029677 24.6
      vertex 51.60125046262034 4.625 24.6
      vertex 51.71241686096885 4.453818758029677 14.8
    endloop
  endfacet
  facet normal -0.8910065241883666 -0.45399049973954897 0
    outer loop
      vertex 51.508586357596926 4.806863546002189 24.6
      vertex 51.60125046262034 4.625 14.8
      vertex 51.60125046262034 4.625 24.6
    endloop
  endfacet
  facet normal 0.5446390350150246 -0.8386705679454256 0
    outer loop
      vertex 54.265 3.9112504626203446 24.6
      vertex 54.436181241970324 4.022416860968852 14.8
      vertex 54.436181241970324 4.022416860968852 24.6
    endloop
  endfacet
  facet normal 0.6293203910498343 -0.7771459614569733 0
    outer loop
      vertex 54.436181241970324 4.022416860968852 24.6
      vertex 54.594804682399776 4.150867590319081 14.8
      vertex 54.594804682399776 4.150867590319081 24.6
    endloop
  endfacet
  facet normal 0.7071067811865518 -0.7071067811865431 0
    outer loop
      vertex 54.594804682399776 4.150867590319081 24.6
      vertex 54.73913240968092 4.295195317600227 14.8
      vertex 54.73913240968092 4.295195317600227 24.6
    endloop
  endfacet
  facet normal 0.7771459614569739 -0.6293203910498338 0
    outer loop
      vertex 54.73913240968092 4.295195317600227 24.6
      vertex 54.86758313903115 4.453818758029677 14.8
      vertex 54.86758313903115 4.453818758029677 24.6
    endloop
  endfacet
  facet normal 0.8386705679454222 -0.5446390350150297 0
    outer loop
      vertex 54.86758313903115 4.453818758029677 24.6
      vertex 54.978749537379656 4.625 14.8
      vertex 54.978749537379656 4.625 24.6
    endloop
  endfacet
  facet normal 0.8910065241883666 -0.45399049973954897 0
    outer loop
      vertex 54.978749537379656 4.625 24.6
      vertex 55.07141364240307 4.806863546002189 14.8
      vertex 55.07141364240307 4.806863546002189 24.6
    endloop
  endfacet
  facet normal -0.9335804264971999 -0.3583679495453053 0
    outer loop
      vertex 51.508586357596926 4.806863546002189 24.6
      vertex 51.43543979322445 4.997416860968852 24.6
      vertex 51.508586357596926 4.806863546002189 14.8
    endloop
  endfacet
  facet normal -0.9659258262890692 -0.25881904510251724 0
    outer loop
      vertex 51.43543979322445 4.997416860968852 24.6
      vertex 51.382612178569076 5.194572202905369 24.6
      vertex 51.43543979322445 4.997416860968852 14.8
    endloop
  endfacet
  facet normal -0.9876883405951375 -0.15643446504023245 0
    outer loop
      vertex 51.382612178569076 5.194572202905369 24.6
      vertex 51.350682304031864 5.396169496628075 24.6
      vertex 51.382612178569076 5.194572202905369 14.8
    endloop
  endfacet
  facet normal -0.9986295347545738 -0.05233595624294535 0
    outer loop
      vertex 51.350682304031864 5.396169496628075 24.6
      vertex 51.339999999999996 5.6 24.6
      vertex 51.350682304031864 5.396169496628075 14.8
    endloop
  endfacet
  facet normal 0.9335804264971999 -0.3583679495453053 0
    outer loop
      vertex 55.07141364240307 4.806863546002189 24.6
      vertex 55.14456020677555 4.997416860968852 14.8
      vertex 55.14456020677555 4.997416860968852 24.6
    endloop
  endfacet
  facet normal 0.9659258262890692 -0.25881904510251724 0
    outer loop
      vertex 55.14456020677555 4.997416860968852 24.6
      vertex 55.19738782143092 5.194572202905369 14.8
      vertex 55.19738782143092 5.194572202905369 24.6
    endloop
  endfacet
  facet normal 0.9876883405951375 -0.15643446504023245 0
    outer loop
      vertex 55.19738782143092 5.194572202905369 24.6
      vertex 55.229317695968135 5.396169496628075 14.8
      vertex 55.229317695968135 5.396169496628075 24.6
    endloop
  endfacet
  facet normal 0.9986295347545738 -0.05233595624294535 0
    outer loop
      vertex 55.229317695968135 5.396169496628075 24.6
      vertex 55.24 5.6 14.8
      vertex 55.24 5.6 24.6
    endloop
  endfacet
  facet normal 0 0 1
    outer loop
      vertex 52.49686354600219 3.818586357596928 24.6
      vertex 52.68741686096885 3.7454397932244503 24.6
      vertex 52.49686354600219 7.381413642403071 24.6
    endloop
  endfacet
  facet normal 0 0 1
    outer loop
      vertex 52.143818758029674 4.022416860968852 24.6
      vertex 51.98519531760022 7.049132409680919 24.6
      vertex 51.98519531760022 4.150867590319081 24.6
    endloop
  endfacet
  facet normal 0 0 1
    outer loop
      vertex 52.49686354600219 3.818586357596928 24.6
      vertex 52.315 7.288749537379655 24.6
      vertex 52.315 3.9112504626203446 24.6
    endloop
  endfacet
  facet normal 0 0 1
    outer loop
      vertex 52.143818758029674 4.022416860968852 24.6
      vertex 52.315 3.9112504626203446 24.6
      vertex 52.143818758029674 7.177583139031147 24.6
    endloop
  endfacet
  facet normal 0 0 1
    outer loop
      vertex 51.84086759031908 4.295195317600227 24.6
      vertex 51.98519531760022 4.150867590319081 24.6
      vertex 51.84086759031908 6.904804682399773 24.6
    endloop
  endfacet
  facet normal 0 0 1
    outer loop
      vertex 51.71241686096885 4.453818758029677 24.6
      vertex 51.84086759031908 4.295195317600227 24.6
      vertex 51.71241686096885 6.746181241970322 24.6
    endloop
  endfacet
  facet normal 0 0 1
    outer loop
      vertex 52.68741686096885 3.7454397932244503 24.6
      vertex 52.88457220290537 3.6926121785690786 24.6
      vertex 52.68741686096885 7.4545602067755485 24.6
    endloop
  endfacet
  facet normal 0 0 1
    outer loop
      vertex 52.88457220290537 3.6926121785690786 24.6
      vertex 53.086169496628074 3.660682304031867 24.6
      vertex 52.88457220290537 7.507387821430921 24.6
    endloop
  endfacet
  facet normal 0 0 1
    outer loop
      vertex 53.086169496628074 3.660682304031867 24.6
      vertex 53.29 3.6499999999999995 24.6
      vertex 53.086169496628074 7.5393176959681325 24.6
    endloop
  endfacet
  facet normal 0 0 1
    outer loop
      vertex 53.29 3.6499999999999995 24.6
      vertex 53.493830503371925 3.660682304031867 24.6
      vertex 53.29 7.55 24.6
    endloop
  endfacet
  facet normal 0 0 1
    outer loop
      vertex 53.493830503371925 3.660682304031867 24.6
      vertex 53.69542779709463 3.6926121785690786 24.6
      vertex 53.493830503371925 7.5393176959681325 24.6
    endloop
  endfacet
  facet normal 0 0 1
    outer loop
      vertex 53.69542779709463 3.6926121785690786 24.6
      vertex 53.892583139031146 3.7454397932244503 24.6
      vertex 53.69542779709463 7.507387821430921 24.6
    endloop
  endfacet
  facet normal 0 0 1
    outer loop
      vertex 53.892583139031146 3.7454397932244503 24.6
      vertex 54.08313645399781 3.818586357596928 24.6
      vertex 53.892583139031146 7.4545602067755485 24.6
    endloop
  endfacet
  facet normal 0 0 1
    outer loop
      vertex 54.08313645399781 3.818586357596928 24.6
      vertex 54.265 3.9112504626203446 24.6
      vertex 54.08313645399781 7.381413642403071 24.6
    endloop
  endfacet
  facet normal 0 0 1
    outer loop
      vertex 51.71241686096885 4.453818758029677 24.6
      vertex 51.60125046262034 6.574999999999999 24.6
      vertex 51.60125046262034 4.625 24.6
    endloop
  endfacet
  facet normal 0 0 1
    outer loop
      vertex 51.508586357596926 4.806863546002189 24.6
      vertex 51.60125046262034 4.625 24.6
      vertex 51.508586357596926 6.39313645399781 24.6
    endloop
  endfacet
  facet normal 0 0 1
    outer loop
      vertex 51.508586357596926 4.806863546002189 24.6
      vertex 51.43543979322445 6.202583139031147 24.6
      vertex 51.43543979322445 4.997416860968852 24.6
    endloop
  endfacet
  facet normal 0 0 1
    outer loop
      vertex 51.43543979322445 4.997416860968852 24.6
      vertex 51.382612178569076 6.00542779709463 24.6
      vertex 51.382612178569076 5.194572202905369 24.6
    endloop
  endfacet
  facet normal 0 0 1
    outer loop
      vertex 51.382612178569076 5.194572202905369 24.6
      vertex 51.350682304031864 5.803830503371924 24.6
      vertex 51.350682304031864 5.396169496628075 24.6
    endloop
  endfacet
  facet normal 0 0 1
    outer loop
      vertex 51.350682304031864 5.396169496628075 24.6
      vertex 51.350682304031864 5.803830503371924 24.6
      vertex 51.339999999999996 5.6 24.6
    endloop
  endfacet
  facet normal 0 0 1
    outer loop
      vertex 54.265 3.9112504626203446 24.6
      vertex 54.436181241970324 4.022416860968852 24.6
      vertex 54.265 7.288749537379655 24.6
    endloop
  endfacet
  facet normal 0 0 1
    outer loop
      vertex 54.436181241970324 4.022416860968852 24.6
      vertex 54.594804682399776 4.150867590319081 24.6
      vertex 54.436181241970324 7.177583139031147 24.6
    endloop
  endfacet
  facet normal 0 0 1
    outer loop
      vertex 54.594804682399776 4.150867590319081 24.6
      vertex 54.73913240968092 4.295195317600227 24.6
      vertex 54.594804682399776 7.049132409680919 24.6
    endloop
  endfacet
  facet normal 0 0 1
    outer loop
      vertex 54.73913240968092 4.295195317600227 24.6
      vertex 54.86758313903115 4.453818758029677 24.6
      vertex 54.73913240968092 6.904804682399773 24.6
    endloop
  endfacet
  facet normal 0 0 1
    outer loop
      vertex 54.86758313903115 4.453818758029677 24.6
      vertex 54.978749537379656 4.625 24.6
      vertex 54.86758313903115 6.746181241970322 24.6
    endloop
  endfacet
  facet normal 0 0 1
    outer loop
      vertex 54.978749537379656 4.625 24.6
      vertex 55.07141364240307 4.806863546002189 24.6
      vertex 54.978749537379656 6.574999999999999 24.6
    endloop
  endfacet
  facet normal 0 0 1
    outer loop
      vertex 55.07141364240307 4.806863546002189 24.6
      vertex 55.14456020677555 4.997416860968852 24.6
      vertex 55.07141364240307 6.39313645399781 24.6
    endloop
  endfacet
  facet normal 0 0 1
    outer loop
      vertex 55.14456020677555 4.997416860968852 24.6
      vertex 55.19738782143092 5.194572202905369 24.6
      vertex 55.14456020677555 6.202583139031147 24.6
    endloop
  endfacet
  facet normal 0 0 1
    outer loop
      vertex 55.19738782143092 5.194572202905369 24.6
      vertex 55.229317695968135 5.396169496628075 24.6
      vertex 55.19738782143092 6.00542779709463 24.6
    endloop
  endfacet
  facet normal 0 0 1
    outer loop
      vertex 55.229317695968135 5.396169496628075 24.6
      vertex 55.24 5.6 24.6
      vertex 55.229317695968135 5.803830503371924 24.6
    endloop
  endfacet
  facet normal 0 0 -1
    outer loop
      vertex 50.05780384005311 5.260282494380126 9.6
      vertex 50.05780384005311 5.939717505619873 9.6
      vertex 50.11102029761513 6.2757129951577175 9.6
    endloop
  endfacet
  facet normal 0 0 -1
    outer loop
      vertex 50.11102029761513 4.924287004842282 9.6
      vertex 50.11102029761513 6.2757129951577175 9.6
      vertex 50.19906632204075 6.604305231718579 9.6
    endloop
  endfacet
  facet normal -0.9986295347545737 0.05233595624294548 0
    outer loop
      vertex 50.04 5.6 9.6
      vertex 50.05780384005311 5.939717505619873 14.8
      vertex 50.05780384005311 5.939717505619873 9.6
    endloop
  endfacet
  facet normal 0 0 -1
    outer loop
      vertex 50.19906632204075 4.595694768281421 9.6
      vertex 50.19906632204075 6.604305231718579 9.6
      vertex 50.32097726266154 6.92189408999635 9.6
    endloop
  endfacet
  facet normal 0 0 -1
    outer loop
      vertex 50.32097726266154 4.278105910003649 9.6
      vertex 50.32097726266154 6.92189408999635 9.6
      vertex 50.47541743770057 7.225 9.6
    endloop
  endfacet
  facet normal 0 0 -1
    outer loop
      vertex 50.47541743770057 3.9749999999999996 9.6
      vertex 50.47541743770057 7.225 9.6
      vertex 50.66069476828142 7.510302069950537 9.6
    endloop
  endfacet
  facet normal 0 0 -1
    outer loop
      vertex 50.66069476828142 3.689697930049462 9.6
      vertex 50.66069476828142 7.510302069950537 9.6
      vertex 50.87477931719847 7.774674470666289 9.6
    endloop
  endfacet
  facet normal -0.9876883405951397 0.15643446504021846 0
    outer loop
      vertex 50.05780384005311 5.939717505619873 9.6
      vertex 50.11102029761513 6.2757129951577175 14.8
      vertex 50.11102029761513 6.2757129951577175 9.6
    endloop
  endfacet
  facet normal -0.9986295347545737 0.05233595624294548 0
    outer loop
      vertex 50.04 5.6 9.6
      vertex 50.04 5.6 14.8
      vertex 50.05780384005311 5.939717505619873 14.8
    endloop
  endfacet
  facet normal -0.9876883405951397 0.15643446504021846 0
    outer loop
      vertex 50.05780384005311 5.939717505619873 9.6
      vertex 50.05780384005311 5.939717505619873 14.8
      vertex 50.11102029761513 6.2757129951577175 14.8
    endloop
  endfacet
  facet normal -0.9659258262890658 0.25881904510253045 0
    outer loop
      vertex 50.11102029761513 6.2757129951577175 9.6
      vertex 50.11102029761513 6.2757129951577175 14.8
      vertex 50.19906632204075 6.604305231718579 14.8
    endloop
  endfacet
  facet normal -0.9659258262890658 0.25881904510253045 0
    outer loop
      vertex 50.11102029761513 6.2757129951577175 9.6
      vertex 50.19906632204075 6.604305231718579 14.8
      vertex 50.19906632204075 6.604305231718579 9.6
    endloop
  endfacet
  facet normal -0.9335804264972044 0.3583679495452935 0
    outer loop
      vertex 50.19906632204075 6.604305231718579 9.6
      vertex 50.32097726266154 6.92189408999635 14.8
      vertex 50.32097726266154 6.92189408999635 9.6
    endloop
  endfacet
  facet normal -0.8910065241883675 0.4539904997395476 0
    outer loop
      vertex 50.32097726266154 6.92189408999635 9.6
      vertex 50.47541743770057 7.225 14.8
      vertex 50.47541743770057 7.225 9.6
    endloop
  endfacet
  facet normal -0.9335804264972044 0.3583679495452935 0
    outer loop
      vertex 50.19906632204075 6.604305231718579 9.6
      vertex 50.19906632204075 6.604305231718579 14.8
      vertex 50.32097726266154 6.92189408999635 14.8
    endloop
  endfacet
  facet normal -0.8910065241883675 0.4539904997395476 0
    outer loop
      vertex 50.32097726266154 6.92189408999635 9.6
      vertex 50.32097726266154 6.92189408999635 14.8
      vertex 50.47541743770057 7.225 14.8
    endloop
  endfacet
  facet normal 0 0 1
    outer loop
      vertex 50.11102029761513 4.924287004842282 14.8
      vertex 50.11102029761513 6.2757129951577175 14.8
      vertex 50.05780384005311 5.939717505619873 14.8
    endloop
  endfacet
  facet normal 0 0 1
    outer loop
      vertex 50.19906632204075 4.595694768281421 14.8
      vertex 50.19906632204075 6.604305231718579 14.8
      vertex 50.11102029761513 6.2757129951577175 14.8
    endloop
  endfacet
  facet normal 0 0 1
    outer loop
      vertex 50.32097726266154 4.278105910003649 14.8
      vertex 50.32097726266154 6.92189408999635 14.8
      vertex 50.19906632204075 6.604305231718579 14.8
    endloop
  endfacet
  facet normal 0 0 1
    outer loop
      vertex 50.47541743770057 3.9749999999999996 14.8
      vertex 50.47541743770057 7.225 14.8
      vertex 50.32097726266154 6.92189408999635 14.8
    endloop
  endfacet
  facet normal 0 0 1
    outer loop
      vertex 50.66069476828142 3.689697930049462 14.8
      vertex 50.66069476828142 7.510302069950537 14.8
      vertex 50.47541743770057 7.225 14.8
    endloop
  endfacet
  facet normal 0 0 1
    outer loop
      vertex 50.87477931719847 3.42532552933371 14.8
      vertex 50.87477931719847 7.774674470666289 14.8
      vertex 50.66069476828142 7.510302069950537 14.8
    endloop
  endfacet
  facet normal -0.8386705679454253 0.5446390350150252 0
    outer loop
      vertex 50.47541743770057 7.225 9.6
      vertex 50.66069476828142 7.510302069950537 14.8
      vertex 50.66069476828142 7.510302069950537 9.6
    endloop
  endfacet
  facet normal -0.7771459614569681 0.629320391049841 0
    outer loop
      vertex 50.66069476828142 7.510302069950537 9.6
      vertex 50.87477931719847 7.774674470666289 14.8
      vertex 50.87477931719847 7.774674470666289 9.6
    endloop
  endfacet
  facet normal -0.8386705679454253 0.5446390350150252 0
    outer loop
      vertex 50.47541743770057 7.225 9.6
      vertex 50.47541743770057 7.225 14.8
      vertex 50.66069476828142 7.510302069950537 14.8
    endloop
  endfacet
  facet normal -0.7771459614569681 0.629320391049841 0
    outer loop
      vertex 50.66069476828142 7.510302069950537 9.6
      vertex 50.66069476828142 7.510302069950537 14.8
      vertex 50.87477931719847 7.774674470666289 14.8
    endloop
  endfacet
  facet normal 0 0 -1
    outer loop
      vertex 50.87477931719847 3.42532552933371 9.6
      vertex 50.87477931719847 7.774674470666289 9.6
      vertex 51.11532552933371 8.01522068280153 9.6
    endloop
  endfacet
  facet normal 0 0 -1
    outer loop
      vertex 56.46897970238487 4.924287004842282 9.6
      vertex 56.46897970238487 6.2757129951577175 9.6
      vertex 56.52219615994689 5.939717505619873 9.6
    endloop
  endfacet
  facet normal 0 0 -1
    outer loop
      vertex 56.38093367795925 4.595694768281421 9.6
      vertex 56.38093367795925 6.604305231718579 9.6
      vertex 56.46897970238487 6.2757129951577175 9.6
    endloop
  endfacet
  facet normal 0 0 -1
    outer loop
      vertex 56.259022737338455 4.278105910003649 9.6
      vertex 56.259022737338455 6.92189408999635 9.6
      vertex 56.38093367795925 6.604305231718579 9.6
    endloop
  endfacet
  facet normal 0.9986295347545737 0.05233595624294548 0
    outer loop
      vertex 56.54 5.6 9.6
      vertex 56.52219615994689 5.939717505619873 9.6
      vertex 56.54 5.6 14.8
    endloop
  endfacet
  facet normal 0 0 -1
    outer loop
      vertex 55.91930523171858 3.689697930049462 9.6
      vertex 55.91930523171858 7.510302069950537 9.6
      vertex 56.10458256229943 7.225 9.6
    endloop
  endfacet
  facet normal 0 0 -1
    outer loop
      vertex 55.70522068280153 3.42532552933371 9.6
      vertex 55.70522068280153 7.774674470666289 9.6
      vertex 55.91930523171858 7.510302069950537 9.6
    endloop
  endfacet
  facet normal 0 0 -1
    outer loop
      vertex 55.46467447066629 3.184779317198468 9.6
      vertex 55.46467447066629 8.01522068280153 9.6
      vertex 55.70522068280153 7.774674470666289 9.6
    endloop
  endfacet
  facet normal 0 0 -1
    outer loop
      vertex 55.20030206995054 2.9706947682814207 9.6
      vertex 55.20030206995054 8.229305231718579 9.6
      vertex 55.46467447066629 8.01522068280153 9.6
    endloop
  endfacet
  facet normal 0 0 -1
    outer loop
      vertex 56.10458256229943 3.9749999999999996 9.6
      vertex 56.10458256229943 7.225 9.6
      vertex 56.259022737338455 6.92189408999635 9.6
    endloop
  endfacet
  facet normal 0.9876883405951397 0.15643446504021846 0
    outer loop
      vertex 56.52219615994689 5.939717505619873 9.6
      vertex 56.46897970238487 6.2757129951577175 9.6
      vertex 56.52219615994689 5.939717505619873 14.8
    endloop
  endfacet
  facet normal 0.9659258262890658 0.25881904510253045 0
    outer loop
      vertex 56.46897970238487 6.2757129951577175 9.6
      vertex 56.38093367795925 6.604305231718579 9.6
      vertex 56.46897970238487 6.2757129951577175 14.8
    endloop
  endfacet
  facet normal 0.9986295347545737 0.05233595624294548 0
    outer loop
      vertex 56.52219615994689 5.939717505619873 9.6
      vertex 56.52219615994689 5.939717505619873 14.8
      vertex 56.54 5.6 14.8
    endloop
  endfacet
  facet normal 0.9876883405951397 0.15643446504021846 0
    outer loop
      vertex 56.46897970238487 6.2757129951577175 9.6
      vertex 56.46897970238487 6.2757129951577175 14.8
      vertex 56.52219615994689 5.939717505619873 14.8
    endloop
  endfacet
  facet normal 0 0 -1
    outer loop
      vertex 51.11532552933371 3.184779317198468 9.6
      vertex 51.11532552933371 8.01522068280153 9.6
      vertex 51.37969793004946 8.229305231718579 9.6
    endloop
  endfacet
  facet normal 0 0 -1
    outer loop
      vertex 51.37969793004946 2.9706947682814207 9.6
      vertex 51.37969793004946 8.229305231718579 9.6
      vertex 51.665 8.414582562299426 9.6
    endloop
  endfacet
  facet normal 0 0 -1
    outer loop
      vertex 51.665 2.7854174377005743 9.6
      vertex 51.665 8.414582562299426 9.6
      vertex 51.96810591000365 8.569022737338452 9.6
    endloop
  endfacet
  facet normal 0 0 -1
    outer loop
      vertex 51.96810591000365 2.630977262661547 9.6
      vertex 51.96810591000365 8.569022737338452 9.6
      vertex 52.28569476828142 8.690933677959249 9.6
    endloop
  endfacet
  facet normal 0 0 -1
    outer loop
      vertex 52.28569476828142 2.5090663220407508 9.6
      vertex 52.28569476828142 8.690933677959249 9.6
      vertex 52.61428700484228 8.778979702384868 9.6
    endloop
  endfacet
  facet normal 0 0 -1
    outer loop
      vertex 52.61428700484228 2.421020297615131 9.6
      vertex 52.61428700484228 8.778979702384868 9.6
      vertex 52.950282494380126 8.832196159946887 9.6
    endloop
  endfacet
  facet normal 0 0 -1
    outer loop
      vertex 52.950282494380126 2.3678038400531114 9.6
      vertex 52.950282494380126 8.832196159946887 9.6
      vertex 53.29 8.85 9.6
    endloop
  endfacet
  facet normal 0 0 -1
    outer loop
      vertex 53.29 2.3499999999999996 9.6
      vertex 53.29 8.85 9.6
      vertex 53.62971750561987 8.832196159946887 9.6
    endloop
  endfacet
  facet normal 0 0 -1
    outer loop
      vertex 53.62971750561987 2.3678038400531114 9.6
      vertex 53.62971750561987 8.832196159946887 9.6
      vertex 53.965712995157716 8.778979702384868 9.6
    endloop
  endfacet
  facet normal 0 0 -1
    outer loop
      vertex 53.965712995157716 2.421020297615131 9.6
      vertex 53.965712995157716 8.778979702384868 9.6
      vertex 54.29430523171858 8.690933677959249 9.6
    endloop
  endfacet
  facet normal 0 0 -1
    outer loop
      vertex 54.915 2.7854174377005743 9.6
      vertex 54.915 8.414582562299426 9.6
      vertex 55.20030206995054 8.229305231718579 9.6
    endloop
  endfacet
  facet normal 0 0 -1
    outer loop
      vertex 54.61189408999635 2.630977262661547 9.6
      vertex 54.61189408999635 8.569022737338452 9.6
      vertex 54.915 8.414582562299426 9.6
    endloop
  endfacet
  facet normal 0 0 -1
    outer loop
      vertex 54.29430523171858 2.5090663220407508 9.6
      vertex 54.29430523171858 8.690933677959249 9.6
      vertex 54.61189408999635 8.569022737338452 9.6
    endloop
  endfacet
  facet normal 0.9335804264972044 0.3583679495452935 0
    outer loop
      vertex 56.38093367795925 6.604305231718579 9.6
      vertex 56.259022737338455 6.92189408999635 9.6
      vertex 56.38093367795925 6.604305231718579 14.8
    endloop
  endfacet
  facet normal 0.8910065241883675 0.4539904997395476 0
    outer loop
      vertex 56.259022737338455 6.92189408999635 9.6
      vertex 56.10458256229943 7.225 9.6
      vertex 56.259022737338455 6.92189408999635 14.8
    endloop
  endfacet
  facet normal 0.9659258262890658 0.25881904510253045 0
    outer loop
      vertex 56.38093367795925 6.604305231718579 9.6
      vertex 56.38093367795925 6.604305231718579 14.8
      vertex 56.46897970238487 6.2757129951577175 14.8
    endloop
  endfacet
  facet normal 0.9335804264972044 0.3583679495452935 0
    outer loop
      vertex 56.259022737338455 6.92189408999635 9.6
      vertex 56.259022737338455 6.92189408999635 14.8
      vertex 56.38093367795925 6.604305231718579 14.8
    endloop
  endfacet
  facet normal 0.8910065241883675 0.4539904997395476 0
    outer loop
      vertex 56.10458256229943 7.225 9.6
      vertex 56.10458256229943 7.225 14.8
      vertex 56.259022737338455 6.92189408999635 14.8
    endloop
  endfacet
  facet normal 0 0 1
    outer loop
      vertex 51.11532552933371 3.184779317198468 14.8
      vertex 51.11532552933371 8.01522068280153 14.8
      vertex 50.87477931719847 7.774674470666289 14.8
    endloop
  endfacet
  facet normal 0 0 1
    outer loop
      vertex 51.11532552933371 8.01522068280153 14.8
      vertex 51.350682304031864 5.396169496628075 14.8
      vertex 51.339999999999996 5.6 14.8
    endloop
  endfacet
  facet normal 0 0 1
    outer loop
      vertex 55.46467447066629 3.184779317198468 14.8
      vertex 55.20030206995054 8.229305231718579 14.8
      vertex 55.229317695968135 5.803830503371924 14.8
    endloop
  endfacet
  facet normal 0 0 1
    outer loop
      vertex 56.52219615994689 5.260282494380126 14.8
      vertex 56.52219615994689 5.939717505619873 14.8
      vertex 56.46897970238487 6.2757129951577175 14.8
    endloop
  endfacet
  facet normal 0 0 1
    outer loop
      vertex 56.46897970238487 4.924287004842282 14.8
      vertex 56.46897970238487 6.2757129951577175 14.8
      vertex 56.38093367795925 6.604305231718579 14.8
    endloop
  endfacet
  facet normal 0 0 1
    outer loop
      vertex 55.91930523171858 3.689697930049462 14.8
      vertex 55.91930523171858 7.510302069950537 14.8
      vertex 55.70522068280153 7.774674470666289 14.8
    endloop
  endfacet
  facet normal 0 0 1
    outer loop
      vertex 55.70522068280153 3.42532552933371 14.8
      vertex 55.70522068280153 7.774674470666289 14.8
      vertex 55.46467447066629 8.01522068280153 14.8
    endloop
  endfacet
  facet normal 0 0 1
    outer loop
      vertex 56.38093367795925 4.595694768281421 14.8
      vertex 56.38093367795925 6.604305231718579 14.8
      vertex 56.259022737338455 6.92189408999635 14.8
    endloop
  endfacet
  facet normal 0 0 1
    outer loop
      vertex 56.259022737338455 4.278105910003649 14.8
      vertex 56.259022737338455 6.92189408999635 14.8
      vertex 56.10458256229943 7.225 14.8
    endloop
  endfacet
  facet normal 0 0 1
    outer loop
      vertex 56.10458256229943 3.9749999999999996 14.8
      vertex 56.10458256229943 7.225 14.8
      vertex 55.91930523171858 7.510302069950537 14.8
    endloop
  endfacet
  facet normal 0 0 1
    outer loop
      vertex 51.11532552933371 8.01522068280153 14.8
      vertex 51.339999999999996 5.6 14.8
      vertex 51.350682304031864 5.803830503371924 14.8
    endloop
  endfacet
  facet normal 0 0 1
    outer loop
      vertex 51.37969793004946 8.229305231718579 14.8
      vertex 51.350682304031864 5.803830503371924 14.8
      vertex 51.382612178569076 6.00542779709463 14.8
    endloop
  endfacet
  facet normal 0 0 1
    outer loop
      vertex 51.37969793004946 8.229305231718579 14.8
      vertex 51.382612178569076 6.00542779709463 14.8
      vertex 51.43543979322445 6.202583139031147 14.8
    endloop
  endfacet
  facet normal 0 0 1
    outer loop
      vertex 51.37969793004946 8.229305231718579 14.8
      vertex 51.43543979322445 6.202583139031147 14.8
      vertex 51.508586357596926 6.39313645399781 14.8
    endloop
  endfacet
  facet normal 0 0 1
    outer loop
      vertex 51.37969793004946 8.229305231718579 14.8
      vertex 51.508586357596926 6.39313645399781 14.8
      vertex 51.60125046262034 6.574999999999999 14.8
    endloop
  endfacet
  facet normal 0 0 1
    outer loop
      vertex 55.46467447066629 3.184779317198468 14.8
      vertex 55.46467447066629 8.01522068280153 14.8
      vertex 55.20030206995054 8.229305231718579 14.8
    endloop
  endfacet
  facet normal 0 0 1
    outer loop
      vertex 55.20030206995054 8.229305231718579 14.8
      vertex 55.19738782143092 6.00542779709463 14.8
      vertex 55.229317695968135 5.803830503371924 14.8
    endloop
  endfacet
  facet normal 0 0 1
    outer loop
      vertex 55.20030206995054 8.229305231718579 14.8
      vertex 55.14456020677555 6.202583139031147 14.8
      vertex 55.19738782143092 6.00542779709463 14.8
    endloop
  endfacet
  facet normal 0 0 1
    outer loop
      vertex 55.20030206995054 8.229305231718579 14.8
      vertex 55.07141364240307 6.39313645399781 14.8
      vertex 55.14456020677555 6.202583139031147 14.8
    endloop
  endfacet
  facet normal 0 0 1
    outer loop
      vertex 55.20030206995054 8.229305231718579 14.8
      vertex 54.978749537379656 6.574999999999999 14.8
      vertex 55.07141364240307 6.39313645399781 14.8
    endloop
  endfacet
  facet normal -0.7071067811865449 0.7071067811865502 0
    outer loop
      vertex 50.87477931719847 7.774674470666289 9.6
      vertex 51.11532552933371 8.01522068280153 14.8
      vertex 51.11532552933371 8.01522068280153 9.6
    endloop
  endfacet
  facet normal 0.7771459614569681 0.629320391049841 0
    outer loop
      vertex 55.70522068280153 7.774674470666289 9.6
      vertex 55.91930523171858 7.510302069950537 14.8
      vertex 55.91930523171858 7.510302069950537 9.6
    endloop
  endfacet
  facet normal 0.8386705679454253 0.5446390350150252 0
    outer loop
      vertex 55.91930523171858 7.510302069950537 9.6
      vertex 56.10458256229943 7.225 14.8
      vertex 56.10458256229943 7.225 9.6
    endloop
  endfacet
  facet normal 0.7071067811865449 0.7071067811865502 0
    outer loop
      vertex 55.46467447066629 8.01522068280153 9.6
      vertex 55.70522068280153 7.774674470666289 14.8
      vertex 55.70522068280153 7.774674470666289 9.6
    endloop
  endfacet
  facet normal -0.7071067811865449 0.7071067811865502 0
    outer loop
      vertex 50.87477931719847 7.774674470666289 9.6
      vertex 50.87477931719847 7.774674470666289 14.8
      vertex 51.11532552933371 8.01522068280153 14.8
    endloop
  endfacet
  facet normal 0.8386705679454253 0.5446390350150252 0
    outer loop
      vertex 55.91930523171858 7.510302069950537 9.6
      vertex 55.91930523171858 7.510302069950537 14.8
      vertex 56.10458256229943 7.225 14.8
    endloop
  endfacet
  facet normal 0.7771459614569681 0.629320391049841 0
    outer loop
      vertex 55.70522068280153 7.774674470666289 9.6
      vertex 55.70522068280153 7.774674470666289 14.8
      vertex 55.91930523171858 7.510302069950537 14.8
    endloop
  endfacet
  facet normal 0.7071067811865449 0.7071067811865502 0
    outer loop
      vertex 55.46467447066629 8.01522068280153 9.6
      vertex 55.46467447066629 8.01522068280153 14.8
      vertex 55.70522068280153 7.774674470666289 14.8
    endloop
  endfacet
  facet normal -0.6293203910498404 0.7771459614569685 0
    outer loop
      vertex 51.11532552933371 8.01522068280153 9.6
      vertex 51.11532552933371 8.01522068280153 14.8
      vertex 51.37969793004946 8.229305231718579 9.6
    endloop
  endfacet
  facet normal -0.5446390350150265 0.8386705679454244 0
    outer loop
      vertex 51.37969793004946 8.229305231718579 9.6
      vertex 51.37969793004946 8.229305231718579 14.8
      vertex 51.665 8.414582562299426 9.6
    endloop
  endfacet
  facet normal -0.4539904997395413 0.8910065241883707 0
    outer loop
      vertex 51.665 8.414582562299426 9.6
      vertex 51.665 8.414582562299426 14.8
      vertex 51.96810591000365 8.569022737338452 9.6
    endloop
  endfacet
  facet normal -0.35836794954530776 0.9335804264971987 0
    outer loop
      vertex 51.96810591000365 8.569022737338452 9.6
      vertex 51.96810591000365 8.569022737338452 14.8
      vertex 52.28569476828142 8.690933677959249 9.6
    endloop
  endfacet
  facet normal -0.2588190451025174 0.9659258262890691 0
    outer loop
      vertex 52.28569476828142 8.690933677959249 9.6
      vertex 52.28569476828142 8.690933677959249 14.8
      vertex 52.61428700484228 8.778979702384868 9.6
    endloop
  endfacet
  facet normal -0.156434465040229 0.987688340595138 0
    outer loop
      vertex 52.61428700484228 8.778979702384868 9.6
      vertex 52.61428700484228 8.778979702384868 14.8
      vertex 52.950282494380126 8.832196159946887 9.6
    endloop
  endfacet
  facet normal -0.05233595624294548 0.9986295347545737 0
    outer loop
      vertex 52.950282494380126 8.832196159946887 9.6
      vertex 52.950282494380126 8.832196159946887 14.8
      vertex 53.29 8.85 9.6
    endloop
  endfacet
  facet normal 0.05233595624294548 0.9986295347545737 0
    outer loop
      vertex 53.29 8.85 9.6
      vertex 53.29 8.85 14.8
      vertex 53.62971750561987 8.832196159946887 9.6
    endloop
  endfacet
  facet normal 0.156434465040229 0.987688340595138 0
    outer loop
      vertex 53.62971750561987 8.832196159946887 9.6
      vertex 53.62971750561987 8.832196159946887 14.8
      vertex 53.965712995157716 8.778979702384868 9.6
    endloop
  endfacet
  facet normal 0.2588190451025174 0.9659258262890691 0
    outer loop
      vertex 53.965712995157716 8.778979702384868 9.6
      vertex 53.965712995157716 8.778979702384868 14.8
      vertex 54.29430523171858 8.690933677959249 9.6
    endloop
  endfacet
  facet normal 0.6293203910498404 0.7771459614569685 0
    outer loop
      vertex 55.46467447066629 8.01522068280153 9.6
      vertex 55.20030206995054 8.229305231718579 9.6
      vertex 55.20030206995054 8.229305231718579 14.8
    endloop
  endfacet
  facet normal 0.5446390350150265 0.8386705679454244 0
    outer loop
      vertex 54.915 8.414582562299426 9.6
      vertex 54.915 8.414582562299426 14.8
      vertex 55.20030206995054 8.229305231718579 9.6
    endloop
  endfacet
  facet normal 0.4539904997395413 0.8910065241883707 0
    outer loop
      vertex 54.61189408999635 8.569022737338452 9.6
      vertex 54.61189408999635 8.569022737338452 14.8
      vertex 54.915 8.414582562299426 9.6
    endloop
  endfacet
  facet normal 0.35836794954530776 0.9335804264971987 0
    outer loop
      vertex 54.29430523171858 8.690933677959249 9.6
      vertex 54.29430523171858 8.690933677959249 14.8
      vertex 54.61189408999635 8.569022737338452 9.6
    endloop
  endfacet
  facet normal -0.6293203910498404 0.7771459614569685 0
    outer loop
      vertex 51.37969793004946 8.229305231718579 9.6
      vertex 51.11532552933371 8.01522068280153 14.8
      vertex 51.37969793004946 8.229305231718579 14.8
    endloop
  endfacet
  facet normal -0.5446390350150265 0.8386705679454244 0
    outer loop
      vertex 51.665 8.414582562299426 9.6
      vertex 51.37969793004946 8.229305231718579 14.8
      vertex 51.665 8.414582562299426 14.8
    endloop
  endfacet
  facet normal -0.4539904997395413 0.8910065241883707 0
    outer loop
      vertex 51.96810591000365 8.569022737338452 9.6
      vertex 51.665 8.414582562299426 14.8
      vertex 51.96810591000365 8.569022737338452 14.8
    endloop
  endfacet
  facet normal -0.35836794954530776 0.9335804264971987 0
    outer loop
      vertex 52.28569476828142 8.690933677959249 9.6
      vertex 51.96810591000365 8.569022737338452 14.8
      vertex 52.28569476828142 8.690933677959249 14.8
    endloop
  endfacet
  facet normal -0.2588190451025174 0.9659258262890691 0
    outer loop
      vertex 52.61428700484228 8.778979702384868 9.6
      vertex 52.28569476828142 8.690933677959249 14.8
      vertex 52.61428700484228 8.778979702384868 14.8
    endloop
  endfacet
  facet normal -0.156434465040229 0.987688340595138 0
    outer loop
      vertex 52.950282494380126 8.832196159946887 9.6
      vertex 52.61428700484228 8.778979702384868 14.8
      vertex 52.950282494380126 8.832196159946887 14.8
    endloop
  endfacet
  facet normal -0.05233595624294548 0.9986295347545737 0
    outer loop
      vertex 52.950282494380126 8.832196159946887 14.8
      vertex 53.29 8.85 14.8
      vertex 53.29 8.85 9.6
    endloop
  endfacet
  facet normal 0.2588190451025174 0.9659258262890691 0
    outer loop
      vertex 54.29430523171858 8.690933677959249 9.6
      vertex 53.965712995157716 8.778979702384868 14.8
      vertex 54.29430523171858 8.690933677959249 14.8
    endloop
  endfacet
  facet normal 0.156434465040229 0.987688340595138 0
    outer loop
      vertex 53.965712995157716 8.778979702384868 9.6
      vertex 53.62971750561987 8.832196159946887 14.8
      vertex 53.965712995157716 8.778979702384868 14.8
    endloop
  endfacet
  facet normal 0.05233595624294548 0.9986295347545737 0
    outer loop
      vertex 53.62971750561987 8.832196159946887 9.6
      vertex 53.29 8.85 14.8
      vertex 53.62971750561987 8.832196159946887 14.8
    endloop
  endfacet
  facet normal 0.6293203910498404 0.7771459614569685 0
    outer loop
      vertex 55.46467447066629 8.01522068280153 9.6
      vertex 55.20030206995054 8.229305231718579 14.8
      vertex 55.46467447066629 8.01522068280153 14.8
    endloop
  endfacet
  facet normal 0.5446390350150265 0.8386705679454244 0
    outer loop
      vertex 55.20030206995054 8.229305231718579 9.6
      vertex 54.915 8.414582562299426 14.8
      vertex 55.20030206995054 8.229305231718579 14.8
    endloop
  endfacet
  facet normal 0.4539904997395413 0.8910065241883707 0
    outer loop
      vertex 54.915 8.414582562299426 9.6
      vertex 54.61189408999635 8.569022737338452 14.8
      vertex 54.915 8.414582562299426 14.8
    endloop
  endfacet
  facet normal 0.35836794954530776 0.9335804264971987 0
    outer loop
      vertex 54.61189408999635 8.569022737338452 9.6
      vertex 54.29430523171858 8.690933677959249 14.8
      vertex 54.61189408999635 8.569022737338452 14.8
    endloop
  endfacet
  facet normal 0 0 1
    outer loop
      vertex 51.665 8.414582562299426 14.8
      vertex 51.60125046262034 6.574999999999999 14.8
      vertex 51.71241686096885 6.746181241970322 14.8
    endloop
  endfacet
  facet normal 0 0 1
    outer loop
      vertex 51.11532552933371 8.01522068280153 14.8
      vertex 51.350682304031864 5.803830503371924 14.8
      vertex 51.37969793004946 8.229305231718579 14.8
    endloop
  endfacet
  facet normal 0 0 1
    outer loop
      vertex 51.665 8.414582562299426 14.8
      vertex 51.71241686096885 6.746181241970322 14.8
      vertex 51.84086759031908 6.904804682399773 14.8
    endloop
  endfacet
  facet normal 0 0 1
    outer loop
      vertex 51.96810591000365 8.569022737338452 14.8
      vertex 51.84086759031908 6.904804682399773 14.8
      vertex 51.98519531760022 7.049132409680919 14.8
    endloop
  endfacet
  facet normal 0 0 1
    outer loop
      vertex 51.96810591000365 8.569022737338452 14.8
      vertex 51.98519531760022 7.049132409680919 14.8
      vertex 52.143818758029674 7.177583139031147 14.8
    endloop
  endfacet
  facet normal 0 0 1
    outer loop
      vertex 51.37969793004946 8.229305231718579 14.8
      vertex 51.60125046262034 6.574999999999999 14.8
      vertex 51.665 8.414582562299426 14.8
    endloop
  endfacet
  facet normal 0 0 1
    outer loop
      vertex 52.28569476828142 8.690933677959249 14.8
      vertex 52.143818758029674 7.177583139031147 14.8
      vertex 52.315 7.288749537379655 14.8
    endloop
  endfacet
  facet normal 0 0 1
    outer loop
      vertex 52.28569476828142 8.690933677959249 14.8
      vertex 52.315 7.288749537379655 14.8
      vertex 52.49686354600219 7.381413642403071 14.8
    endloop
  endfacet
  facet normal 0 0 1
    outer loop
      vertex 52.61428700484228 8.778979702384868 14.8
      vertex 52.49686354600219 7.381413642403071 14.8
      vertex 52.68741686096885 7.4545602067755485 14.8
    endloop
  endfacet
  facet normal 0 0 1
    outer loop
      vertex 51.665 8.414582562299426 14.8
      vertex 51.84086759031908 6.904804682399773 14.8
      vertex 51.96810591000365 8.569022737338452 14.8
    endloop
  endfacet
  facet normal 0 0 1
    outer loop
      vertex 54.29430523171858 8.690933677959249 14.8
      vertex 54.08313645399781 7.381413642403071 14.8
      vertex 54.265 7.288749537379655 14.8
    endloop
  endfacet
  facet normal 0 0 1
    outer loop
      vertex 52.61428700484228 8.778979702384868 14.8
      vertex 52.68741686096885 7.4545602067755485 14.8
      vertex 52.88457220290537 7.507387821430921 14.8
    endloop
  endfacet
  facet normal 0 0 1
    outer loop
      vertex 52.950282494380126 8.832196159946887 14.8
      vertex 52.88457220290537 7.507387821430921 14.8
      vertex 53.086169496628074 7.5393176959681325 14.8
    endloop
  endfacet
  facet normal 0 0 1
    outer loop
      vertex 52.950282494380126 8.832196159946887 14.8
      vertex 53.086169496628074 7.5393176959681325 14.8
      vertex 53.29 7.55 14.8
    endloop
  endfacet
  facet normal 0 0 1
    outer loop
      vertex 53.965712995157716 8.778979702384868 14.8
      vertex 53.69542779709463 7.507387821430921 14.8
      vertex 53.892583139031146 7.4545602067755485 14.8
    endloop
  endfacet
  facet normal 0 0 1
    outer loop
      vertex 54.29430523171858 8.690933677959249 14.8
      vertex 53.892583139031146 7.4545602067755485 14.8
      vertex 54.08313645399781 7.381413642403071 14.8
    endloop
  endfacet
  facet normal 0 0 1
    outer loop
      vertex 53.62971750561987 8.832196159946887 14.8
      vertex 53.493830503371925 7.5393176959681325 14.8
      vertex 53.69542779709463 7.507387821430921 14.8
    endloop
  endfacet
  facet normal 0 0 1
    outer loop
      vertex 53.62971750561987 8.832196159946887 14.8
      vertex 53.29 7.55 14.8
      vertex 53.493830503371925 7.5393176959681325 14.8
    endloop
  endfacet
  facet normal 0 0 1
    outer loop
      vertex 54.915 8.414582562299426 14.8
      vertex 54.86758313903115 6.746181241970322 14.8
      vertex 54.978749537379656 6.574999999999999 14.8
    endloop
  endfacet
  facet normal 0 0 1
    outer loop
      vertex 54.915 8.414582562299426 14.8
      vertex 54.73913240968092 6.904804682399773 14.8
      vertex 54.86758313903115 6.746181241970322 14.8
    endloop
  endfacet
  facet normal 0 0 1
    outer loop
      vertex 54.915 8.414582562299426 14.8
      vertex 54.594804682399776 7.049132409680919 14.8
      vertex 54.73913240968092 6.904804682399773 14.8
    endloop
  endfacet
  facet normal 0 0 1
    outer loop
      vertex 54.61189408999635 8.569022737338452 14.8
      vertex 54.436181241970324 7.177583139031147 14.8
      vertex 54.594804682399776 7.049132409680919 14.8
    endloop
  endfacet
  facet normal 0 0 1
    outer loop
      vertex 54.61189408999635 8.569022737338452 14.8
      vertex 54.265 7.288749537379655 14.8
      vertex 54.436181241970324 7.177583139031147 14.8
    endloop
  endfacet
  facet normal 0 0 1
    outer loop
      vertex 54.915 8.414582562299426 14.8
      vertex 54.978749537379656 6.574999999999999 14.8
      vertex 55.20030206995054 8.229305231718579 14.8
    endloop
  endfacet
  facet normal 0 0 1
    outer loop
      vertex 54.61189408999635 8.569022737338452 14.8
      vertex 54.594804682399776 7.049132409680919 14.8
      vertex 54.915 8.414582562299426 14.8
    endloop
  endfacet
  facet normal 0 0 1
    outer loop
      vertex 51.96810591000365 8.569022737338452 14.8
      vertex 52.143818758029674 7.177583139031147 14.8
      vertex 52.28569476828142 8.690933677959249 14.8
    endloop
  endfacet
  facet normal 0 0 1
    outer loop
      vertex 52.28569476828142 8.690933677959249 14.8
      vertex 52.49686354600219 7.381413642403071 14.8
      vertex 52.61428700484228 8.778979702384868 14.8
    endloop
  endfacet
  facet normal 0 0 1
    outer loop
      vertex 52.61428700484228 8.778979702384868 14.8
      vertex 52.88457220290537 7.507387821430921 14.8
      vertex 52.950282494380126 8.832196159946887 14.8
    endloop
  endfacet
  facet normal 0 0 1
    outer loop
      vertex 52.950282494380126 8.832196159946887 14.8
      vertex 53.29 7.55 14.8
      vertex 53.29 8.85 14.8
    endloop
  endfacet
  facet normal 0 0 1
    outer loop
      vertex 53.29 8.85 14.8
      vertex 53.29 7.55 14.8
      vertex 53.62971750561987 8.832196159946887 14.8
    endloop
  endfacet
  facet normal 0 0 1
    outer loop
      vertex 53.965712995157716 8.778979702384868 14.8
      vertex 53.892583139031146 7.4545602067755485 14.8
      vertex 54.29430523171858 8.690933677959249 14.8
    endloop
  endfacet
  facet normal 0 0 1
    outer loop
      vertex 53.62971750561987 8.832196159946887 14.8
      vertex 53.69542779709463 7.507387821430921 14.8
      vertex 53.965712995157716 8.778979702384868 14.8
    endloop
  endfacet
  facet normal 0 0 1
    outer loop
      vertex 54.29430523171858 8.690933677959249 14.8
      vertex 54.265 7.288749537379655 14.8
      vertex 54.61189408999635 8.569022737338452 14.8
    endloop
  endfacet
  facet normal -0.9986295347545738 0.05233595624294535 0
    outer loop
      vertex 51.350682304031864 5.803830503371924 24.6
      vertex 51.350682304031864 5.803830503371924 14.8
      vertex 51.339999999999996 5.6 14.8
    endloop
  endfacet
  facet normal -0.9876883405951375 0.15643446504023245 0
    outer loop
      vertex 51.382612178569076 6.00542779709463 24.6
      vertex 51.382612178569076 6.00542779709463 14.8
      vertex 51.350682304031864 5.803830503371924 14.8
    endloop
  endfacet
  facet normal -0.9659258262890692 0.25881904510251724 0
    outer loop
      vertex 51.43543979322445 6.202583139031147 24.6
      vertex 51.43543979322445 6.202583139031147 14.8
      vertex 51.382612178569076 6.00542779709463 14.8
    endloop
  endfacet
  facet normal -0.9335804264971999 0.3583679495453053 0
    outer loop
      vertex 51.508586357596926 6.39313645399781 24.6
      vertex 51.508586357596926 6.39313645399781 14.8
      vertex 51.43543979322445 6.202583139031147 14.8
    endloop
  endfacet
  facet normal 0.9986295347545738 0.05233595624294535 0
    outer loop
      vertex 55.24 5.6 24.6
      vertex 55.24 5.6 14.8
      vertex 55.229317695968135 5.803830503371924 14.8
    endloop
  endfacet
  facet normal 0.9876883405951375 0.15643446504023245 0
    outer loop
      vertex 55.229317695968135 5.803830503371924 24.6
      vertex 55.229317695968135 5.803830503371924 14.8
      vertex 55.19738782143092 6.00542779709463 14.8
    endloop
  endfacet
  facet normal 0.9659258262890692 0.25881904510251724 0
    outer loop
      vertex 55.19738782143092 6.00542779709463 24.6
      vertex 55.19738782143092 6.00542779709463 14.8
      vertex 55.14456020677555 6.202583139031147 14.8
    endloop
  endfacet
  facet normal 0.9335804264971999 0.3583679495453053 0
    outer loop
      vertex 55.14456020677555 6.202583139031147 24.6
      vertex 55.14456020677555 6.202583139031147 14.8
      vertex 55.07141364240307 6.39313645399781 14.8
    endloop
  endfacet
  facet normal -0.8910065241883666 0.45399049973954897 0
    outer loop
      vertex 51.60125046262034 6.574999999999999 24.6
      vertex 51.60125046262034 6.574999999999999 14.8
      vertex 51.508586357596926 6.39313645399781 14.8
    endloop
  endfacet
  facet normal -0.8386705679454222 0.5446390350150297 0
    outer loop
      vertex 51.71241686096885 6.746181241970322 24.6
      vertex 51.71241686096885 6.746181241970322 14.8
      vertex 51.60125046262034 6.574999999999999 14.8
    endloop
  endfacet
  facet normal -0.7771459614569739 0.6293203910498338 0
    outer loop
      vertex 51.84086759031908 6.904804682399773 24.6
      vertex 51.84086759031908 6.904804682399773 14.8
      vertex 51.71241686096885 6.746181241970322 14.8
    endloop
  endfacet
  facet normal -0.7071067811865518 0.7071067811865431 0
    outer loop
      vertex 51.98519531760022 7.049132409680919 24.6
      vertex 51.98519531760022 7.049132409680919 14.8
      vertex 51.84086759031908 6.904804682399773 14.8
    endloop
  endfacet
  facet normal -0.6293203910498343 0.7771459614569733 0
    outer loop
      vertex 52.143818758029674 7.177583139031147 24.6
      vertex 52.143818758029674 7.177583139031147 14.8
      vertex 51.98519531760022 7.049132409680919 14.8
    endloop
  endfacet
  facet normal 0.8910065241883666 0.45399049973954897 0
    outer loop
      vertex 55.07141364240307 6.39313645399781 24.6
      vertex 55.07141364240307 6.39313645399781 14.8
      vertex 54.978749537379656 6.574999999999999 14.8
    endloop
  endfacet
  facet normal 0.8386705679454222 0.5446390350150297 0
    outer loop
      vertex 54.978749537379656 6.574999999999999 24.6
      vertex 54.978749537379656 6.574999999999999 14.8
      vertex 54.86758313903115 6.746181241970322 14.8
    endloop
  endfacet
  facet normal 0.7771459614569739 0.6293203910498338 0
    outer loop
      vertex 54.86758313903115 6.746181241970322 24.6
      vertex 54.86758313903115 6.746181241970322 14.8
      vertex 54.73913240968092 6.904804682399773 14.8
    endloop
  endfacet
  facet normal 0.7071067811865518 0.7071067811865431 0
    outer loop
      vertex 54.73913240968092 6.904804682399773 24.6
      vertex 54.73913240968092 6.904804682399773 14.8
      vertex 54.594804682399776 7.049132409680919 14.8
    endloop
  endfacet
  facet normal 0.6293203910498343 0.7771459614569733 0
    outer loop
      vertex 54.594804682399776 7.049132409680919 24.6
      vertex 54.594804682399776 7.049132409680919 14.8
      vertex 54.436181241970324 7.177583139031147 14.8
    endloop
  endfacet
  facet normal 0.5446390350150246 0.8386705679454256 0
    outer loop
      vertex 54.436181241970324 7.177583139031147 24.6
      vertex 54.436181241970324 7.177583139031147 14.8
      vertex 54.265 7.288749537379655 14.8
    endloop
  endfacet
  facet normal -0.9986295347545738 0.05233595624294535 0
    outer loop
      vertex 51.339999999999996 5.6 24.6
      vertex 51.350682304031864 5.803830503371924 24.6
      vertex 51.339999999999996 5.6 14.8
    endloop
  endfacet
  facet normal -0.9876883405951375 0.15643446504023245 0
    outer loop
      vertex 51.350682304031864 5.803830503371924 24.6
      vertex 51.382612178569076 6.00542779709463 24.6
      vertex 51.350682304031864 5.803830503371924 14.8
    endloop
  endfacet
  facet normal -0.9659258262890692 0.25881904510251724 0
    outer loop
      vertex 51.382612178569076 6.00542779709463 24.6
      vertex 51.43543979322445 6.202583139031147 24.6
      vertex 51.382612178569076 6.00542779709463 14.8
    endloop
  endfacet
  facet normal -0.9335804264971999 0.3583679495453053 0
    outer loop
      vertex 51.43543979322445 6.202583139031147 24.6
      vertex 51.508586357596926 6.39313645399781 24.6
      vertex 51.43543979322445 6.202583139031147 14.8
    endloop
  endfacet
  facet normal 0.9986295347545738 0.05233595624294535 0
    outer loop
      vertex 55.24 5.6 24.6
      vertex 55.229317695968135 5.803830503371924 14.8
      vertex 55.229317695968135 5.803830503371924 24.6
    endloop
  endfacet
  facet normal 0.9876883405951375 0.15643446504023245 0
    outer loop
      vertex 55.229317695968135 5.803830503371924 24.6
      vertex 55.19738782143092 6.00542779709463 14.8
      vertex 55.19738782143092 6.00542779709463 24.6
    endloop
  endfacet
  facet normal 0.9659258262890692 0.25881904510251724 0
    outer loop
      vertex 55.19738782143092 6.00542779709463 24.6
      vertex 55.14456020677555 6.202583139031147 14.8
      vertex 55.14456020677555 6.202583139031147 24.6
    endloop
  endfacet
  facet normal 0.9335804264971999 0.3583679495453053 0
    outer loop
      vertex 55.14456020677555 6.202583139031147 24.6
      vertex 55.07141364240307 6.39313645399781 14.8
      vertex 55.07141364240307 6.39313645399781 24.6
    endloop
  endfacet
  facet normal 0 0 1
    outer loop
      vertex 51.382612178569076 5.194572202905369 24.6
      vertex 51.382612178569076 6.00542779709463 24.6
      vertex 51.350682304031864 5.803830503371924 24.6
    endloop
  endfacet
  facet normal 0 0 1
    outer loop
      vertex 51.43543979322445 4.997416860968852 24.6
      vertex 51.43543979322445 6.202583139031147 24.6
      vertex 51.382612178569076 6.00542779709463 24.6
    endloop
  endfacet
  facet normal 0 0 1
    outer loop
      vertex 51.508586357596926 4.806863546002189 24.6
      vertex 51.508586357596926 6.39313645399781 24.6
      vertex 51.43543979322445 6.202583139031147 24.6
    endloop
  endfacet
  facet normal 0 0 1
    outer loop
      vertex 51.60125046262034 4.625 24.6
      vertex 51.60125046262034 6.574999999999999 24.6
      vertex 51.508586357596926 6.39313645399781 24.6
    endloop
  endfacet
  facet normal 0 0 1
    outer loop
      vertex 51.71241686096885 4.453818758029677 24.6
      vertex 51.71241686096885 6.746181241970322 24.6
      vertex 51.60125046262034 6.574999999999999 24.6
    endloop
  endfacet
  facet normal 0 0 1
    outer loop
      vertex 51.84086759031908 4.295195317600227 24.6
      vertex 51.84086759031908 6.904804682399773 24.6
      vertex 51.71241686096885 6.746181241970322 24.6
    endloop
  endfacet
  facet normal 0 0 1
    outer loop
      vertex 51.98519531760022 4.150867590319081 24.6
      vertex 51.98519531760022 7.049132409680919 24.6
      vertex 51.84086759031908 6.904804682399773 24.6
    endloop
  endfacet
  facet normal 0 0 1
    outer loop
      vertex 52.143818758029674 4.022416860968852 24.6
      vertex 52.143818758029674 7.177583139031147 24.6
      vertex 51.98519531760022 7.049132409680919 24.6
    endloop
  endfacet
  facet normal 0 0 1
    outer loop
      vertex 52.315 3.9112504626203446 24.6
      vertex 52.315 7.288749537379655 24.6
      vertex 52.143818758029674 7.177583139031147 24.6
    endloop
  endfacet
  facet normal 0 0 1
    outer loop
      vertex 52.49686354600219 3.818586357596928 24.6
      vertex 52.49686354600219 7.381413642403071 24.6
      vertex 52.315 7.288749537379655 24.6
    endloop
  endfacet
  facet normal 0 0 1
    outer loop
      vertex 52.68741686096885 3.7454397932244503 24.6
      vertex 52.68741686096885 7.4545602067755485 24.6
      vertex 52.49686354600219 7.381413642403071 24.6
    endloop
  endfacet
  facet normal 0 0 1
    outer loop
      vertex 54.265 3.9112504626203446 24.6
      vertex 54.265 7.288749537379655 24.6
      vertex 54.08313645399781 7.381413642403071 24.6
    endloop
  endfacet
  facet normal 0 0 1
    outer loop
      vertex 52.88457220290537 3.6926121785690786 24.6
      vertex 52.88457220290537 7.507387821430921 24.6
      vertex 52.68741686096885 7.4545602067755485 24.6
    endloop
  endfacet
  facet normal 0 0 1
    outer loop
      vertex 53.086169496628074 3.660682304031867 24.6
      vertex 53.086169496628074 7.5393176959681325 24.6
      vertex 52.88457220290537 7.507387821430921 24.6
    endloop
  endfacet
  facet normal 0 0 1
    outer loop
      vertex 53.086169496628074 7.5393176959681325 24.6
      vertex 53.29 3.6499999999999995 24.6
      vertex 53.29 7.55 24.6
    endloop
  endfacet
  facet normal 0 0 1
    outer loop
      vertex 53.493830503371925 3.660682304031867 24.6
      vertex 53.493830503371925 7.5393176959681325 24.6
      vertex 53.29 7.55 24.6
    endloop
  endfacet
  facet normal 0 0 1
    outer loop
      vertex 53.69542779709463 3.6926121785690786 24.6
      vertex 53.69542779709463 7.507387821430921 24.6
      vertex 53.493830503371925 7.5393176959681325 24.6
    endloop
  endfacet
  facet normal 0 0 1
    outer loop
      vertex 53.892583139031146 3.7454397932244503 24.6
      vertex 53.892583139031146 7.4545602067755485 24.6
      vertex 53.69542779709463 7.507387821430921 24.6
    endloop
  endfacet
  facet normal 0 0 1
    outer loop
      vertex 54.08313645399781 3.818586357596928 24.6
      vertex 54.08313645399781 7.381413642403071 24.6
      vertex 53.892583139031146 7.4545602067755485 24.6
    endloop
  endfacet
  facet normal 0 0 1
    outer loop
      vertex 55.229317695968135 5.396169496628075 24.6
      vertex 55.229317695968135 5.803830503371924 24.6
      vertex 55.19738782143092 6.00542779709463 24.6
    endloop
  endfacet
  facet normal 0 0 1
    outer loop
      vertex 55.19738782143092 5.194572202905369 24.6
      vertex 55.19738782143092 6.00542779709463 24.6
      vertex 55.14456020677555 6.202583139031147 24.6
    endloop
  endfacet
  facet normal 0 0 1
    outer loop
      vertex 55.14456020677555 4.997416860968852 24.6
      vertex 55.14456020677555 6.202583139031147 24.6
      vertex 55.07141364240307 6.39313645399781 24.6
    endloop
  endfacet
  facet normal 0 0 1
    outer loop
      vertex 55.07141364240307 4.806863546002189 24.6
      vertex 55.07141364240307 6.39313645399781 24.6
      vertex 54.978749537379656 6.574999999999999 24.6
    endloop
  endfacet
  facet normal 0 0 1
    outer loop
      vertex 54.978749537379656 4.625 24.6
      vertex 54.978749537379656 6.574999999999999 24.6
      vertex 54.86758313903115 6.746181241970322 24.6
    endloop
  endfacet
  facet normal 0 0 1
    outer loop
      vertex 54.73913240968092 4.295195317600227 24.6
      vertex 54.73913240968092 6.904804682399773 24.6
      vertex 54.594804682399776 7.049132409680919 24.6
    endloop
  endfacet
  facet normal 0 0 1
    outer loop
      vertex 54.86758313903115 4.453818758029677 24.6
      vertex 54.86758313903115 6.746181241970322 24.6
      vertex 54.73913240968092 6.904804682399773 24.6
    endloop
  endfacet
  facet normal 0 0 1
    outer loop
      vertex 54.594804682399776 4.150867590319081 24.6
      vertex 54.594804682399776 7.049132409680919 24.6
      vertex 54.436181241970324 7.177583139031147 24.6
    endloop
  endfacet
  facet normal 0 0 1
    outer loop
      vertex 54.436181241970324 4.022416860968852 24.6
      vertex 54.436181241970324 7.177583139031147 24.6
      vertex 54.265 7.288749537379655 24.6
    endloop
  endfacet
  facet normal -0.8910065241883666 0.45399049973954897 0
    outer loop
      vertex 51.508586357596926 6.39313645399781 24.6
      vertex 51.60125046262034 6.574999999999999 24.6
      vertex 51.508586357596926 6.39313645399781 14.8
    endloop
  endfacet
  facet normal -0.8386705679454222 0.5446390350150297 0
    outer loop
      vertex 51.60125046262034 6.574999999999999 24.6
      vertex 51.71241686096885 6.746181241970322 24.6
      vertex 51.60125046262034 6.574999999999999 14.8
    endloop
  endfacet
  facet normal -0.7771459614569739 0.6293203910498338 0
    outer loop
      vertex 51.71241686096885 6.746181241970322 24.6
      vertex 51.84086759031908 6.904804682399773 24.6
      vertex 51.71241686096885 6.746181241970322 14.8
    endloop
  endfacet
  facet normal -0.7071067811865518 0.7071067811865431 0
    outer loop
      vertex 51.84086759031908 6.904804682399773 24.6
      vertex 51.98519531760022 7.049132409680919 24.6
      vertex 51.84086759031908 6.904804682399773 14.8
    endloop
  endfacet
  facet normal -0.6293203910498343 0.7771459614569733 0
    outer loop
      vertex 51.98519531760022 7.049132409680919 24.6
      vertex 52.143818758029674 7.177583139031147 24.6
      vertex 51.98519531760022 7.049132409680919 14.8
    endloop
  endfacet
  facet normal -0.5446390350150246 0.8386705679454256 0
    outer loop
      vertex 52.143818758029674 7.177583139031147 24.6
      vertex 52.315 7.288749537379655 24.6
      vertex 52.143818758029674 7.177583139031147 14.8
    endloop
  endfacet
  facet normal 0.8910065241883666 0.45399049973954897 0
    outer loop
      vertex 55.07141364240307 6.39313645399781 24.6
      vertex 54.978749537379656 6.574999999999999 14.8
      vertex 54.978749537379656 6.574999999999999 24.6
    endloop
  endfacet
  facet normal 0.8386705679454222 0.5446390350150297 0
    outer loop
      vertex 54.86758313903115 6.746181241970322 24.6
      vertex 54.978749537379656 6.574999999999999 24.6
      vertex 54.86758313903115 6.746181241970322 14.8
    endloop
  endfacet
  facet normal 0.7771459614569739 0.6293203910498338 0
    outer loop
      vertex 54.73913240968092 6.904804682399773 24.6
      vertex 54.86758313903115 6.746181241970322 24.6
      vertex 54.73913240968092 6.904804682399773 14.8
    endloop
  endfacet
  facet normal 0.7071067811865518 0.7071067811865431 0
    outer loop
      vertex 54.594804682399776 7.049132409680919 24.6
      vertex 54.73913240968092 6.904804682399773 24.6
      vertex 54.594804682399776 7.049132409680919 14.8
    endloop
  endfacet
  facet normal 0.6293203910498343 0.7771459614569733 0
    outer loop
      vertex 54.594804682399776 7.049132409680919 24.6
      vertex 54.436181241970324 7.177583139031147 14.8
      vertex 54.436181241970324 7.177583139031147 24.6
    endloop
  endfacet
  facet normal -0.5446390350150246 0.8386705679454256 0
    outer loop
      vertex 52.315 7.288749537379655 24.6
      vertex 52.315 7.288749537379655 14.8
      vertex 52.143818758029674 7.177583139031147 14.8
    endloop
  endfacet
  facet normal -0.4539904997395454 0.8910065241883685 0
    outer loop
      vertex 52.49686354600219 7.381413642403071 24.6
      vertex 52.49686354600219 7.381413642403071 14.8
      vertex 52.315 7.288749537379655 14.8
    endloop
  endfacet
  facet normal 0.4539904997395454 0.8910065241883685 0
    outer loop
      vertex 54.265 7.288749537379655 24.6
      vertex 54.265 7.288749537379655 14.8
      vertex 54.08313645399781 7.381413642403071 14.8
    endloop
  endfacet
  facet normal 0.3583679495452962 0.9335804264972032 0
    outer loop
      vertex 54.08313645399781 7.381413642403071 24.6
      vertex 54.08313645399781 7.381413642403071 14.8
      vertex 53.892583139031146 7.4545602067755485 14.8
    endloop
  endfacet
  facet normal -0.3583679495452962 0.9335804264972032 0
    outer loop
      vertex 52.68741686096885 7.4545602067755485 24.6
      vertex 52.68741686096885 7.4545602067755485 14.8
      vertex 52.49686354600219 7.381413642403071 14.8
    endloop
  endfacet
  facet normal -0.25881904510252757 0.9659258262890665 0
    outer loop
      vertex 52.88457220290537 7.507387821430921 24.6
      vertex 52.88457220290537 7.507387821430921 14.8
      vertex 52.68741686096885 7.4545602067755485 14.8
    endloop
  endfacet
  facet normal -0.15643446504022818 0.9876883405951382 0
    outer loop
      vertex 53.086169496628074 7.5393176959681325 24.6
      vertex 53.086169496628074 7.5393176959681325 14.8
      vertex 52.88457220290537 7.507387821430921 14.8
    endloop
  endfacet
  facet normal -0.05233595624294511 0.9986295347545737 0
    outer loop
      vertex 53.29 7.55 24.6
      vertex 53.29 7.55 14.8
      vertex 53.086169496628074 7.5393176959681325 14.8
    endloop
  endfacet
  facet normal 0.05233595624294511 0.9986295347545737 0
    outer loop
      vertex 53.493830503371925 7.5393176959681325 24.6
      vertex 53.493830503371925 7.5393176959681325 14.8
      vertex 53.29 7.55 14.8
    endloop
  endfacet
  facet normal 0.25881904510252757 0.9659258262890665 0
    outer loop
      vertex 53.892583139031146 7.4545602067755485 24.6
      vertex 53.892583139031146 7.4545602067755485 14.8
      vertex 53.69542779709463 7.507387821430921 14.8
    endloop
  endfacet
  facet normal 0.15643446504022818 0.9876883405951382 0
    outer loop
      vertex 53.69542779709463 7.507387821430921 24.6
      vertex 53.69542779709463 7.507387821430921 14.8
      vertex 53.493830503371925 7.5393176959681325 14.8
    endloop
  endfacet
  facet normal -0.4539904997395454 0.8910065241883685 0
    outer loop
      vertex 52.315 7.288749537379655 24.6
      vertex 52.49686354600219 7.381413642403071 24.6
      vertex 52.315 7.288749537379655 14.8
    endloop
  endfacet
  facet normal -0.3583679495452962 0.9335804264972032 0
    outer loop
      vertex 52.49686354600219 7.381413642403071 24.6
      vertex 52.68741686096885 7.4545602067755485 24.6
      vertex 52.49686354600219 7.381413642403071 14.8
    endloop
  endfacet
  facet normal 0.4539904997395454 0.8910065241883685 0
    outer loop
      vertex 54.08313645399781 7.381413642403071 24.6
      vertex 54.265 7.288749537379655 24.6
      vertex 54.08313645399781 7.381413642403071 14.8
    endloop
  endfacet
  facet normal -0.25881904510252757 0.9659258262890665 0
    outer loop
      vertex 52.68741686096885 7.4545602067755485 24.6
      vertex 52.88457220290537 7.507387821430921 24.6
      vertex 52.68741686096885 7.4545602067755485 14.8
    endloop
  endfacet
  facet normal -0.15643446504022818 0.9876883405951382 0
    outer loop
      vertex 52.88457220290537 7.507387821430921 24.6
      vertex 53.086169496628074 7.5393176959681325 24.6
      vertex 52.88457220290537 7.507387821430921 14.8
    endloop
  endfacet
  facet normal -0.05233595624294511 0.9986295347545737 0
    outer loop
      vertex 53.086169496628074 7.5393176959681325 24.6
      vertex 53.29 7.55 24.6
      vertex 53.086169496628074 7.5393176959681325 14.8
    endloop
  endfacet
  facet normal 0.05233595624294511 0.9986295347545737 0
    outer loop
      vertex 53.29 7.55 24.6
      vertex 53.493830503371925 7.5393176959681325 24.6
      vertex 53.29 7.55 14.8
    endloop
  endfacet
  facet normal 0.15643446504022818 0.9876883405951382 0
    outer loop
      vertex 53.493830503371925 7.5393176959681325 24.6
      vertex 53.69542779709463 7.507387821430921 24.6
      vertex 53.493830503371925 7.5393176959681325 14.8
    endloop
  endfacet
  facet normal 0.25881904510252757 0.9659258262890665 0
    outer loop
      vertex 53.69542779709463 7.507387821430921 24.6
      vertex 53.892583139031146 7.4545602067755485 24.6
      vertex 53.69542779709463 7.507387821430921 14.8
    endloop
  endfacet
  facet normal 0.3583679495452962 0.9335804264972032 0
    outer loop
      vertex 53.892583139031146 7.4545602067755485 24.6
      vertex 54.08313645399781 7.381413642403071 24.6
      vertex 53.892583139031146 7.4545602067755485 14.8
    endloop
  endfacet
  facet normal 0.5446390350150246 0.8386705679454256 0
    outer loop
      vertex 54.265 7.288749537379655 24.6
      vertex 54.436181241970324 7.177583139031147 24.6
      vertex 54.265 7.288749537379655 14.8
    endloop
  endfacet
  facet normal -0.35836794954529855 -0.9335804264972024 0
    outer loop
      vertex 60.02610591000365 2.630977262661547 9.6
      vertex 60.34369476828142 2.5090663220407508 9.6
      vertex 60.34369476828142 2.5090663220407508 14.8
    endloop
  endfacet
  facet normal -0.25881904510252385 -0.9659258262890674 0
    outer loop
      vertex 60.34369476828142 2.5090663220407508 9.6
      vertex 60.67228700484228 2.421020297615131 9.6
      vertex 60.67228700484228 2.421020297615131 14.8
    endloop
  endfacet
  facet normal -0.15643446504023029 -0.9876883405951378 0
    outer loop
      vertex 60.67228700484228 2.421020297615131 9.6
      vertex 61.008282494380126 2.3678038400531114 9.6
      vertex 61.008282494380126 2.3678038400531114 14.8
    endloop
  endfacet
  facet normal -0.4539904997395445 -0.8910065241883691 0
    outer loop
      vertex 60.02610591000365 2.630977262661547 9.6
      vertex 60.02610591000365 2.630977262661547 14.8
      vertex 59.723 2.7854174377005743 9.6
    endloop
  endfacet
  facet normal -0.6293203910498387 -0.7771459614569697 0
    outer loop
      vertex 59.43769793004946 2.9706947682814207 9.6
      vertex 59.43769793004946 2.9706947682814207 14.8
      vertex 59.17332552933371 3.184779317198468 9.6
    endloop
  endfacet
  facet normal -0.5446390350150248 -0.8386705679454255 0
    outer loop
      vertex 59.43769793004946 2.9706947682814207 9.6
      vertex 59.723 2.7854174377005743 9.6
      vertex 59.723 2.7854174377005743 14.8
    endloop
  endfacet
  facet normal -0.05233595624294419 -0.9986295347545739 0
    outer loop
      vertex 61.008282494380126 2.3678038400531114 9.6
      vertex 61.348 2.3499999999999996 9.6
      vertex 61.348 2.3499999999999996 14.8
    endloop
  endfacet
  facet normal 0.05233595624294419 -0.9986295347545739 0
    outer loop
      vertex 61.348 2.3499999999999996 9.6
      vertex 61.68771750561987 2.3678038400531114 9.6
      vertex 61.68771750561987 2.3678038400531114 14.8
    endloop
  endfacet
  facet normal 0.15643446504023029 -0.9876883405951378 0
    outer loop
      vertex 61.68771750561987 2.3678038400531114 9.6
      vertex 62.023712995157716 2.421020297615131 9.6
      vertex 62.023712995157716 2.421020297615131 14.8
    endloop
  endfacet
  facet normal 0.25881904510252385 -0.9659258262890674 0
    outer loop
      vertex 62.023712995157716 2.421020297615131 9.6
      vertex 62.352305231718574 2.5090663220407508 9.6
      vertex 62.352305231718574 2.5090663220407508 14.8
    endloop
  endfacet
  facet normal 0.35836794954529855 -0.9335804264972024 0
    outer loop
      vertex 62.352305231718574 2.5090663220407508 9.6
      vertex 62.66989408999635 2.630977262661547 9.6
      vertex 62.66989408999635 2.630977262661547 14.8
    endloop
  endfacet
  facet normal 0.4539904997395445 -0.8910065241883691 0
    outer loop
      vertex 62.66989408999635 2.630977262661547 9.6
      vertex 62.973 2.7854174377005743 9.6
      vertex 62.973 2.7854174377005743 14.8
    endloop
  endfacet
  facet normal 0.5446390350150248 -0.8386705679454255 0
    outer loop
      vertex 62.973 2.7854174377005743 9.6
      vertex 63.25830206995054 2.9706947682814207 9.6
      vertex 63.25830206995054 2.9706947682814207 14.8
    endloop
  endfacet
  facet normal 0.6293203910498387 -0.7771459614569697 0
    outer loop
      vertex 63.25830206995054 2.9706947682814207 9.6
      vertex 63.52267447066629 3.184779317198468 9.6
      vertex 63.52267447066629 3.184779317198468 14.8
    endloop
  endfacet
  facet normal -0.05233595624294419 -0.9986295347545739 0
    outer loop
      vertex 61.008282494380126 2.3678038400531114 9.6
      vertex 61.348 2.3499999999999996 14.8
      vertex 61.008282494380126 2.3678038400531114 14.8
    endloop
  endfacet
  facet normal -0.15643446504023029 -0.9876883405951378 0
    outer loop
      vertex 60.67228700484228 2.421020297615131 9.6
      vertex 61.008282494380126 2.3678038400531114 14.8
      vertex 60.67228700484228 2.421020297615131 14.8
    endloop
  endfacet
  facet normal -0.25881904510252385 -0.9659258262890674 0
    outer loop
      vertex 60.34369476828142 2.5090663220407508 9.6
      vertex 60.67228700484228 2.421020297615131 14.8
      vertex 60.34369476828142 2.5090663220407508 14.8
    endloop
  endfacet
  facet normal -0.35836794954529855 -0.9335804264972024 0
    outer loop
      vertex 60.02610591000365 2.630977262661547 9.6
      vertex 60.34369476828142 2.5090663220407508 14.8
      vertex 60.02610591000365 2.630977262661547 14.8
    endloop
  endfacet
  facet normal -0.4539904997395445 -0.8910065241883691 0
    outer loop
      vertex 59.723 2.7854174377005743 9.6
      vertex 60.02610591000365 2.630977262661547 14.8
      vertex 59.723 2.7854174377005743 14.8
    endloop
  endfacet
  facet normal -0.6293203910498387 -0.7771459614569697 0
    outer loop
      vertex 59.17332552933371 3.184779317198468 9.6
      vertex 59.43769793004946 2.9706947682814207 14.8
      vertex 59.17332552933371 3.184779317198468 14.8
    endloop
  endfacet
  facet normal -0.5446390350150248 -0.8386705679454255 0
    outer loop
      vertex 59.43769793004946 2.9706947682814207 9.6
      vertex 59.723 2.7854174377005743 14.8
      vertex 59.43769793004946 2.9706947682814207 14.8
    endloop
  endfacet
  facet normal 0.05233595624294419 -0.9986295347545739 0
    outer loop
      vertex 61.348 2.3499999999999996 9.6
      vertex 61.68771750561987 2.3678038400531114 14.8
      vertex 61.348 2.3499999999999996 14.8
    endloop
  endfacet
  facet normal 0.15643446504023029 -0.9876883405951378 0
    outer loop
      vertex 61.68771750561987 2.3678038400531114 9.6
      vertex 62.023712995157716 2.421020297615131 14.8
      vertex 61.68771750561987 2.3678038400531114 14.8
    endloop
  endfacet
  facet normal 0.25881904510252385 -0.9659258262890674 0
    outer loop
      vertex 62.023712995157716 2.421020297615131 9.6
      vertex 62.352305231718574 2.5090663220407508 14.8
      vertex 62.023712995157716 2.421020297615131 14.8
    endloop
  endfacet
  facet normal 0.35836794954529855 -0.9335804264972024 0
    outer loop
      vertex 62.352305231718574 2.5090663220407508 9.6
      vertex 62.66989408999635 2.630977262661547 14.8
      vertex 62.352305231718574 2.5090663220407508 14.8
    endloop
  endfacet
  facet normal 0.4539904997395445 -0.8910065241883691 0
    outer loop
      vertex 62.66989408999635 2.630977262661547 9.6
      vertex 62.973 2.7854174377005743 14.8
      vertex 62.66989408999635 2.630977262661547 14.8
    endloop
  endfacet
  facet normal 0.5446390350150248 -0.8386705679454255 0
    outer loop
      vertex 62.973 2.7854174377005743 9.6
      vertex 63.25830206995054 2.9706947682814207 14.8
      vertex 62.973 2.7854174377005743 14.8
    endloop
  endfacet
  facet normal 0.6293203910498387 -0.7771459614569697 0
    outer loop
      vertex 63.25830206995054 2.9706947682814207 9.6
      vertex 63.52267447066629 3.184779317198468 14.8
      vertex 63.25830206995054 2.9706947682814207 14.8
    endloop
  endfacet
  facet normal -0.7071067811865462 -0.7071067811865489 0
    outer loop
      vertex 58.93277931719847 3.42532552933371 9.6
      vertex 59.17332552933371 3.184779317198468 9.6
      vertex 58.93277931719847 3.42532552933371 14.8
    endloop
  endfacet
  facet normal -0.7771459614569783 -0.6293203910498284 0
    outer loop
      vertex 58.71869476828142 3.689697930049462 9.6
      vertex 58.93277931719847 3.42532552933371 9.6
      vertex 58.71869476828142 3.689697930049462 14.8
    endloop
  endfacet
  facet normal -0.8386705679454156 -0.54463903501504 0
    outer loop
      vertex 58.71869476828142 3.689697930049462 9.6
      vertex 58.53341743770057 3.9749999999999996 14.8
      vertex 58.53341743770057 3.9749999999999996 9.6
    endloop
  endfacet
  facet normal 0.7071067811865462 -0.7071067811865489 0
    outer loop
      vertex 63.52267447066629 3.184779317198468 9.6
      vertex 63.76322068280153 3.42532552933371 9.6
      vertex 63.52267447066629 3.184779317198468 14.8
    endloop
  endfacet
  facet normal 0.7771459614569783 -0.6293203910498284 0
    outer loop
      vertex 63.76322068280153 3.42532552933371 9.6
      vertex 63.977305231718574 3.689697930049462 9.6
      vertex 63.76322068280153 3.42532552933371 14.8
    endloop
  endfacet
  facet normal 0.8386705679454253 -0.5446390350150252 0
    outer loop
      vertex 63.977305231718574 3.689697930049462 9.6
      vertex 64.16258256229942 3.9749999999999996 9.6
      vertex 63.977305231718574 3.689697930049462 14.8
    endloop
  endfacet
  facet normal -0.7071067811865462 -0.7071067811865489 0
    outer loop
      vertex 59.17332552933371 3.184779317198468 9.6
      vertex 59.17332552933371 3.184779317198468 14.8
      vertex 58.93277931719847 3.42532552933371 14.8
    endloop
  endfacet
  facet normal -0.7771459614569783 -0.6293203910498284 0
    outer loop
      vertex 58.93277931719847 3.42532552933371 9.6
      vertex 58.93277931719847 3.42532552933371 14.8
      vertex 58.71869476828142 3.689697930049462 14.8
    endloop
  endfacet
  facet normal -0.8386705679454156 -0.54463903501504 0
    outer loop
      vertex 58.71869476828142 3.689697930049462 9.6
      vertex 58.71869476828142 3.689697930049462 14.8
      vertex 58.53341743770057 3.9749999999999996 14.8
    endloop
  endfacet
  facet normal 0.7071067811865462 -0.7071067811865489 0
    outer loop
      vertex 63.76322068280153 3.42532552933371 9.6
      vertex 63.76322068280153 3.42532552933371 14.8
      vertex 63.52267447066629 3.184779317198468 14.8
    endloop
  endfacet
  facet normal 0.7771459614569783 -0.6293203910498284 0
    outer loop
      vertex 63.977305231718574 3.689697930049462 9.6
      vertex 63.977305231718574 3.689697930049462 14.8
      vertex 63.76322068280153 3.42532552933371 14.8
    endloop
  endfacet
  facet normal 0.8386705679454253 -0.5446390350150252 0
    outer loop
      vertex 64.16258256229942 3.9749999999999996 9.6
      vertex 64.16258256229942 3.9749999999999996 14.8
      vertex 63.977305231718574 3.689697930049462 14.8
    endloop
  endfacet
  facet normal 0 0 1
    outer loop
      vertex 60.67228700484228 2.421020297615131 14.8
      vertex 61.008282494380126 2.3678038400531114 14.8
      vertex 60.94257220290537 3.6926121785690786 14.8
    endloop
  endfacet
  facet normal 0 0 1
    outer loop
      vertex 60.34369476828142 2.5090663220407508 14.8
      vertex 60.67228700484228 2.421020297615131 14.8
      vertex 60.74541686096885 3.7454397932244503 14.8
    endloop
  endfacet
  facet normal 0 0 1
    outer loop
      vertex 60.02610591000365 2.630977262661547 14.8
      vertex 60.34369476828142 2.5090663220407508 14.8
      vertex 60.373 3.9112504626203446 14.8
    endloop
  endfacet
  facet normal 0 0 1
    outer loop
      vertex 61.008282494380126 2.3678038400531114 14.8
      vertex 61.348 2.3499999999999996 14.8
      vertex 61.348 3.6499999999999995 14.8
    endloop
  endfacet
  facet normal 0 0 1
    outer loop
      vertex 61.348 2.3499999999999996 14.8
      vertex 61.68771750561987 2.3678038400531114 14.8
      vertex 61.348 3.6499999999999995 14.8
    endloop
  endfacet
  facet normal 0 0 1
    outer loop
      vertex 61.68771750561987 2.3678038400531114 14.8
      vertex 62.023712995157716 2.421020297615131 14.8
      vertex 61.75342779709463 3.6926121785690786 14.8
    endloop
  endfacet
  facet normal 0 0 1
    outer loop
      vertex 62.023712995157716 2.421020297615131 14.8
      vertex 62.352305231718574 2.5090663220407508 14.8
      vertex 62.14113645399781 3.818586357596928 14.8
    endloop
  endfacet
  facet normal 0 0 1
    outer loop
      vertex 62.352305231718574 2.5090663220407508 14.8
      vertex 62.66989408999635 2.630977262661547 14.8
      vertex 62.494181241970324 4.022416860968852 14.8
    endloop
  endfacet
  facet normal 0 0 1
    outer loop
      vertex 60.02610591000365 2.630977262661547 14.8
      vertex 60.04319531760022 4.150867590319081 14.8
      vertex 59.723 2.7854174377005743 14.8
    endloop
  endfacet
  facet normal 0 0 1
    outer loop
      vertex 61.008282494380126 2.3678038400531114 14.8
      vertex 61.348 3.6499999999999995 14.8
      vertex 61.14416949662807 3.660682304031867 14.8
    endloop
  endfacet
  facet normal 0 0 1
    outer loop
      vertex 61.008282494380126 2.3678038400531114 14.8
      vertex 61.14416949662807 3.660682304031867 14.8
      vertex 60.94257220290537 3.6926121785690786 14.8
    endloop
  endfacet
  facet normal 0 0 1
    outer loop
      vertex 60.34369476828142 2.5090663220407508 14.8
      vertex 60.74541686096885 3.7454397932244503 14.8
      vertex 60.55486354600219 3.818586357596928 14.8
    endloop
  endfacet
  facet normal 0 0 1
    outer loop
      vertex 60.67228700484228 2.421020297615131 14.8
      vertex 60.94257220290537 3.6926121785690786 14.8
      vertex 60.74541686096885 3.7454397932244503 14.8
    endloop
  endfacet
  facet normal 0 0 1
    outer loop
      vertex 59.43769793004946 2.9706947682814207 14.8
      vertex 59.723 2.7854174377005743 14.8
      vertex 59.65925046262034 4.625 14.8
    endloop
  endfacet
  facet normal 0 0 1
    outer loop
      vertex 60.02610591000365 2.630977262661547 14.8
      vertex 60.373 3.9112504626203446 14.8
      vertex 60.201818758029674 4.022416860968852 14.8
    endloop
  endfacet
  facet normal 0 0 1
    outer loop
      vertex 60.34369476828142 2.5090663220407508 14.8
      vertex 60.55486354600219 3.818586357596928 14.8
      vertex 60.373 3.9112504626203446 14.8
    endloop
  endfacet
  facet normal 0 0 1
    outer loop
      vertex 60.02610591000365 2.630977262661547 14.8
      vertex 60.201818758029674 4.022416860968852 14.8
      vertex 60.04319531760022 4.150867590319081 14.8
    endloop
  endfacet
  facet normal 0 0 1
    outer loop
      vertex 59.723 2.7854174377005743 14.8
      vertex 60.04319531760022 4.150867590319081 14.8
      vertex 59.89886759031908 4.295195317600227 14.8
    endloop
  endfacet
  facet normal 0 0 1
    outer loop
      vertex 59.723 2.7854174377005743 14.8
      vertex 59.89886759031908 4.295195317600227 14.8
      vertex 59.77041686096885 4.453818758029677 14.8
    endloop
  endfacet
  facet normal 0 0 1
    outer loop
      vertex 59.723 2.7854174377005743 14.8
      vertex 59.77041686096885 4.453818758029677 14.8
      vertex 59.65925046262034 4.625 14.8
    endloop
  endfacet
  facet normal 0 0 1
    outer loop
      vertex 61.68771750561987 2.3678038400531114 14.8
      vertex 61.551830503371924 3.660682304031867 14.8
      vertex 61.348 3.6499999999999995 14.8
    endloop
  endfacet
  facet normal 0 0 1
    outer loop
      vertex 61.68771750561987 2.3678038400531114 14.8
      vertex 61.75342779709463 3.6926121785690786 14.8
      vertex 61.551830503371924 3.660682304031867 14.8
    endloop
  endfacet
  facet normal 0 0 1
    outer loop
      vertex 62.023712995157716 2.421020297615131 14.8
      vertex 61.950583139031146 3.7454397932244503 14.8
      vertex 61.75342779709463 3.6926121785690786 14.8
    endloop
  endfacet
  facet normal 0 0 1
    outer loop
      vertex 62.66989408999635 2.630977262661547 14.8
      vertex 62.973 2.7854174377005743 14.8
      vertex 62.79713240968092 4.295195317600227 14.8
    endloop
  endfacet
  facet normal 0 0 1
    outer loop
      vertex 62.023712995157716 2.421020297615131 14.8
      vertex 62.14113645399781 3.818586357596928 14.8
      vertex 61.950583139031146 3.7454397932244503 14.8
    endloop
  endfacet
  facet normal 0 0 1
    outer loop
      vertex 62.352305231718574 2.5090663220407508 14.8
      vertex 62.323 3.9112504626203446 14.8
      vertex 62.14113645399781 3.818586357596928 14.8
    endloop
  endfacet
  facet normal 0 0 1
    outer loop
      vertex 62.352305231718574 2.5090663220407508 14.8
      vertex 62.494181241970324 4.022416860968852 14.8
      vertex 62.323 3.9112504626203446 14.8
    endloop
  endfacet
  facet normal 0 0 1
    outer loop
      vertex 62.973 2.7854174377005743 14.8
      vertex 63.25830206995054 2.9706947682814207 14.8
      vertex 63.036749537379656 4.625 14.8
    endloop
  endfacet
  facet normal 0 0 1
    outer loop
      vertex 62.66989408999635 2.630977262661547 14.8
      vertex 62.652804682399776 4.150867590319081 14.8
      vertex 62.494181241970324 4.022416860968852 14.8
    endloop
  endfacet
  facet normal 0 0 1
    outer loop
      vertex 62.66989408999635 2.630977262661547 14.8
      vertex 62.79713240968092 4.295195317600227 14.8
      vertex 62.652804682399776 4.150867590319081 14.8
    endloop
  endfacet
  facet normal 0 0 1
    outer loop
      vertex 62.973 2.7854174377005743 14.8
      vertex 62.92558313903115 4.453818758029677 14.8
      vertex 62.79713240968092 4.295195317600227 14.8
    endloop
  endfacet
  facet normal 0 0 1
    outer loop
      vertex 63.25830206995054 2.9706947682814207 14.8
      vertex 63.52267447066629 3.184779317198468 14.8
      vertex 63.287317695968135 5.396169496628075 14.8
    endloop
  endfacet
  facet normal 0 0 1
    outer loop
      vertex 62.973 2.7854174377005743 14.8
      vertex 63.036749537379656 4.625 14.8
      vertex 62.92558313903115 4.453818758029677 14.8
    endloop
  endfacet
  facet normal -0.8910065241883675 -0.4539904997395476 0
    outer loop
      vertex 58.37897726266154 4.278105910003649 9.6
      vertex 58.53341743770057 3.9749999999999996 9.6
      vertex 58.37897726266154 4.278105910003649 14.8
    endloop
  endfacet
  facet normal 0 0 -1
    outer loop
      vertex 60.34369476828142 2.5090663220407508 9.6
      vertex 60.67228700484228 8.778979702384868 9.6
      vertex 60.67228700484228 2.421020297615131 9.6
    endloop
  endfacet
  facet normal 0 0 -1
    outer loop
      vertex 60.67228700484228 2.421020297615131 9.6
      vertex 61.008282494380126 8.832196159946887 9.6
      vertex 61.008282494380126 2.3678038400531114 9.6
    endloop
  endfacet
  facet normal 0 0 -1
    outer loop
      vertex 60.02610591000365 2.630977262661547 9.6
      vertex 60.34369476828142 8.690933677959249 9.6
      vertex 60.34369476828142 2.5090663220407508 9.6
    endloop
  endfacet
  facet normal 0 0 -1
    outer loop
      vertex 60.02610591000365 2.630977262661547 9.6
      vertex 59.723 2.7854174377005743 9.6
      vertex 60.02610591000365 8.569022737338452 9.6
    endloop
  endfacet
  facet normal 0 0 -1
    outer loop
      vertex 59.43769793004946 2.9706947682814207 9.6
      vertex 59.723 8.414582562299426 9.6
      vertex 59.723 2.7854174377005743 9.6
    endloop
  endfacet
  facet normal -0.9335804264972044 -0.3583679495452935 0
    outer loop
      vertex 58.37897726266154 4.278105910003649 9.6
      vertex 58.25706632204075 4.595694768281421 14.8
      vertex 58.25706632204075 4.595694768281421 9.6
    endloop
  endfacet
  facet normal 0.8910065241883675 -0.4539904997395476 0
    outer loop
      vertex 64.16258256229942 3.9749999999999996 9.6
      vertex 64.31702273733845 4.278105910003649 9.6
      vertex 64.16258256229942 3.9749999999999996 14.8
    endloop
  endfacet
  facet normal 0 0 -1
    outer loop
      vertex 61.008282494380126 2.3678038400531114 9.6
      vertex 61.348 8.85 9.6
      vertex 61.348 2.3499999999999996 9.6
    endloop
  endfacet
  facet normal 0 0 -1
    outer loop
      vertex 61.348 2.3499999999999996 9.6
      vertex 61.68771750561987 8.832196159946887 9.6
      vertex 61.68771750561987 2.3678038400531114 9.6
    endloop
  endfacet
  facet normal 0 0 -1
    outer loop
      vertex 61.68771750561987 2.3678038400531114 9.6
      vertex 62.023712995157716 8.778979702384868 9.6
      vertex 62.023712995157716 2.421020297615131 9.6
    endloop
  endfacet
  facet normal 0 0 -1
    outer loop
      vertex 62.023712995157716 2.421020297615131 9.6
      vertex 62.352305231718574 8.690933677959249 9.6
      vertex 62.352305231718574 2.5090663220407508 9.6
    endloop
  endfacet
  facet normal 0 0 -1
    outer loop
      vertex 62.352305231718574 2.5090663220407508 9.6
      vertex 62.66989408999635 8.569022737338452 9.6
      vertex 62.66989408999635 2.630977262661547 9.6
    endloop
  endfacet
  facet normal 0 0 -1
    outer loop
      vertex 62.66989408999635 2.630977262661547 9.6
      vertex 62.973 8.414582562299426 9.6
      vertex 62.973 2.7854174377005743 9.6
    endloop
  endfacet
  facet normal 0 0 -1
    outer loop
      vertex 62.973 2.7854174377005743 9.6
      vertex 63.25830206995054 8.229305231718579 9.6
      vertex 63.25830206995054 2.9706947682814207 9.6
    endloop
  endfacet
  facet normal 0 0 -1
    outer loop
      vertex 63.25830206995054 2.9706947682814207 9.6
      vertex 63.52267447066629 8.01522068280153 9.6
      vertex 63.52267447066629 3.184779317198468 9.6
    endloop
  endfacet
  facet normal 0.9335804264972044 -0.3583679495452935 0
    outer loop
      vertex 64.31702273733845 4.278105910003649 9.6
      vertex 64.43893367795924 4.595694768281421 9.6
      vertex 64.31702273733845 4.278105910003649 14.8
    endloop
  endfacet
  facet normal 0.9659258262890658 -0.25881904510253045 0
    outer loop
      vertex 64.43893367795924 4.595694768281421 9.6
      vertex 64.52697970238486 4.924287004842282 9.6
      vertex 64.43893367795924 4.595694768281421 14.8
    endloop
  endfacet
  facet normal -0.8910065241883675 -0.4539904997395476 0
    outer loop
      vertex 58.53341743770057 3.9749999999999996 9.6
      vertex 58.53341743770057 3.9749999999999996 14.8
      vertex 58.37897726266154 4.278105910003649 14.8
    endloop
  endfacet
  facet normal -0.9335804264972044 -0.3583679495452935 0
    outer loop
      vertex 58.37897726266154 4.278105910003649 9.6
      vertex 58.37897726266154 4.278105910003649 14.8
      vertex 58.25706632204075 4.595694768281421 14.8
    endloop
  endfacet
  facet normal -0.965925826289071 -0.25881904510251097 0
    outer loop
      vertex 58.25706632204075 4.595694768281421 9.6
      vertex 58.25706632204075 4.595694768281421 14.8
      vertex 58.169020297615134 4.924287004842282 14.8
    endloop
  endfacet
  facet normal 0.8910065241883675 -0.4539904997395476 0
    outer loop
      vertex 64.31702273733845 4.278105910003649 9.6
      vertex 64.31702273733845 4.278105910003649 14.8
      vertex 64.16258256229942 3.9749999999999996 14.8
    endloop
  endfacet
  facet normal 0.9335804264972044 -0.3583679495452935 0
    outer loop
      vertex 64.43893367795924 4.595694768281421 9.6
      vertex 64.43893367795924 4.595694768281421 14.8
      vertex 64.31702273733845 4.278105910003649 14.8
    endloop
  endfacet
  facet normal 0 0 -1
    outer loop
      vertex 59.43769793004946 2.9706947682814207 9.6
      vertex 59.17332552933371 3.184779317198468 9.6
      vertex 59.43769793004946 8.229305231718579 9.6
    endloop
  endfacet
  facet normal 0 0 -1
    outer loop
      vertex 58.93277931719847 3.42532552933371 9.6
      vertex 59.17332552933371 8.01522068280153 9.6
      vertex 59.17332552933371 3.184779317198468 9.6
    endloop
  endfacet
  facet normal 0 0 -1
    outer loop
      vertex 58.71869476828142 3.689697930049462 9.6
      vertex 58.93277931719847 7.774674470666289 9.6
      vertex 58.93277931719847 3.42532552933371 9.6
    endloop
  endfacet
  facet normal 0 0 -1
    outer loop
      vertex 58.37897726266154 4.278105910003649 9.6
      vertex 58.53341743770057 7.225 9.6
      vertex 58.53341743770057 3.9749999999999996 9.6
    endloop
  endfacet
  facet normal 0 0 -1
    outer loop
      vertex 58.71869476828142 3.689697930049462 9.6
      vertex 58.53341743770057 3.9749999999999996 9.6
      vertex 58.71869476828142 7.510302069950537 9.6
    endloop
  endfacet
  facet normal -0.965925826289071 -0.25881904510251097 0
    outer loop
      vertex 58.25706632204075 4.595694768281421 9.6
      vertex 58.169020297615134 4.924287004842282 14.8
      vertex 58.169020297615134 4.924287004842282 9.6
    endloop
  endfacet
  facet normal -0.9876883405951364 -0.1564344650402388 0
    outer loop
      vertex 58.169020297615134 4.924287004842282 9.6
      vertex 58.11580384005311 5.260282494380126 14.8
      vertex 58.11580384005311 5.260282494380126 9.6
    endloop
  endfacet
  facet normal 0 0 -1
    outer loop
      vertex 58.37897726266154 4.278105910003649 9.6
      vertex 58.25706632204075 4.595694768281421 9.6
      vertex 58.37897726266154 6.92189408999635 9.6
    endloop
  endfacet
  facet normal 0 0 -1
    outer loop
      vertex 58.25706632204075 4.595694768281421 9.6
      vertex 58.169020297615134 4.924287004842282 9.6
      vertex 58.25706632204075 6.604305231718579 9.6
    endloop
  endfacet
  facet normal 0 0 -1
    outer loop
      vertex 58.169020297615134 4.924287004842282 9.6
      vertex 58.11580384005311 5.260282494380126 9.6
      vertex 58.169020297615134 6.2757129951577175 9.6
    endloop
  endfacet
  facet normal 0 0 -1
    outer loop
      vertex 58.11580384005311 5.260282494380126 9.6
      vertex 58.098 5.6 9.6
      vertex 58.11580384005311 5.939717505619873 9.6
    endloop
  endfacet
  facet normal -0.9986295347545737 -0.05233595624294548 0
    outer loop
      vertex 58.11580384005311 5.260282494380126 9.6
      vertex 58.098 5.6 14.8
      vertex 58.098 5.6 9.6
    endloop
  endfacet
  facet normal 0 0 -1
    outer loop
      vertex 63.52267447066629 3.184779317198468 9.6
      vertex 63.76322068280153 7.774674470666289 9.6
      vertex 63.76322068280153 3.42532552933371 9.6
    endloop
  endfacet
  facet normal 0 0 -1
    outer loop
      vertex 63.76322068280153 3.42532552933371 9.6
      vertex 63.977305231718574 7.510302069950537 9.6
      vertex 63.977305231718574 3.689697930049462 9.6
    endloop
  endfacet
  facet normal 0 0 -1
    outer loop
      vertex 63.977305231718574 3.689697930049462 9.6
      vertex 64.16258256229942 7.225 9.6
      vertex 64.16258256229942 3.9749999999999996 9.6
    endloop
  endfacet
  facet normal 0 0 -1
    outer loop
      vertex 64.16258256229942 3.9749999999999996 9.6
      vertex 64.31702273733845 6.92189408999635 9.6
      vertex 64.31702273733845 4.278105910003649 9.6
    endloop
  endfacet
  facet normal 0 0 -1
    outer loop
      vertex 64.31702273733845 4.278105910003649 9.6
      vertex 64.43893367795924 6.604305231718579 9.6
      vertex 64.43893367795924 4.595694768281421 9.6
    endloop
  endfacet
  facet normal 0.9876883405951332 -0.1564344650402592 0
    outer loop
      vertex 64.52697970238486 4.924287004842282 9.6
      vertex 64.5801961599469 5.260282494380126 9.6
      vertex 64.52697970238486 4.924287004842282 14.8
    endloop
  endfacet
  facet normal 0 0 -1
    outer loop
      vertex 64.43893367795924 4.595694768281421 9.6
      vertex 64.52697970238486 6.2757129951577175 9.6
      vertex 64.52697970238486 4.924287004842282 9.6
    endloop
  endfacet
  facet normal 0 0 -1
    outer loop
      vertex 64.52697970238486 4.924287004842282 9.6
      vertex 64.5801961599469 5.939717505619873 9.6
      vertex 64.5801961599469 5.260282494380126 9.6
    endloop
  endfacet
  facet normal 0 0 -1
    outer loop
      vertex 64.5801961599469 5.260282494380126 9.6
      vertex 64.5801961599469 5.939717505619873 9.6
      vertex 64.598 5.6 9.6
    endloop
  endfacet
  facet normal 0.9986295347545749 -0.052335956242924656 0
    outer loop
      vertex 64.5801961599469 5.260282494380126 9.6
      vertex 64.598 5.6 9.6
      vertex 64.5801961599469 5.260282494380126 14.8
    endloop
  endfacet
  facet normal -0.9876883405951364 -0.1564344650402388 0
    outer loop
      vertex 58.169020297615134 4.924287004842282 9.6
      vertex 58.169020297615134 4.924287004842282 14.8
      vertex 58.11580384005311 5.260282494380126 14.8
    endloop
  endfacet
  facet normal -0.9986295347545737 -0.05233595624294548 0
    outer loop
      vertex 58.11580384005311 5.260282494380126 9.6
      vertex 58.11580384005311 5.260282494380126 14.8
      vertex 58.098 5.6 14.8
    endloop
  endfacet
  facet normal 0.9659258262890658 -0.25881904510253045 0
    outer loop
      vertex 64.52697970238486 4.924287004842282 9.6
      vertex 64.52697970238486 4.924287004842282 14.8
      vertex 64.43893367795924 4.595694768281421 14.8
    endloop
  endfacet
  facet normal 0.9876883405951332 -0.1564344650402592 0
    outer loop
      vertex 64.5801961599469 5.260282494380126 9.6
      vertex 64.5801961599469 5.260282494380126 14.8
      vertex 64.52697970238486 4.924287004842282 14.8
    endloop
  endfacet
  facet normal 0.9986295347545749 -0.052335956242924656 0
    outer loop
      vertex 64.5801961599469 5.260282494380126 14.8
      vertex 64.598 5.6 9.6
      vertex 64.598 5.6 14.8
    endloop
  endfacet
  facet normal 0 0 1
    outer loop
      vertex 59.43769793004946 2.9706947682814207 14.8
      vertex 59.65925046262034 4.625 14.8
      vertex 59.566586357596925 4.806863546002189 14.8
    endloop
  endfacet
  facet normal 0 0 1
    outer loop
      vertex 59.43769793004946 2.9706947682814207 14.8
      vertex 59.566586357596925 4.806863546002189 14.8
      vertex 59.49343979322445 4.997416860968852 14.8
    endloop
  endfacet
  facet normal 0 0 1
    outer loop
      vertex 59.43769793004946 2.9706947682814207 14.8
      vertex 59.440612178569076 5.194572202905369 14.8
      vertex 59.40868230403186 5.396169496628075 14.8
    endloop
  endfacet
  facet normal 0 0 1
    outer loop
      vertex 59.43769793004946 2.9706947682814207 14.8
      vertex 59.17332552933371 8.01522068280153 14.8
      vertex 59.17332552933371 3.184779317198468 14.8
    endloop
  endfacet
  facet normal 0 0 1
    outer loop
      vertex 59.43769793004946 2.9706947682814207 14.8
      vertex 59.49343979322445 4.997416860968852 14.8
      vertex 59.440612178569076 5.194572202905369 14.8
    endloop
  endfacet
  facet normal 0 0 1
    outer loop
      vertex 63.25830206995054 2.9706947682814207 14.8
      vertex 63.12941364240307 4.806863546002189 14.8
      vertex 63.036749537379656 4.625 14.8
    endloop
  endfacet
  facet normal 0 0 1
    outer loop
      vertex 63.25830206995054 2.9706947682814207 14.8
      vertex 63.20256020677555 4.997416860968852 14.8
      vertex 63.12941364240307 4.806863546002189 14.8
    endloop
  endfacet
  facet normal 0 0 1
    outer loop
      vertex 63.25830206995054 2.9706947682814207 14.8
      vertex 63.25538782143092 5.194572202905369 14.8
      vertex 63.20256020677555 4.997416860968852 14.8
    endloop
  endfacet
  facet normal 0 0 1
    outer loop
      vertex 63.25830206995054 2.9706947682814207 14.8
      vertex 63.287317695968135 5.396169496628075 14.8
      vertex 63.25538782143092 5.194572202905369 14.8
    endloop
  endfacet
  facet normal 0 0 1
    outer loop
      vertex 63.52267447066629 3.184779317198468 14.8
      vertex 63.298 5.6 14.8
      vertex 63.287317695968135 5.396169496628075 14.8
    endloop
  endfacet
  facet normal 0 0 1
    outer loop
      vertex 58.71869476828142 3.689697930049462 14.8
      vertex 58.53341743770057 7.225 14.8
      vertex 58.53341743770057 3.9749999999999996 14.8
    endloop
  endfacet
  facet normal 0 0 1
    outer loop
      vertex 58.93277931719847 3.42532552933371 14.8
      vertex 59.17332552933371 3.184779317198468 14.8
      vertex 58.93277931719847 7.774674470666289 14.8
    endloop
  endfacet
  facet normal 0 0 1
    outer loop
      vertex 58.71869476828142 3.689697930049462 14.8
      vertex 58.93277931719847 3.42532552933371 14.8
      vertex 58.71869476828142 7.510302069950537 14.8
    endloop
  endfacet
  facet normal 0 0 1
    outer loop
      vertex 58.37897726266154 4.278105910003649 14.8
      vertex 58.53341743770057 3.9749999999999996 14.8
      vertex 58.37897726266154 6.92189408999635 14.8
    endloop
  endfacet
  facet normal 0 0 1
    outer loop
      vertex 58.37897726266154 4.278105910003649 14.8
      vertex 58.25706632204075 6.604305231718579 14.8
      vertex 58.25706632204075 4.595694768281421 14.8
    endloop
  endfacet
  facet normal 0 0 1
    outer loop
      vertex 58.25706632204075 4.595694768281421 14.8
      vertex 58.169020297615134 6.2757129951577175 14.8
      vertex 58.169020297615134 4.924287004842282 14.8
    endloop
  endfacet
  facet normal 0 0 1
    outer loop
      vertex 58.169020297615134 4.924287004842282 14.8
      vertex 58.11580384005311 5.939717505619873 14.8
      vertex 58.11580384005311 5.260282494380126 14.8
    endloop
  endfacet
  facet normal 0 0 1
    outer loop
      vertex 58.11580384005311 5.260282494380126 14.8
      vertex 58.11580384005311 5.939717505619873 14.8
      vertex 58.098 5.6 14.8
    endloop
  endfacet
  facet normal 0 0 1
    outer loop
      vertex 59.43769793004946 2.9706947682814207 14.8
      vertex 59.40868230403186 5.396169496628075 14.8
      vertex 59.17332552933371 8.01522068280153 14.8
    endloop
  endfacet
  facet normal 0 0 1
    outer loop
      vertex 63.52267447066629 3.184779317198468 14.8
      vertex 63.287317695968135 5.803830503371924 14.8
      vertex 63.298 5.6 14.8
    endloop
  endfacet
  facet normal 0 0 1
    outer loop
      vertex 63.52267447066629 3.184779317198468 14.8
      vertex 63.76322068280153 3.42532552933371 14.8
      vertex 63.52267447066629 8.01522068280153 14.8
    endloop
  endfacet
  facet normal 0 0 1
    outer loop
      vertex 63.76322068280153 3.42532552933371 14.8
      vertex 63.977305231718574 3.689697930049462 14.8
      vertex 63.76322068280153 7.774674470666289 14.8
    endloop
  endfacet
  facet normal 0 0 1
    outer loop
      vertex 63.977305231718574 3.689697930049462 14.8
      vertex 64.16258256229942 3.9749999999999996 14.8
      vertex 63.977305231718574 7.510302069950537 14.8
    endloop
  endfacet
  facet normal 0 0 1
    outer loop
      vertex 64.16258256229942 3.9749999999999996 14.8
      vertex 64.31702273733845 4.278105910003649 14.8
      vertex 64.16258256229942 7.225 14.8
    endloop
  endfacet
  facet normal 0 0 1
    outer loop
      vertex 64.31702273733845 4.278105910003649 14.8
      vertex 64.43893367795924 4.595694768281421 14.8
      vertex 64.31702273733845 6.92189408999635 14.8
    endloop
  endfacet
  facet normal 0 0 1
    outer loop
      vertex 64.43893367795924 4.595694768281421 14.8
      vertex 64.52697970238486 4.924287004842282 14.8
      vertex 64.43893367795924 6.604305231718579 14.8
    endloop
  endfacet
  facet normal 0 0 1
    outer loop
      vertex 64.52697970238486 4.924287004842282 14.8
      vertex 64.5801961599469 5.260282494380126 14.8
      vertex 64.52697970238486 6.2757129951577175 14.8
    endloop
  endfacet
  facet normal 0 0 1
    outer loop
      vertex 64.5801961599469 5.260282494380126 14.8
      vertex 64.598 5.6 14.8
      vertex 64.5801961599469 5.939717505619873 14.8
    endloop
  endfacet
  facet normal -0.15643446504023029 -0.9876883405951378 0
    outer loop
      vertex 60.94257220290537 3.6926121785690786 24.6
      vertex 60.94257220290537 3.6926121785690786 14.8
      vertex 61.14416949662807 3.660682304031867 14.8
    endloop
  endfacet
  facet normal -0.2588190451025235 -0.9659258262890675 0
    outer loop
      vertex 60.74541686096885 3.7454397932244503 24.6
      vertex 60.74541686096885 3.7454397932244503 14.8
      vertex 60.94257220290537 3.6926121785690786 14.8
    endloop
  endfacet
  facet normal -0.3583679495452982 -0.9335804264972026 0
    outer loop
      vertex 60.55486354600219 3.818586357596928 24.6
      vertex 60.55486354600219 3.818586357596928 14.8
      vertex 60.74541686096885 3.7454397932244503 14.8
    endloop
  endfacet
  facet normal -0.4539904997395454 -0.8910065241883685 0
    outer loop
      vertex 60.373 3.9112504626203446 24.6
      vertex 60.373 3.9112504626203446 14.8
      vertex 60.55486354600219 3.818586357596928 14.8
    endloop
  endfacet
  facet normal -0.05233595624294511 -0.9986295347545737 0
    outer loop
      vertex 61.14416949662807 3.660682304031867 24.6
      vertex 61.14416949662807 3.660682304031867 14.8
      vertex 61.348 3.6499999999999995 14.8
    endloop
  endfacet
  facet normal 0.05233595624294511 -0.9986295347545737 0
    outer loop
      vertex 61.348 3.6499999999999995 24.6
      vertex 61.348 3.6499999999999995 14.8
      vertex 61.551830503371924 3.660682304031867 14.8
    endloop
  endfacet
  facet normal 0.15643446504023029 -0.9876883405951378 0
    outer loop
      vertex 61.551830503371924 3.660682304031867 24.6
      vertex 61.551830503371924 3.660682304031867 14.8
      vertex 61.75342779709463 3.6926121785690786 14.8
    endloop
  endfacet
  facet normal 0.2588190451025235 -0.9659258262890675 0
    outer loop
      vertex 61.75342779709463 3.6926121785690786 24.6
      vertex 61.75342779709463 3.6926121785690786 14.8
      vertex 61.950583139031146 3.7454397932244503 14.8
    endloop
  endfacet
  facet normal 0.3583679495452982 -0.9335804264972026 0
    outer loop
      vertex 61.950583139031146 3.7454397932244503 24.6
      vertex 61.950583139031146 3.7454397932244503 14.8
      vertex 62.14113645399781 3.818586357596928 14.8
    endloop
  endfacet
  facet normal 0.4539904997395454 -0.8910065241883685 0
    outer loop
      vertex 62.14113645399781 3.818586357596928 24.6
      vertex 62.14113645399781 3.818586357596928 14.8
      vertex 62.323 3.9112504626203446 14.8
    endloop
  endfacet
  facet normal 0.5446390350150246 -0.8386705679454256 0
    outer loop
      vertex 62.323 3.9112504626203446 24.6
      vertex 62.323 3.9112504626203446 14.8
      vertex 62.494181241970324 4.022416860968852 14.8
    endloop
  endfacet
  facet normal -0.3583679495452982 -0.9335804264972026 0
    outer loop
      vertex 60.55486354600219 3.818586357596928 24.6
      vertex 60.74541686096885 3.7454397932244503 14.8
      vertex 60.74541686096885 3.7454397932244503 24.6
    endloop
  endfacet
  facet normal -0.2588190451025235 -0.9659258262890675 0
    outer loop
      vertex 60.74541686096885 3.7454397932244503 24.6
      vertex 60.94257220290537 3.6926121785690786 14.8
      vertex 60.94257220290537 3.6926121785690786 24.6
    endloop
  endfacet
  facet normal -0.15643446504023029 -0.9876883405951378 0
    outer loop
      vertex 60.94257220290537 3.6926121785690786 24.6
      vertex 61.14416949662807 3.660682304031867 14.8
      vertex 61.14416949662807 3.660682304031867 24.6
    endloop
  endfacet
  facet normal -0.4539904997395454 -0.8910065241883685 0
    outer loop
      vertex 60.55486354600219 3.818586357596928 24.6
      vertex 60.373 3.9112504626203446 24.6
      vertex 60.55486354600219 3.818586357596928 14.8
    endloop
  endfacet
  facet normal -0.5446390350150246 -0.8386705679454256 0
    outer loop
      vertex 60.201818758029674 4.022416860968852 24.6
      vertex 60.373 3.9112504626203446 14.8
      vertex 60.373 3.9112504626203446 24.6
    endloop
  endfacet
  facet normal -0.05233595624294511 -0.9986295347545737 0
    outer loop
      vertex 61.14416949662807 3.660682304031867 24.6
      vertex 61.348 3.6499999999999995 14.8
      vertex 61.348 3.6499999999999995 24.6
    endloop
  endfacet
  facet normal 0.05233595624294511 -0.9986295347545737 0
    outer loop
      vertex 61.348 3.6499999999999995 24.6
      vertex 61.551830503371924 3.660682304031867 14.8
      vertex 61.551830503371924 3.660682304031867 24.6
    endloop
  endfacet
  facet normal 0.15643446504023029 -0.9876883405951378 0
    outer loop
      vertex 61.551830503371924 3.660682304031867 24.6
      vertex 61.75342779709463 3.6926121785690786 14.8
      vertex 61.75342779709463 3.6926121785690786 24.6
    endloop
  endfacet
  facet normal 0.2588190451025235 -0.9659258262890675 0
    outer loop
      vertex 61.75342779709463 3.6926121785690786 24.6
      vertex 61.950583139031146 3.7454397932244503 14.8
      vertex 61.950583139031146 3.7454397932244503 24.6
    endloop
  endfacet
  facet normal 0.3583679495452982 -0.9335804264972026 0
    outer loop
      vertex 61.950583139031146 3.7454397932244503 24.6
      vertex 62.14113645399781 3.818586357596928 14.8
      vertex 62.14113645399781 3.818586357596928 24.6
    endloop
  endfacet
  facet normal 0.4539904997395454 -0.8910065241883685 0
    outer loop
      vertex 62.14113645399781 3.818586357596928 24.6
      vertex 62.323 3.9112504626203446 14.8
      vertex 62.323 3.9112504626203446 24.6
    endloop
  endfacet
  facet normal -0.5446390350150246 -0.8386705679454256 0
    outer loop
      vertex 60.201818758029674 4.022416860968852 24.6
      vertex 60.201818758029674 4.022416860968852 14.8
      vertex 60.373 3.9112504626203446 14.8
    endloop
  endfacet
  facet normal -0.6293203910498343 -0.7771459614569733 0
    outer loop
      vertex 60.04319531760022 4.150867590319081 24.6
      vertex 60.04319531760022 4.150867590319081 14.8
      vertex 60.201818758029674 4.022416860968852 14.8
    endloop
  endfacet
  facet normal -0.7071067811865518 -0.7071067811865431 0
    outer loop
      vertex 59.89886759031908 4.295195317600227 24.6
      vertex 59.89886759031908 4.295195317600227 14.8
      vertex 60.04319531760022 4.150867590319081 14.8
    endloop
  endfacet
  facet normal -0.7771459614569739 -0.6293203910498338 0
    outer loop
      vertex 59.77041686096885 4.453818758029677 24.6
      vertex 59.77041686096885 4.453818758029677 14.8
      vertex 59.89886759031908 4.295195317600227 14.8
    endloop
  endfacet
  facet normal -0.8386705679454222 -0.5446390350150297 0
    outer loop
      vertex 59.65925046262034 4.625 24.6
      vertex 59.65925046262034 4.625 14.8
      vertex 59.77041686096885 4.453818758029677 14.8
    endloop
  endfacet
  facet normal -0.8910065241883666 -0.45399049973954897 0
    outer loop
      vertex 59.566586357596925 4.806863546002189 24.6
      vertex 59.566586357596925 4.806863546002189 14.8
      vertex 59.65925046262034 4.625 14.8
    endloop
  endfacet
  facet normal 0.6293203910498343 -0.7771459614569733 0
    outer loop
      vertex 62.494181241970324 4.022416860968852 24.6
      vertex 62.494181241970324 4.022416860968852 14.8
      vertex 62.652804682399776 4.150867590319081 14.8
    endloop
  endfacet
  facet normal 0.7071067811865518 -0.7071067811865431 0
    outer loop
      vertex 62.652804682399776 4.150867590319081 24.6
      vertex 62.652804682399776 4.150867590319081 14.8
      vertex 62.79713240968092 4.295195317600227 14.8
    endloop
  endfacet
  facet normal 0.7771459614569739 -0.6293203910498338 0
    outer loop
      vertex 62.79713240968092 4.295195317600227 24.6
      vertex 62.79713240968092 4.295195317600227 14.8
      vertex 62.92558313903115 4.453818758029677 14.8
    endloop
  endfacet
  facet normal 0.8386705679454222 -0.5446390350150297 0
    outer loop
      vertex 62.92558313903115 4.453818758029677 24.6
      vertex 62.92558313903115 4.453818758029677 14.8
      vertex 63.036749537379656 4.625 14.8
    endloop
  endfacet
  facet normal 0.8910065241883666 -0.45399049973954897 0
    outer loop
      vertex 63.036749537379656 4.625 24.6
      vertex 63.036749537379656 4.625 14.8
      vertex 63.12941364240307 4.806863546002189 14.8
    endloop
  endfacet
  facet normal -0.9335804264971999 -0.3583679495453053 0
    outer loop
      vertex 59.49343979322445 4.997416860968852 24.6
      vertex 59.49343979322445 4.997416860968852 14.8
      vertex 59.566586357596925 4.806863546002189 14.8
    endloop
  endfacet
  facet normal -0.9659258262890692 -0.25881904510251724 0
    outer loop
      vertex 59.440612178569076 5.194572202905369 24.6
      vertex 59.440612178569076 5.194572202905369 14.8
      vertex 59.49343979322445 4.997416860968852 14.8
    endloop
  endfacet
  facet normal -0.9876883405951375 -0.15643446504023245 0
    outer loop
      vertex 59.40868230403186 5.396169496628075 24.6
      vertex 59.40868230403186 5.396169496628075 14.8
      vertex 59.440612178569076 5.194572202905369 14.8
    endloop
  endfacet
  facet normal -0.9986295347545738 -0.05233595624294535 0
    outer loop
      vertex 59.397999999999996 5.6 24.6
      vertex 59.397999999999996 5.6 14.8
      vertex 59.40868230403186 5.396169496628075 14.8
    endloop
  endfacet
  facet normal 0.9335804264971999 -0.3583679495453053 0
    outer loop
      vertex 63.12941364240307 4.806863546002189 24.6
      vertex 63.12941364240307 4.806863546002189 14.8
      vertex 63.20256020677555 4.997416860968852 14.8
    endloop
  endfacet
  facet normal 0.9659258262890692 -0.25881904510251724 0
    outer loop
      vertex 63.20256020677555 4.997416860968852 24.6
      vertex 63.20256020677555 4.997416860968852 14.8
      vertex 63.25538782143092 5.194572202905369 14.8
    endloop
  endfacet
  facet normal 0.9876883405951375 -0.15643446504023245 0
    outer loop
      vertex 63.25538782143092 5.194572202905369 24.6
      vertex 63.25538782143092 5.194572202905369 14.8
      vertex 63.287317695968135 5.396169496628075 14.8
    endloop
  endfacet
  facet normal 0.9986295347545738 -0.05233595624294535 0
    outer loop
      vertex 63.287317695968135 5.396169496628075 24.6
      vertex 63.287317695968135 5.396169496628075 14.8
      vertex 63.298 5.6 14.8
    endloop
  endfacet
  facet normal -0.6293203910498343 -0.7771459614569733 0
    outer loop
      vertex 60.201818758029674 4.022416860968852 24.6
      vertex 60.04319531760022 4.150867590319081 24.6
      vertex 60.201818758029674 4.022416860968852 14.8
    endloop
  endfacet
  facet normal -0.7071067811865518 -0.7071067811865431 0
    outer loop
      vertex 59.89886759031908 4.295195317600227 24.6
      vertex 60.04319531760022 4.150867590319081 14.8
      vertex 60.04319531760022 4.150867590319081 24.6
    endloop
  endfacet
  facet normal -0.7771459614569739 -0.6293203910498338 0
    outer loop
      vertex 59.77041686096885 4.453818758029677 24.6
      vertex 59.89886759031908 4.295195317600227 14.8
      vertex 59.89886759031908 4.295195317600227 24.6
    endloop
  endfacet
  facet normal -0.8386705679454222 -0.5446390350150297 0
    outer loop
      vertex 59.77041686096885 4.453818758029677 24.6
      vertex 59.65925046262034 4.625 24.6
      vertex 59.77041686096885 4.453818758029677 14.8
    endloop
  endfacet
  facet normal -0.8910065241883666 -0.45399049973954897 0
    outer loop
      vertex 59.566586357596925 4.806863546002189 24.6
      vertex 59.65925046262034 4.625 14.8
      vertex 59.65925046262034 4.625 24.6
    endloop
  endfacet
  facet normal 0.5446390350150246 -0.8386705679454256 0
    outer loop
      vertex 62.323 3.9112504626203446 24.6
      vertex 62.494181241970324 4.022416860968852 14.8
      vertex 62.494181241970324 4.022416860968852 24.6
    endloop
  endfacet
  facet normal 0.6293203910498343 -0.7771459614569733 0
    outer loop
      vertex 62.494181241970324 4.022416860968852 24.6
      vertex 62.652804682399776 4.150867590319081 14.8
      vertex 62.652804682399776 4.150867590319081 24.6
    endloop
  endfacet
  facet normal 0.7071067811865518 -0.7071067811865431 0
    outer loop
      vertex 62.652804682399776 4.150867590319081 24.6
      vertex 62.79713240968092 4.295195317600227 14.8
      vertex 62.79713240968092 4.295195317600227 24.6
    endloop
  endfacet
  facet normal 0.7771459614569739 -0.6293203910498338 0
    outer loop
      vertex 62.79713240968092 4.295195317600227 24.6
      vertex 62.92558313903115 4.453818758029677 14.8
      vertex 62.92558313903115 4.453818758029677 24.6
    endloop
  endfacet
  facet normal 0.8386705679454222 -0.5446390350150297 0
    outer loop
      vertex 62.92558313903115 4.453818758029677 24.6
      vertex 63.036749537379656 4.625 14.8
      vertex 63.036749537379656 4.625 24.6
    endloop
  endfacet
  facet normal 0.8910065241883666 -0.45399049973954897 0
    outer loop
      vertex 63.036749537379656 4.625 24.6
      vertex 63.12941364240307 4.806863546002189 14.8
      vertex 63.12941364240307 4.806863546002189 24.6
    endloop
  endfacet
  facet normal -0.9335804264971999 -0.3583679495453053 0
    outer loop
      vertex 59.566586357596925 4.806863546002189 24.6
      vertex 59.49343979322445 4.997416860968852 24.6
      vertex 59.566586357596925 4.806863546002189 14.8
    endloop
  endfacet
  facet normal -0.9659258262890692 -0.25881904510251724 0
    outer loop
      vertex 59.49343979322445 4.997416860968852 24.6
      vertex 59.440612178569076 5.194572202905369 24.6
      vertex 59.49343979322445 4.997416860968852 14.8
    endloop
  endfacet
  facet normal -0.9876883405951375 -0.15643446504023245 0
    outer loop
      vertex 59.440612178569076 5.194572202905369 24.6
      vertex 59.40868230403186 5.396169496628075 24.6
      vertex 59.440612178569076 5.194572202905369 14.8
    endloop
  endfacet
  facet normal -0.9986295347545738 -0.05233595624294535 0
    outer loop
      vertex 59.40868230403186 5.396169496628075 24.6
      vertex 59.397999999999996 5.6 24.6
      vertex 59.40868230403186 5.396169496628075 14.8
    endloop
  endfacet
  facet normal 0.9335804264971999 -0.3583679495453053 0
    outer loop
      vertex 63.12941364240307 4.806863546002189 24.6
      vertex 63.20256020677555 4.997416860968852 14.8
      vertex 63.20256020677555 4.997416860968852 24.6
    endloop
  endfacet
  facet normal 0.9659258262890692 -0.25881904510251724 0
    outer loop
      vertex 63.20256020677555 4.997416860968852 24.6
      vertex 63.25538782143092 5.194572202905369 14.8
      vertex 63.25538782143092 5.194572202905369 24.6
    endloop
  endfacet
  facet normal 0.9876883405951375 -0.15643446504023245 0
    outer loop
      vertex 63.25538782143092 5.194572202905369 24.6
      vertex 63.287317695968135 5.396169496628075 14.8
      vertex 63.287317695968135 5.396169496628075 24.6
    endloop
  endfacet
  facet normal 0.9986295347545738 -0.05233595624294535 0
    outer loop
      vertex 63.287317695968135 5.396169496628075 24.6
      vertex 63.298 5.6 14.8
      vertex 63.298 5.6 24.6
    endloop
  endfacet
  facet normal 0 0 1
    outer loop
      vertex 60.55486354600219 3.818586357596928 24.6
      vertex 60.74541686096885 3.7454397932244503 24.6
      vertex 60.55486354600219 7.381413642403071 24.6
    endloop
  endfacet
  facet normal 0 0 1
    outer loop
      vertex 60.74541686096885 3.7454397932244503 24.6
      vertex 60.94257220290537 3.6926121785690786 24.6
      vertex 60.74541686096885 7.4545602067755485 24.6
    endloop
  endfacet
  facet normal 0 0 1
    outer loop
      vertex 60.94257220290537 3.6926121785690786 24.6
      vertex 61.14416949662807 3.660682304031867 24.6
      vertex 60.94257220290537 7.507387821430921 24.6
    endloop
  endfacet
  facet normal 0 0 1
    outer loop
      vertex 60.201818758029674 4.022416860968852 24.6
      vertex 60.373 3.9112504626203446 24.6
      vertex 60.201818758029674 7.177583139031147 24.6
    endloop
  endfacet
  facet normal 0 0 1
    outer loop
      vertex 60.201818758029674 4.022416860968852 24.6
      vertex 60.04319531760022 7.049132409680919 24.6
      vertex 60.04319531760022 4.150867590319081 24.6
    endloop
  endfacet
  facet normal 0 0 1
    outer loop
      vertex 59.77041686096885 4.453818758029677 24.6
      vertex 59.89886759031908 4.295195317600227 24.6
      vertex 59.77041686096885 6.746181241970322 24.6
    endloop
  endfacet
  facet normal 0 0 1
    outer loop
      vertex 59.89886759031908 4.295195317600227 24.6
      vertex 60.04319531760022 4.150867590319081 24.6
      vertex 59.89886759031908 6.904804682399773 24.6
    endloop
  endfacet
  facet normal 0 0 1
    outer loop
      vertex 60.55486354600219 3.818586357596928 24.6
      vertex 60.373 7.288749537379655 24.6
      vertex 60.373 3.9112504626203446 24.6
    endloop
  endfacet
  facet normal 0 0 1
    outer loop
      vertex 59.440612178569076 5.194572202905369 24.6
      vertex 59.40868230403186 5.803830503371924 24.6
      vertex 59.40868230403186 5.396169496628075 24.6
    endloop
  endfacet
  facet normal 0 0 1
    outer loop
      vertex 59.40868230403186 5.396169496628075 24.6
      vertex 59.40868230403186 5.803830503371924 24.6
      vertex 59.397999999999996 5.6 24.6
    endloop
  endfacet
  facet normal 0 0 1
    outer loop
      vertex 59.77041686096885 4.453818758029677 24.6
      vertex 59.65925046262034 6.574999999999999 24.6
      vertex 59.65925046262034 4.625 24.6
    endloop
  endfacet
  facet normal 0 0 1
    outer loop
      vertex 59.566586357596925 4.806863546002189 24.6
      vertex 59.65925046262034 4.625 24.6
      vertex 59.566586357596925 6.39313645399781 24.6
    endloop
  endfacet
  facet normal 0 0 1
    outer loop
      vertex 59.566586357596925 4.806863546002189 24.6
      vertex 59.49343979322445 6.202583139031147 24.6
      vertex 59.49343979322445 4.997416860968852 24.6
    endloop
  endfacet
  facet normal 0 0 1
    outer loop
      vertex 59.49343979322445 4.997416860968852 24.6
      vertex 59.440612178569076 6.00542779709463 24.6
      vertex 59.440612178569076 5.194572202905369 24.6
    endloop
  endfacet
  facet normal 0 0 1
    outer loop
      vertex 61.14416949662807 3.660682304031867 24.6
      vertex 61.348 3.6499999999999995 24.6
      vertex 61.14416949662807 7.5393176959681325 24.6
    endloop
  endfacet
  facet normal 0 0 1
    outer loop
      vertex 61.348 3.6499999999999995 24.6
      vertex 61.551830503371924 3.660682304031867 24.6
      vertex 61.348 7.55 24.6
    endloop
  endfacet
  facet normal 0 0 1
    outer loop
      vertex 61.551830503371924 3.660682304031867 24.6
      vertex 61.75342779709463 3.6926121785690786 24.6
      vertex 61.551830503371924 7.5393176959681325 24.6
    endloop
  endfacet
  facet normal 0 0 1
    outer loop
      vertex 61.75342779709463 3.6926121785690786 24.6
      vertex 61.950583139031146 3.7454397932244503 24.6
      vertex 61.75342779709463 7.507387821430921 24.6
    endloop
  endfacet
  facet normal 0 0 1
    outer loop
      vertex 61.950583139031146 3.7454397932244503 24.6
      vertex 62.14113645399781 3.818586357596928 24.6
      vertex 61.950583139031146 7.4545602067755485 24.6
    endloop
  endfacet
  facet normal 0 0 1
    outer loop
      vertex 62.14113645399781 3.818586357596928 24.6
      vertex 62.323 3.9112504626203446 24.6
      vertex 62.14113645399781 7.381413642403071 24.6
    endloop
  endfacet
  facet normal 0 0 1
    outer loop
      vertex 62.323 3.9112504626203446 24.6
      vertex 62.494181241970324 4.022416860968852 24.6
      vertex 62.323 7.288749537379655 24.6
    endloop
  endfacet
  facet normal 0 0 1
    outer loop
      vertex 62.494181241970324 4.022416860968852 24.6
      vertex 62.652804682399776 4.150867590319081 24.6
      vertex 62.494181241970324 7.177583139031147 24.6
    endloop
  endfacet
  facet normal 0 0 1
    outer loop
      vertex 62.652804682399776 4.150867590319081 24.6
      vertex 62.79713240968092 4.295195317600227 24.6
      vertex 62.652804682399776 7.049132409680919 24.6
    endloop
  endfacet
  facet normal 0 0 1
    outer loop
      vertex 62.79713240968092 4.295195317600227 24.6
      vertex 62.92558313903115 4.453818758029677 24.6
      vertex 62.79713240968092 6.904804682399773 24.6
    endloop
  endfacet
  facet normal 0 0 1
    outer loop
      vertex 62.92558313903115 4.453818758029677 24.6
      vertex 63.036749537379656 4.625 24.6
      vertex 62.92558313903115 6.746181241970322 24.6
    endloop
  endfacet
  facet normal 0 0 1
    outer loop
      vertex 63.036749537379656 4.625 24.6
      vertex 63.12941364240307 4.806863546002189 24.6
      vertex 63.036749537379656 6.574999999999999 24.6
    endloop
  endfacet
  facet normal 0 0 1
    outer loop
      vertex 63.12941364240307 4.806863546002189 24.6
      vertex 63.20256020677555 4.997416860968852 24.6
      vertex 63.12941364240307 6.39313645399781 24.6
    endloop
  endfacet
  facet normal 0 0 1
    outer loop
      vertex 63.20256020677555 4.997416860968852 24.6
      vertex 63.25538782143092 5.194572202905369 24.6
      vertex 63.20256020677555 6.202583139031147 24.6
    endloop
  endfacet
  facet normal 0 0 1
    outer loop
      vertex 63.25538782143092 5.194572202905369 24.6
      vertex 63.287317695968135 5.396169496628075 24.6
      vertex 63.25538782143092 6.00542779709463 24.6
    endloop
  endfacet
  facet normal 0 0 1
    outer loop
      vertex 63.287317695968135 5.396169496628075 24.6
      vertex 63.298 5.6 24.6
      vertex 63.287317695968135 5.803830503371924 24.6
    endloop
  endfacet
  facet normal 0 0 -1
    outer loop
      vertex 58.11580384005311 5.260282494380126 9.6
      vertex 58.11580384005311 5.939717505619873 9.6
      vertex 58.169020297615134 6.2757129951577175 9.6
    endloop
  endfacet
  facet normal 0 0 -1
    outer loop
      vertex 58.169020297615134 4.924287004842282 9.6
      vertex 58.169020297615134 6.2757129951577175 9.6
      vertex 58.25706632204075 6.604305231718579 9.6
    endloop
  endfacet
  facet normal -0.9986295347545737 0.05233595624294548 0
    outer loop
      vertex 58.098 5.6 9.6
      vertex 58.11580384005311 5.939717505619873 14.8
      vertex 58.11580384005311 5.939717505619873 9.6
    endloop
  endfacet
  facet normal 0 0 -1
    outer loop
      vertex 58.25706632204075 4.595694768281421 9.6
      vertex 58.25706632204075 6.604305231718579 9.6
      vertex 58.37897726266154 6.92189408999635 9.6
    endloop
  endfacet
  facet normal 0 0 -1
    outer loop
      vertex 58.37897726266154 4.278105910003649 9.6
      vertex 58.37897726266154 6.92189408999635 9.6
      vertex 58.53341743770057 7.225 9.6
    endloop
  endfacet
  facet normal 0 0 -1
    outer loop
      vertex 58.53341743770057 3.9749999999999996 9.6
      vertex 58.53341743770057 7.225 9.6
      vertex 58.71869476828142 7.510302069950537 9.6
    endloop
  endfacet
  facet normal 0 0 -1
    outer loop
      vertex 58.71869476828142 3.689697930049462 9.6
      vertex 58.71869476828142 7.510302069950537 9.6
      vertex 58.93277931719847 7.774674470666289 9.6
    endloop
  endfacet
  facet normal 0 0 -1
    outer loop
      vertex 58.93277931719847 3.42532552933371 9.6
      vertex 58.93277931719847 7.774674470666289 9.6
      vertex 59.17332552933371 8.01522068280153 9.6
    endloop
  endfacet
  facet normal -0.9876883405951364 0.1564344650402388 0
    outer loop
      vertex 58.11580384005311 5.939717505619873 9.6
      vertex 58.169020297615134 6.2757129951577175 14.8
      vertex 58.169020297615134 6.2757129951577175 9.6
    endloop
  endfacet
  facet normal 0 0 -1
    outer loop
      vertex 64.52697970238486 4.924287004842282 9.6
      vertex 64.52697970238486 6.2757129951577175 9.6
      vertex 64.5801961599469 5.939717505619873 9.6
    endloop
  endfacet
  facet normal 0 0 -1
    outer loop
      vertex 64.43893367795924 4.595694768281421 9.6
      vertex 64.43893367795924 6.604305231718579 9.6
      vertex 64.52697970238486 6.2757129951577175 9.6
    endloop
  endfacet
  facet normal 0 0 -1
    outer loop
      vertex 64.31702273733845 4.278105910003649 9.6
      vertex 64.31702273733845 6.92189408999635 9.6
      vertex 64.43893367795924 6.604305231718579 9.6
    endloop
  endfacet
  facet normal 0.9986295347545749 0.052335956242924656 0
    outer loop
      vertex 64.598 5.6 9.6
      vertex 64.5801961599469 5.939717505619873 9.6
      vertex 64.598 5.6 14.8
    endloop
  endfacet
  facet normal 0 0 -1
    outer loop
      vertex 64.16258256229942 3.9749999999999996 9.6
      vertex 64.16258256229942 7.225 9.6
      vertex 64.31702273733845 6.92189408999635 9.6
    endloop
  endfacet
  facet normal 0 0 -1
    outer loop
      vertex 63.977305231718574 3.689697930049462 9.6
      vertex 63.977305231718574 7.510302069950537 9.6
      vertex 64.16258256229942 7.225 9.6
    endloop
  endfacet
  facet normal 0 0 -1
    outer loop
      vertex 63.52267447066629 3.184779317198468 9.6
      vertex 63.52267447066629 8.01522068280153 9.6
      vertex 63.76322068280153 7.774674470666289 9.6
    endloop
  endfacet
  facet normal 0 0 -1
    outer loop
      vertex 63.25830206995054 2.9706947682814207 9.6
      vertex 63.25830206995054 8.229305231718579 9.6
      vertex 63.52267447066629 8.01522068280153 9.6
    endloop
  endfacet
  facet normal 0 0 -1
    outer loop
      vertex 63.76322068280153 3.42532552933371 9.6
      vertex 63.76322068280153 7.774674470666289 9.6
      vertex 63.977305231718574 7.510302069950537 9.6
    endloop
  endfacet
  facet normal 0.9876883405951332 0.1564344650402592 0
    outer loop
      vertex 64.5801961599469 5.939717505619873 9.6
      vertex 64.52697970238486 6.2757129951577175 9.6
      vertex 64.5801961599469 5.939717505619873 14.8
    endloop
  endfacet
  facet normal 0.9659258262890658 0.25881904510253045 0
    outer loop
      vertex 64.52697970238486 6.2757129951577175 9.6
      vertex 64.43893367795924 6.604305231718579 9.6
      vertex 64.52697970238486 6.2757129951577175 14.8
    endloop
  endfacet
  facet normal -0.9986295347545737 0.05233595624294548 0
    outer loop
      vertex 58.098 5.6 9.6
      vertex 58.098 5.6 14.8
      vertex 58.11580384005311 5.939717505619873 14.8
    endloop
  endfacet
  facet normal -0.9876883405951364 0.1564344650402388 0
    outer loop
      vertex 58.11580384005311 5.939717505619873 9.6
      vertex 58.11580384005311 5.939717505619873 14.8
      vertex 58.169020297615134 6.2757129951577175 14.8
    endloop
  endfacet
  facet normal -0.965925826289071 0.25881904510251097 0
    outer loop
      vertex 58.169020297615134 6.2757129951577175 9.6
      vertex 58.169020297615134 6.2757129951577175 14.8
      vertex 58.25706632204075 6.604305231718579 14.8
    endloop
  endfacet
  facet normal 0.9986295347545749 0.052335956242924656 0
    outer loop
      vertex 64.5801961599469 5.939717505619873 9.6
      vertex 64.5801961599469 5.939717505619873 14.8
      vertex 64.598 5.6 14.8
    endloop
  endfacet
  facet normal 0.9876883405951332 0.1564344650402592 0
    outer loop
      vertex 64.52697970238486 6.2757129951577175 9.6
      vertex 64.52697970238486 6.2757129951577175 14.8
      vertex 64.5801961599469 5.939717505619873 14.8
    endloop
  endfacet
  facet normal 0 0 -1
    outer loop
      vertex 59.17332552933371 3.184779317198468 9.6
      vertex 59.17332552933371 8.01522068280153 9.6
      vertex 59.43769793004946 8.229305231718579 9.6
    endloop
  endfacet
  facet normal 0 0 -1
    outer loop
      vertex 59.43769793004946 2.9706947682814207 9.6
      vertex 59.43769793004946 8.229305231718579 9.6
      vertex 59.723 8.414582562299426 9.6
    endloop
  endfacet
  facet normal 0 0 -1
    outer loop
      vertex 59.723 2.7854174377005743 9.6
      vertex 59.723 8.414582562299426 9.6
      vertex 60.02610591000365 8.569022737338452 9.6
    endloop
  endfacet
  facet normal 0 0 -1
    outer loop
      vertex 60.02610591000365 2.630977262661547 9.6
      vertex 60.02610591000365 8.569022737338452 9.6
      vertex 60.34369476828142 8.690933677959249 9.6
    endloop
  endfacet
  facet normal 0 0 -1
    outer loop
      vertex 60.34369476828142 2.5090663220407508 9.6
      vertex 60.34369476828142 8.690933677959249 9.6
      vertex 60.67228700484228 8.778979702384868 9.6
    endloop
  endfacet
  facet normal 0 0 -1
    outer loop
      vertex 60.67228700484228 2.421020297615131 9.6
      vertex 60.67228700484228 8.778979702384868 9.6
      vertex 61.008282494380126 8.832196159946887 9.6
    endloop
  endfacet
  facet normal 0 0 -1
    outer loop
      vertex 61.008282494380126 2.3678038400531114 9.6
      vertex 61.008282494380126 8.832196159946887 9.6
      vertex 61.348 8.85 9.6
    endloop
  endfacet
  facet normal -0.965925826289071 0.25881904510251097 0
    outer loop
      vertex 58.169020297615134 6.2757129951577175 9.6
      vertex 58.25706632204075 6.604305231718579 14.8
      vertex 58.25706632204075 6.604305231718579 9.6
    endloop
  endfacet
  facet normal -0.9335804264972044 0.3583679495452935 0
    outer loop
      vertex 58.25706632204075 6.604305231718579 9.6
      vertex 58.37897726266154 6.92189408999635 14.8
      vertex 58.37897726266154 6.92189408999635 9.6
    endloop
  endfacet
  facet normal -0.8910065241883675 0.4539904997395476 0
    outer loop
      vertex 58.37897726266154 6.92189408999635 9.6
      vertex 58.53341743770057 7.225 14.8
      vertex 58.53341743770057 7.225 9.6
    endloop
  endfacet
  facet normal 0 0 -1
    outer loop
      vertex 62.66989408999635 2.630977262661547 9.6
      vertex 62.66989408999635 8.569022737338452 9.6
      vertex 62.973 8.414582562299426 9.6
    endloop
  endfacet
  facet normal 0 0 -1
    outer loop
      vertex 62.352305231718574 2.5090663220407508 9.6
      vertex 62.352305231718574 8.690933677959249 9.6
      vertex 62.66989408999635 8.569022737338452 9.6
    endloop
  endfacet
  facet normal 0 0 -1
    outer loop
      vertex 61.348 2.3499999999999996 9.6
      vertex 61.348 8.85 9.6
      vertex 61.68771750561987 8.832196159946887 9.6
    endloop
  endfacet
  facet normal 0 0 -1
    outer loop
      vertex 61.68771750561987 2.3678038400531114 9.6
      vertex 61.68771750561987 8.832196159946887 9.6
      vertex 62.023712995157716 8.778979702384868 9.6
    endloop
  endfacet
  facet normal 0 0 -1
    outer loop
      vertex 62.023712995157716 2.421020297615131 9.6
      vertex 62.023712995157716 8.778979702384868 9.6
      vertex 62.352305231718574 8.690933677959249 9.6
    endloop
  endfacet
  facet normal 0 0 -1
    outer loop
      vertex 62.973 2.7854174377005743 9.6
      vertex 62.973 8.414582562299426 9.6
      vertex 63.25830206995054 8.229305231718579 9.6
    endloop
  endfacet
  facet normal 0.9335804264972044 0.3583679495452935 0
    outer loop
      vertex 64.43893367795924 6.604305231718579 9.6
      vertex 64.31702273733845 6.92189408999635 9.6
      vertex 64.43893367795924 6.604305231718579 14.8
    endloop
  endfacet
  facet normal 0.8910065241883675 0.4539904997395476 0
    outer loop
      vertex 64.31702273733845 6.92189408999635 9.6
      vertex 64.16258256229942 7.225 9.6
      vertex 64.31702273733845 6.92189408999635 14.8
    endloop
  endfacet
  facet normal -0.9335804264972044 0.3583679495452935 0
    outer loop
      vertex 58.25706632204075 6.604305231718579 9.6
      vertex 58.25706632204075 6.604305231718579 14.8
      vertex 58.37897726266154 6.92189408999635 14.8
    endloop
  endfacet
  facet normal -0.8910065241883675 0.4539904997395476 0
    outer loop
      vertex 58.37897726266154 6.92189408999635 9.6
      vertex 58.37897726266154 6.92189408999635 14.8
      vertex 58.53341743770057 7.225 14.8
    endloop
  endfacet
  facet normal 0.9659258262890658 0.25881904510253045 0
    outer loop
      vertex 64.43893367795924 6.604305231718579 9.6
      vertex 64.43893367795924 6.604305231718579 14.8
      vertex 64.52697970238486 6.2757129951577175 14.8
    endloop
  endfacet
  facet normal 0.9335804264972044 0.3583679495452935 0
    outer loop
      vertex 64.31702273733845 6.92189408999635 9.6
      vertex 64.31702273733845 6.92189408999635 14.8
      vertex 64.43893367795924 6.604305231718579 14.8
    endloop
  endfacet
  facet normal 0.8910065241883675 0.4539904997395476 0
    outer loop
      vertex 64.16258256229942 7.225 9.6
      vertex 64.16258256229942 7.225 14.8
      vertex 64.31702273733845 6.92189408999635 14.8
    endloop
  endfacet
  facet normal 0 0 1
    outer loop
      vertex 58.169020297615134 4.924287004842282 14.8
      vertex 58.169020297615134 6.2757129951577175 14.8
      vertex 58.11580384005311 5.939717505619873 14.8
    endloop
  endfacet
  facet normal 0 0 1
    outer loop
      vertex 58.25706632204075 4.595694768281421 14.8
      vertex 58.25706632204075 6.604305231718579 14.8
      vertex 58.169020297615134 6.2757129951577175 14.8
    endloop
  endfacet
  facet normal 0 0 1
    outer loop
      vertex 58.37897726266154 4.278105910003649 14.8
      vertex 58.37897726266154 6.92189408999635 14.8
      vertex 58.25706632204075 6.604305231718579 14.8
    endloop
  endfacet
  facet normal 0 0 1
    outer loop
      vertex 58.53341743770057 3.9749999999999996 14.8
      vertex 58.53341743770057 7.225 14.8
      vertex 58.37897726266154 6.92189408999635 14.8
    endloop
  endfacet
  facet normal 0 0 1
    outer loop
      vertex 58.71869476828142 3.689697930049462 14.8
      vertex 58.71869476828142 7.510302069950537 14.8
      vertex 58.53341743770057 7.225 14.8
    endloop
  endfacet
  facet normal 0 0 1
    outer loop
      vertex 58.93277931719847 3.42532552933371 14.8
      vertex 58.93277931719847 7.774674470666289 14.8
      vertex 58.71869476828142 7.510302069950537 14.8
    endloop
  endfacet
  facet normal 0 0 1
    outer loop
      vertex 59.17332552933371 3.184779317198468 14.8
      vertex 59.17332552933371 8.01522068280153 14.8
      vertex 58.93277931719847 7.774674470666289 14.8
    endloop
  endfacet
  facet normal 0 0 1
    outer loop
      vertex 59.17332552933371 8.01522068280153 14.8
      vertex 59.40868230403186 5.396169496628075 14.8
      vertex 59.397999999999996 5.6 14.8
    endloop
  endfacet
  facet normal 0 0 1
    outer loop
      vertex 63.52267447066629 3.184779317198468 14.8
      vertex 63.25830206995054 8.229305231718579 14.8
      vertex 63.287317695968135 5.803830503371924 14.8
    endloop
  endfacet
  facet normal 0 0 1
    outer loop
      vertex 64.5801961599469 5.260282494380126 14.8
      vertex 64.5801961599469 5.939717505619873 14.8
      vertex 64.52697970238486 6.2757129951577175 14.8
    endloop
  endfacet
  facet normal 0 0 1
    outer loop
      vertex 64.52697970238486 4.924287004842282 14.8
      vertex 64.52697970238486 6.2757129951577175 14.8
      vertex 64.43893367795924 6.604305231718579 14.8
    endloop
  endfacet
  facet normal 0 0 1
    outer loop
      vertex 64.43893367795924 4.595694768281421 14.8
      vertex 64.43893367795924 6.604305231718579 14.8
      vertex 64.31702273733845 6.92189408999635 14.8
    endloop
  endfacet
  facet normal 0 0 1
    outer loop
      vertex 64.31702273733845 4.278105910003649 14.8
      vertex 64.31702273733845 6.92189408999635 14.8
      vertex 64.16258256229942 7.225 14.8
    endloop
  endfacet
  facet normal 0 0 1
    outer loop
      vertex 63.76322068280153 3.42532552933371 14.8
      vertex 63.76322068280153 7.774674470666289 14.8
      vertex 63.52267447066629 8.01522068280153 14.8
    endloop
  endfacet
  facet normal 0 0 1
    outer loop
      vertex 64.16258256229942 3.9749999999999996 14.8
      vertex 64.16258256229942 7.225 14.8
      vertex 63.977305231718574 7.510302069950537 14.8
    endloop
  endfacet
  facet normal 0 0 1
    outer loop
      vertex 63.977305231718574 3.689697930049462 14.8
      vertex 63.977305231718574 7.510302069950537 14.8
      vertex 63.76322068280153 7.774674470666289 14.8
    endloop
  endfacet
  facet normal 0 0 1
    outer loop
      vertex 59.17332552933371 8.01522068280153 14.8
      vertex 59.397999999999996 5.6 14.8
      vertex 59.40868230403186 5.803830503371924 14.8
    endloop
  endfacet
  facet normal 0 0 1
    outer loop
      vertex 59.43769793004946 8.229305231718579 14.8
      vertex 59.40868230403186 5.803830503371924 14.8
      vertex 59.440612178569076 6.00542779709463 14.8
    endloop
  endfacet
  facet normal 0 0 1
    outer loop
      vertex 59.43769793004946 8.229305231718579 14.8
      vertex 59.440612178569076 6.00542779709463 14.8
      vertex 59.49343979322445 6.202583139031147 14.8
    endloop
  endfacet
  facet normal 0 0 1
    outer loop
      vertex 59.43769793004946 8.229305231718579 14.8
      vertex 59.49343979322445 6.202583139031147 14.8
      vertex 59.566586357596925 6.39313645399781 14.8
    endloop
  endfacet
  facet normal 0 0 1
    outer loop
      vertex 59.43769793004946 8.229305231718579 14.8
      vertex 59.566586357596925 6.39313645399781 14.8
      vertex 59.65925046262034 6.574999999999999 14.8
    endloop
  endfacet
  facet normal 0 0 1
    outer loop
      vertex 63.52267447066629 3.184779317198468 14.8
      vertex 63.52267447066629 8.01522068280153 14.8
      vertex 63.25830206995054 8.229305231718579 14.8
    endloop
  endfacet
  facet normal 0 0 1
    outer loop
      vertex 63.25830206995054 8.229305231718579 14.8
      vertex 63.25538782143092 6.00542779709463 14.8
      vertex 63.287317695968135 5.803830503371924 14.8
    endloop
  endfacet
  facet normal 0 0 1
    outer loop
      vertex 63.25830206995054 8.229305231718579 14.8
      vertex 63.20256020677555 6.202583139031147 14.8
      vertex 63.25538782143092 6.00542779709463 14.8
    endloop
  endfacet
  facet normal 0 0 1
    outer loop
      vertex 63.25830206995054 8.229305231718579 14.8
      vertex 63.12941364240307 6.39313645399781 14.8
      vertex 63.20256020677555 6.202583139031147 14.8
    endloop
  endfacet
  facet normal 0 0 1
    outer loop
      vertex 63.25830206995054 8.229305231718579 14.8
      vertex 63.036749537379656 6.574999999999999 14.8
      vertex 63.12941364240307 6.39313645399781 14.8
    endloop
  endfacet
  facet normal -0.8386705679454156 0.54463903501504 0
    outer loop
      vertex 58.53341743770057 7.225 9.6
      vertex 58.71869476828142 7.510302069950537 14.8
      vertex 58.71869476828142 7.510302069950537 9.6
    endloop
  endfacet
  facet normal -0.7771459614569783 0.6293203910498284 0
    outer loop
      vertex 58.71869476828142 7.510302069950537 9.6
      vertex 58.93277931719847 7.774674470666289 14.8
      vertex 58.93277931719847 7.774674470666289 9.6
    endloop
  endfacet
  facet normal -0.7071067811865449 0.7071067811865502 0
    outer loop
      vertex 58.93277931719847 7.774674470666289 9.6
      vertex 59.17332552933371 8.01522068280153 14.8
      vertex 59.17332552933371 8.01522068280153 9.6
    endloop
  endfacet
  facet normal 0.8386705679454253 0.5446390350150252 0
    outer loop
      vertex 63.977305231718574 7.510302069950537 9.6
      vertex 64.16258256229942 7.225 14.8
      vertex 64.16258256229942 7.225 9.6
    endloop
  endfacet
  facet normal 0.7771459614569783 0.6293203910498284 0
    outer loop
      vertex 63.76322068280153 7.774674470666289 9.6
      vertex 63.977305231718574 7.510302069950537 14.8
      vertex 63.977305231718574 7.510302069950537 9.6
    endloop
  endfacet
  facet normal 0.7071067811865449 0.7071067811865502 0
    outer loop
      vertex 63.52267447066629 8.01522068280153 9.6
      vertex 63.76322068280153 7.774674470666289 14.8
      vertex 63.76322068280153 7.774674470666289 9.6
    endloop
  endfacet
  facet normal -0.8386705679454156 0.54463903501504 0
    outer loop
      vertex 58.53341743770057 7.225 9.6
      vertex 58.53341743770057 7.225 14.8
      vertex 58.71869476828142 7.510302069950537 14.8
    endloop
  endfacet
  facet normal -0.7771459614569783 0.6293203910498284 0
    outer loop
      vertex 58.71869476828142 7.510302069950537 9.6
      vertex 58.71869476828142 7.510302069950537 14.8
      vertex 58.93277931719847 7.774674470666289 14.8
    endloop
  endfacet
  facet normal -0.7071067811865449 0.7071067811865502 0
    outer loop
      vertex 58.93277931719847 7.774674470666289 9.6
      vertex 58.93277931719847 7.774674470666289 14.8
      vertex 59.17332552933371 8.01522068280153 14.8
    endloop
  endfacet
  facet normal 0.8386705679454253 0.5446390350150252 0
    outer loop
      vertex 63.977305231718574 7.510302069950537 9.6
      vertex 63.977305231718574 7.510302069950537 14.8
      vertex 64.16258256229942 7.225 14.8
    endloop
  endfacet
  facet normal 0.7771459614569783 0.6293203910498284 0
    outer loop
      vertex 63.76322068280153 7.774674470666289 9.6
      vertex 63.76322068280153 7.774674470666289 14.8
      vertex 63.977305231718574 7.510302069950537 14.8
    endloop
  endfacet
  facet normal 0.7071067811865449 0.7071067811865502 0
    outer loop
      vertex 63.52267447066629 8.01522068280153 9.6
      vertex 63.52267447066629 8.01522068280153 14.8
      vertex 63.76322068280153 7.774674470666289 14.8
    endloop
  endfacet
  facet normal -0.6293203910498404 0.7771459614569685 0
    outer loop
      vertex 59.17332552933371 8.01522068280153 9.6
      vertex 59.17332552933371 8.01522068280153 14.8
      vertex 59.43769793004946 8.229305231718579 9.6
    endloop
  endfacet
  facet normal -0.5446390350150265 0.8386705679454244 0
    outer loop
      vertex 59.43769793004946 8.229305231718579 9.6
      vertex 59.43769793004946 8.229305231718579 14.8
      vertex 59.723 8.414582562299426 9.6
    endloop
  endfacet
  facet normal -0.4539904997395413 0.8910065241883707 0
    outer loop
      vertex 59.723 8.414582562299426 9.6
      vertex 59.723 8.414582562299426 14.8
      vertex 60.02610591000365 8.569022737338452 9.6
    endloop
  endfacet
  facet normal -0.35836794954530077 0.9335804264972014 0
    outer loop
      vertex 60.02610591000365 8.569022737338452 9.6
      vertex 60.02610591000365 8.569022737338452 14.8
      vertex 60.34369476828142 8.690933677959249 9.6
    endloop
  endfacet
  facet normal -0.2588190451025226 0.9659258262890678 0
    outer loop
      vertex 60.34369476828142 8.690933677959249 9.6
      vertex 60.34369476828142 8.690933677959249 14.8
      vertex 60.67228700484228 8.778979702384868 9.6
    endloop
  endfacet
  facet normal -0.156434465040229 0.987688340595138 0
    outer loop
      vertex 60.67228700484228 8.778979702384868 9.6
      vertex 60.67228700484228 8.778979702384868 14.8
      vertex 61.008282494380126 8.832196159946887 9.6
    endloop
  endfacet
  facet normal -0.05233595624294548 0.9986295347545737 0
    outer loop
      vertex 61.008282494380126 8.832196159946887 9.6
      vertex 61.008282494380126 8.832196159946887 14.8
      vertex 61.348 8.85 9.6
    endloop
  endfacet
  facet normal 0.6293203910498404 0.7771459614569685 0
    outer loop
      vertex 63.52267447066629 8.01522068280153 9.6
      vertex 63.25830206995054 8.229305231718579 9.6
      vertex 63.25830206995054 8.229305231718579 14.8
    endloop
  endfacet
  facet normal 0.5446390350150265 0.8386705679454244 0
    outer loop
      vertex 62.973 8.414582562299426 9.6
      vertex 62.973 8.414582562299426 14.8
      vertex 63.25830206995054 8.229305231718579 9.6
    endloop
  endfacet
  facet normal 0.4539904997395413 0.8910065241883707 0
    outer loop
      vertex 62.66989408999635 8.569022737338452 9.6
      vertex 62.66989408999635 8.569022737338452 14.8
      vertex 62.973 8.414582562299426 9.6
    endloop
  endfacet
  facet normal 0.05233595624294548 0.9986295347545737 0
    outer loop
      vertex 61.348 8.85 9.6
      vertex 61.348 8.85 14.8
      vertex 61.68771750561987 8.832196159946887 9.6
    endloop
  endfacet
  facet normal 0.156434465040229 0.987688340595138 0
    outer loop
      vertex 61.68771750561987 8.832196159946887 9.6
      vertex 61.68771750561987 8.832196159946887 14.8
      vertex 62.023712995157716 8.778979702384868 9.6
    endloop
  endfacet
  facet normal 0.35836794954530077 0.9335804264972014 0
    outer loop
      vertex 62.352305231718574 8.690933677959249 9.6
      vertex 62.352305231718574 8.690933677959249 14.8
      vertex 62.66989408999635 8.569022737338452 9.6
    endloop
  endfacet
  facet normal 0.2588190451025226 0.9659258262890678 0
    outer loop
      vertex 62.023712995157716 8.778979702384868 9.6
      vertex 62.023712995157716 8.778979702384868 14.8
      vertex 62.352305231718574 8.690933677959249 9.6
    endloop
  endfacet
  facet normal -0.6293203910498404 0.7771459614569685 0
    outer loop
      vertex 59.43769793004946 8.229305231718579 9.6
      vertex 59.17332552933371 8.01522068280153 14.8
      vertex 59.43769793004946 8.229305231718579 14.8
    endloop
  endfacet
  facet normal -0.5446390350150265 0.8386705679454244 0
    outer loop
      vertex 59.723 8.414582562299426 9.6
      vertex 59.43769793004946 8.229305231718579 14.8
      vertex 59.723 8.414582562299426 14.8
    endloop
  endfacet
  facet normal -0.4539904997395413 0.8910065241883707 0
    outer loop
      vertex 60.02610591000365 8.569022737338452 9.6
      vertex 59.723 8.414582562299426 14.8
      vertex 60.02610591000365 8.569022737338452 14.8
    endloop
  endfacet
  facet normal -0.35836794954530077 0.9335804264972014 0
    outer loop
      vertex 60.34369476828142 8.690933677959249 9.6
      vertex 60.02610591000365 8.569022737338452 14.8
      vertex 60.34369476828142 8.690933677959249 14.8
    endloop
  endfacet
  facet normal -0.2588190451025226 0.9659258262890678 0
    outer loop
      vertex 60.67228700484228 8.778979702384868 9.6
      vertex 60.34369476828142 8.690933677959249 14.8
      vertex 60.67228700484228 8.778979702384868 14.8
    endloop
  endfacet
  facet normal -0.156434465040229 0.987688340595138 0
    outer loop
      vertex 61.008282494380126 8.832196159946887 9.6
      vertex 60.67228700484228 8.778979702384868 14.8
      vertex 61.008282494380126 8.832196159946887 14.8
    endloop
  endfacet
  facet normal 0.6293203910498404 0.7771459614569685 0
    outer loop
      vertex 63.52267447066629 8.01522068280153 9.6
      vertex 63.25830206995054 8.229305231718579 14.8
      vertex 63.52267447066629 8.01522068280153 14.8
    endloop
  endfacet
  facet normal 0.5446390350150265 0.8386705679454244 0
    outer loop
      vertex 63.25830206995054 8.229305231718579 9.6
      vertex 62.973 8.414582562299426 14.8
      vertex 63.25830206995054 8.229305231718579 14.8
    endloop
  endfacet
  facet normal 0.4539904997395413 0.8910065241883707 0
    outer loop
      vertex 62.973 8.414582562299426 9.6
      vertex 62.66989408999635 8.569022737338452 14.8
      vertex 62.973 8.414582562299426 14.8
    endloop
  endfacet
  facet normal 0.35836794954530077 0.9335804264972014 0
    outer loop
      vertex 62.66989408999635 8.569022737338452 9.6
      vertex 62.352305231718574 8.690933677959249 14.8
      vertex 62.66989408999635 8.569022737338452 14.8
    endloop
  endfacet
  facet normal -0.05233595624294548 0.9986295347545737 0
    outer loop
      vertex 61.008282494380126 8.832196159946887 14.8
      vertex 61.348 8.85 14.8
      vertex 61.348 8.85 9.6
    endloop
  endfacet
  facet normal 0.05233595624294548 0.9986295347545737 0
    outer loop
      vertex 61.68771750561987 8.832196159946887 9.6
      vertex 61.348 8.85 14.8
      vertex 61.68771750561987 8.832196159946887 14.8
    endloop
  endfacet
  facet normal 0.156434465040229 0.987688340595138 0
    outer loop
      vertex 62.023712995157716 8.778979702384868 9.6
      vertex 61.68771750561987 8.832196159946887 14.8
      vertex 62.023712995157716 8.778979702384868 14.8
    endloop
  endfacet
  facet normal 0.2588190451025226 0.9659258262890678 0
    outer loop
      vertex 62.352305231718574 8.690933677959249 9.6
      vertex 62.023712995157716 8.778979702384868 14.8
      vertex 62.352305231718574 8.690933677959249 14.8
    endloop
  endfacet
  facet normal 0 0 1
    outer loop
      vertex 59.17332552933371 8.01522068280153 14.8
      vertex 59.40868230403186 5.803830503371924 14.8
      vertex 59.43769793004946 8.229305231718579 14.8
    endloop
  endfacet
  facet normal 0 0 1
    outer loop
      vertex 59.723 8.414582562299426 14.8
      vertex 59.65925046262034 6.574999999999999 14.8
      vertex 59.77041686096885 6.746181241970322 14.8
    endloop
  endfacet
  facet normal 0 0 1
    outer loop
      vertex 59.723 8.414582562299426 14.8
      vertex 59.77041686096885 6.746181241970322 14.8
      vertex 59.89886759031908 6.904804682399773 14.8
    endloop
  endfacet
  facet normal 0 0 1
    outer loop
      vertex 60.02610591000365 8.569022737338452 14.8
      vertex 59.89886759031908 6.904804682399773 14.8
      vertex 60.04319531760022 7.049132409680919 14.8
    endloop
  endfacet
  facet normal 0 0 1
    outer loop
      vertex 60.02610591000365 8.569022737338452 14.8
      vertex 60.04319531760022 7.049132409680919 14.8
      vertex 60.201818758029674 7.177583139031147 14.8
    endloop
  endfacet
  facet normal 0 0 1
    outer loop
      vertex 60.34369476828142 8.690933677959249 14.8
      vertex 60.201818758029674 7.177583139031147 14.8
      vertex 60.373 7.288749537379655 14.8
    endloop
  endfacet
  facet normal 0 0 1
    outer loop
      vertex 59.43769793004946 8.229305231718579 14.8
      vertex 59.65925046262034 6.574999999999999 14.8
      vertex 59.723 8.414582562299426 14.8
    endloop
  endfacet
  facet normal 0 0 1
    outer loop
      vertex 60.34369476828142 8.690933677959249 14.8
      vertex 60.373 7.288749537379655 14.8
      vertex 60.55486354600219 7.381413642403071 14.8
    endloop
  endfacet
  facet normal 0 0 1
    outer loop
      vertex 59.723 8.414582562299426 14.8
      vertex 59.89886759031908 6.904804682399773 14.8
      vertex 60.02610591000365 8.569022737338452 14.8
    endloop
  endfacet
  facet normal 0 0 1
    outer loop
      vertex 60.67228700484228 8.778979702384868 14.8
      vertex 60.55486354600219 7.381413642403071 14.8
      vertex 60.74541686096885 7.4545602067755485 14.8
    endloop
  endfacet
  facet normal 0 0 1
    outer loop
      vertex 60.67228700484228 8.778979702384868 14.8
      vertex 60.74541686096885 7.4545602067755485 14.8
      vertex 60.94257220290537 7.507387821430921 14.8
    endloop
  endfacet
  facet normal 0 0 1
    outer loop
      vertex 61.008282494380126 8.832196159946887 14.8
      vertex 60.94257220290537 7.507387821430921 14.8
      vertex 61.14416949662807 7.5393176959681325 14.8
    endloop
  endfacet
  facet normal 0 0 1
    outer loop
      vertex 61.008282494380126 8.832196159946887 14.8
      vertex 61.14416949662807 7.5393176959681325 14.8
      vertex 61.348 7.55 14.8
    endloop
  endfacet
  facet normal 0 0 1
    outer loop
      vertex 62.973 8.414582562299426 14.8
      vertex 62.652804682399776 7.049132409680919 14.8
      vertex 62.79713240968092 6.904804682399773 14.8
    endloop
  endfacet
  facet normal 0 0 1
    outer loop
      vertex 62.66989408999635 8.569022737338452 14.8
      vertex 62.494181241970324 7.177583139031147 14.8
      vertex 62.652804682399776 7.049132409680919 14.8
    endloop
  endfacet
  facet normal 0 0 1
    outer loop
      vertex 62.973 8.414582562299426 14.8
      vertex 62.92558313903115 6.746181241970322 14.8
      vertex 63.036749537379656 6.574999999999999 14.8
    endloop
  endfacet
  facet normal 0 0 1
    outer loop
      vertex 62.973 8.414582562299426 14.8
      vertex 62.79713240968092 6.904804682399773 14.8
      vertex 62.92558313903115 6.746181241970322 14.8
    endloop
  endfacet
  facet normal 0 0 1
    outer loop
      vertex 62.66989408999635 8.569022737338452 14.8
      vertex 62.323 7.288749537379655 14.8
      vertex 62.494181241970324 7.177583139031147 14.8
    endloop
  endfacet
  facet normal 0 0 1
    outer loop
      vertex 62.352305231718574 8.690933677959249 14.8
      vertex 62.14113645399781 7.381413642403071 14.8
      vertex 62.323 7.288749537379655 14.8
    endloop
  endfacet
  facet normal 0 0 1
    outer loop
      vertex 62.023712995157716 8.778979702384868 14.8
      vertex 61.75342779709463 7.507387821430921 14.8
      vertex 61.950583139031146 7.4545602067755485 14.8
    endloop
  endfacet
  facet normal 0 0 1
    outer loop
      vertex 61.68771750561987 8.832196159946887 14.8
      vertex 61.348 7.55 14.8
      vertex 61.551830503371924 7.5393176959681325 14.8
    endloop
  endfacet
  facet normal 0 0 1
    outer loop
      vertex 61.68771750561987 8.832196159946887 14.8
      vertex 61.551830503371924 7.5393176959681325 14.8
      vertex 61.75342779709463 7.507387821430921 14.8
    endloop
  endfacet
  facet normal 0 0 1
    outer loop
      vertex 62.352305231718574 8.690933677959249 14.8
      vertex 61.950583139031146 7.4545602067755485 14.8
      vertex 62.14113645399781 7.381413642403071 14.8
    endloop
  endfacet
  facet normal 0 0 1
    outer loop
      vertex 62.66989408999635 8.569022737338452 14.8
      vertex 62.652804682399776 7.049132409680919 14.8
      vertex 62.973 8.414582562299426 14.8
    endloop
  endfacet
  facet normal 0 0 1
    outer loop
      vertex 62.973 8.414582562299426 14.8
      vertex 63.036749537379656 6.574999999999999 14.8
      vertex 63.25830206995054 8.229305231718579 14.8
    endloop
  endfacet
  facet normal 0 0 1
    outer loop
      vertex 60.02610591000365 8.569022737338452 14.8
      vertex 60.201818758029674 7.177583139031147 14.8
      vertex 60.34369476828142 8.690933677959249 14.8
    endloop
  endfacet
  facet normal 0 0 1
    outer loop
      vertex 60.34369476828142 8.690933677959249 14.8
      vertex 60.55486354600219 7.381413642403071 14.8
      vertex 60.67228700484228 8.778979702384868 14.8
    endloop
  endfacet
  facet normal 0 0 1
    outer loop
      vertex 60.67228700484228 8.778979702384868 14.8
      vertex 60.94257220290537 7.507387821430921 14.8
      vertex 61.008282494380126 8.832196159946887 14.8
    endloop
  endfacet
  facet normal 0 0 1
    outer loop
      vertex 62.352305231718574 8.690933677959249 14.8
      vertex 62.323 7.288749537379655 14.8
      vertex 62.66989408999635 8.569022737338452 14.8
    endloop
  endfacet
  facet normal 0 0 1
    outer loop
      vertex 61.008282494380126 8.832196159946887 14.8
      vertex 61.348 7.55 14.8
      vertex 61.348 8.85 14.8
    endloop
  endfacet
  facet normal 0 0 1
    outer loop
      vertex 61.348 8.85 14.8
      vertex 61.348 7.55 14.8
      vertex 61.68771750561987 8.832196159946887 14.8
    endloop
  endfacet
  facet normal 0 0 1
    outer loop
      vertex 61.68771750561987 8.832196159946887 14.8
      vertex 61.75342779709463 7.507387821430921 14.8
      vertex 62.023712995157716 8.778979702384868 14.8
    endloop
  endfacet
  facet normal 0 0 1
    outer loop
      vertex 62.023712995157716 8.778979702384868 14.8
      vertex 61.950583139031146 7.4545602067755485 14.8
      vertex 62.352305231718574 8.690933677959249 14.8
    endloop
  endfacet
  facet normal -0.9986295347545738 0.05233595624294535 0
    outer loop
      vertex 59.40868230403186 5.803830503371924 24.6
      vertex 59.40868230403186 5.803830503371924 14.8
      vertex 59.397999999999996 5.6 14.8
    endloop
  endfacet
  facet normal -0.9876883405951375 0.15643446504023245 0
    outer loop
      vertex 59.440612178569076 6.00542779709463 24.6
      vertex 59.440612178569076 6.00542779709463 14.8
      vertex 59.40868230403186 5.803830503371924 14.8
    endloop
  endfacet
  facet normal -0.9659258262890692 0.25881904510251724 0
    outer loop
      vertex 59.49343979322445 6.202583139031147 24.6
      vertex 59.49343979322445 6.202583139031147 14.8
      vertex 59.440612178569076 6.00542779709463 14.8
    endloop
  endfacet
  facet normal -0.9335804264971999 0.3583679495453053 0
    outer loop
      vertex 59.566586357596925 6.39313645399781 24.6
      vertex 59.566586357596925 6.39313645399781 14.8
      vertex 59.49343979322445 6.202583139031147 14.8
    endloop
  endfacet
  facet normal 0.9986295347545738 0.05233595624294535 0
    outer loop
      vertex 63.298 5.6 24.6
      vertex 63.298 5.6 14.8
      vertex 63.287317695968135 5.803830503371924 14.8
    endloop
  endfacet
  facet normal 0.9876883405951375 0.15643446504023245 0
    outer loop
      vertex 63.287317695968135 5.803830503371924 24.6
      vertex 63.287317695968135 5.803830503371924 14.8
      vertex 63.25538782143092 6.00542779709463 14.8
    endloop
  endfacet
  facet normal 0.9659258262890692 0.25881904510251724 0
    outer loop
      vertex 63.25538782143092 6.00542779709463 24.6
      vertex 63.25538782143092 6.00542779709463 14.8
      vertex 63.20256020677555 6.202583139031147 14.8
    endloop
  endfacet
  facet normal 0.9335804264971999 0.3583679495453053 0
    outer loop
      vertex 63.20256020677555 6.202583139031147 24.6
      vertex 63.20256020677555 6.202583139031147 14.8
      vertex 63.12941364240307 6.39313645399781 14.8
    endloop
  endfacet
  facet normal -0.8910065241883666 0.45399049973954897 0
    outer loop
      vertex 59.65925046262034 6.574999999999999 24.6
      vertex 59.65925046262034 6.574999999999999 14.8
      vertex 59.566586357596925 6.39313645399781 14.8
    endloop
  endfacet
  facet normal -0.8386705679454222 0.5446390350150297 0
    outer loop
      vertex 59.77041686096885 6.746181241970322 24.6
      vertex 59.77041686096885 6.746181241970322 14.8
      vertex 59.65925046262034 6.574999999999999 14.8
    endloop
  endfacet
  facet normal -0.7771459614569739 0.6293203910498338 0
    outer loop
      vertex 59.89886759031908 6.904804682399773 24.6
      vertex 59.89886759031908 6.904804682399773 14.8
      vertex 59.77041686096885 6.746181241970322 14.8
    endloop
  endfacet
  facet normal -0.7071067811865518 0.7071067811865431 0
    outer loop
      vertex 60.04319531760022 7.049132409680919 24.6
      vertex 60.04319531760022 7.049132409680919 14.8
      vertex 59.89886759031908 6.904804682399773 14.8
    endloop
  endfacet
  facet normal -0.6293203910498343 0.7771459614569733 0
    outer loop
      vertex 60.201818758029674 7.177583139031147 24.6
      vertex 60.201818758029674 7.177583139031147 14.8
      vertex 60.04319531760022 7.049132409680919 14.8
    endloop
  endfacet
  facet normal 0.7771459614569739 0.6293203910498338 0
    outer loop
      vertex 62.92558313903115 6.746181241970322 24.6
      vertex 62.92558313903115 6.746181241970322 14.8
      vertex 62.79713240968092 6.904804682399773 14.8
    endloop
  endfacet
  facet normal 0.8910065241883666 0.45399049973954897 0
    outer loop
      vertex 63.12941364240307 6.39313645399781 24.6
      vertex 63.12941364240307 6.39313645399781 14.8
      vertex 63.036749537379656 6.574999999999999 14.8
    endloop
  endfacet
  facet normal 0.8386705679454222 0.5446390350150297 0
    outer loop
      vertex 63.036749537379656 6.574999999999999 24.6
      vertex 63.036749537379656 6.574999999999999 14.8
      vertex 62.92558313903115 6.746181241970322 14.8
    endloop
  endfacet
  facet normal 0.7071067811865518 0.7071067811865431 0
    outer loop
      vertex 62.79713240968092 6.904804682399773 24.6
      vertex 62.79713240968092 6.904804682399773 14.8
      vertex 62.652804682399776 7.049132409680919 14.8
    endloop
  endfacet
  facet normal 0.6293203910498343 0.7771459614569733 0
    outer loop
      vertex 62.652804682399776 7.049132409680919 24.6
      vertex 62.652804682399776 7.049132409680919 14.8
      vertex 62.494181241970324 7.177583139031147 14.8
    endloop
  endfacet
  facet normal 0.5446390350150246 0.8386705679454256 0
    outer loop
      vertex 62.494181241970324 7.177583139031147 24.6
      vertex 62.494181241970324 7.177583139031147 14.8
      vertex 62.323 7.288749537379655 14.8
    endloop
  endfacet
  facet normal -0.9986295347545738 0.05233595624294535 0
    outer loop
      vertex 59.397999999999996 5.6 24.6
      vertex 59.40868230403186 5.803830503371924 24.6
      vertex 59.397999999999996 5.6 14.8
    endloop
  endfacet
  facet normal -0.9876883405951375 0.15643446504023245 0
    outer loop
      vertex 59.40868230403186 5.803830503371924 24.6
      vertex 59.440612178569076 6.00542779709463 24.6
      vertex 59.40868230403186 5.803830503371924 14.8
    endloop
  endfacet
  facet normal -0.9659258262890692 0.25881904510251724 0
    outer loop
      vertex 59.440612178569076 6.00542779709463 24.6
      vertex 59.49343979322445 6.202583139031147 24.6
      vertex 59.440612178569076 6.00542779709463 14.8
    endloop
  endfacet
  facet normal -0.9335804264971999 0.3583679495453053 0
    outer loop
      vertex 59.49343979322445 6.202583139031147 24.6
      vertex 59.566586357596925 6.39313645399781 24.6
      vertex 59.49343979322445 6.202583139031147 14.8
    endloop
  endfacet
  facet normal 0.9986295347545738 0.05233595624294535 0
    outer loop
      vertex 63.298 5.6 24.6
      vertex 63.287317695968135 5.803830503371924 14.8
      vertex 63.287317695968135 5.803830503371924 24.6
    endloop
  endfacet
  facet normal 0.9876883405951375 0.15643446504023245 0
    outer loop
      vertex 63.287317695968135 5.803830503371924 24.6
      vertex 63.25538782143092 6.00542779709463 14.8
      vertex 63.25538782143092 6.00542779709463 24.6
    endloop
  endfacet
  facet normal 0.9659258262890692 0.25881904510251724 0
    outer loop
      vertex 63.25538782143092 6.00542779709463 24.6
      vertex 63.20256020677555 6.202583139031147 14.8
      vertex 63.20256020677555 6.202583139031147 24.6
    endloop
  endfacet
  facet normal 0.9335804264971999 0.3583679495453053 0
    outer loop
      vertex 63.20256020677555 6.202583139031147 24.6
      vertex 63.12941364240307 6.39313645399781 14.8
      vertex 63.12941364240307 6.39313645399781 24.6
    endloop
  endfacet
  facet normal 0 0 1
    outer loop
      vertex 59.440612178569076 5.194572202905369 24.6
      vertex 59.440612178569076 6.00542779709463 24.6
      vertex 59.40868230403186 5.803830503371924 24.6
    endloop
  endfacet
  facet normal 0 0 1
    outer loop
      vertex 59.49343979322445 4.997416860968852 24.6
      vertex 59.49343979322445 6.202583139031147 24.6
      vertex 59.440612178569076 6.00542779709463 24.6
    endloop
  endfacet
  facet normal 0 0 1
    outer loop
      vertex 59.566586357596925 4.806863546002189 24.6
      vertex 59.566586357596925 6.39313645399781 24.6
      vertex 59.49343979322445 6.202583139031147 24.6
    endloop
  endfacet
  facet normal 0 0 1
    outer loop
      vertex 59.65925046262034 4.625 24.6
      vertex 59.65925046262034 6.574999999999999 24.6
      vertex 59.566586357596925 6.39313645399781 24.6
    endloop
  endfacet
  facet normal 0 0 1
    outer loop
      vertex 59.77041686096885 4.453818758029677 24.6
      vertex 59.77041686096885 6.746181241970322 24.6
      vertex 59.65925046262034 6.574999999999999 24.6
    endloop
  endfacet
  facet normal 0 0 1
    outer loop
      vertex 59.89886759031908 4.295195317600227 24.6
      vertex 59.89886759031908 6.904804682399773 24.6
      vertex 59.77041686096885 6.746181241970322 24.6
    endloop
  endfacet
  facet normal 0 0 1
    outer loop
      vertex 60.04319531760022 4.150867590319081 24.6
      vertex 60.04319531760022 7.049132409680919 24.6
      vertex 59.89886759031908 6.904804682399773 24.6
    endloop
  endfacet
  facet normal 0 0 1
    outer loop
      vertex 60.201818758029674 4.022416860968852 24.6
      vertex 60.201818758029674 7.177583139031147 24.6
      vertex 60.04319531760022 7.049132409680919 24.6
    endloop
  endfacet
  facet normal 0 0 1
    outer loop
      vertex 60.373 3.9112504626203446 24.6
      vertex 60.373 7.288749537379655 24.6
      vertex 60.201818758029674 7.177583139031147 24.6
    endloop
  endfacet
  facet normal 0 0 1
    outer loop
      vertex 60.55486354600219 3.818586357596928 24.6
      vertex 60.55486354600219 7.381413642403071 24.6
      vertex 60.373 7.288749537379655 24.6
    endloop
  endfacet
  facet normal 0 0 1
    outer loop
      vertex 60.74541686096885 3.7454397932244503 24.6
      vertex 60.74541686096885 7.4545602067755485 24.6
      vertex 60.55486354600219 7.381413642403071 24.6
    endloop
  endfacet
  facet normal 0 0 1
    outer loop
      vertex 60.94257220290537 3.6926121785690786 24.6
      vertex 60.94257220290537 7.507387821430921 24.6
      vertex 60.74541686096885 7.4545602067755485 24.6
    endloop
  endfacet
  facet normal 0 0 1
    outer loop
      vertex 61.14416949662807 3.660682304031867 24.6
      vertex 61.14416949662807 7.5393176959681325 24.6
      vertex 60.94257220290537 7.507387821430921 24.6
    endloop
  endfacet
  facet normal 0 0 1
    outer loop
      vertex 63.287317695968135 5.396169496628075 24.6
      vertex 63.287317695968135 5.803830503371924 24.6
      vertex 63.25538782143092 6.00542779709463 24.6
    endloop
  endfacet
  facet normal 0 0 1
    outer loop
      vertex 63.25538782143092 5.194572202905369 24.6
      vertex 63.25538782143092 6.00542779709463 24.6
      vertex 63.20256020677555 6.202583139031147 24.6
    endloop
  endfacet
  facet normal 0 0 1
    outer loop
      vertex 63.20256020677555 4.997416860968852 24.6
      vertex 63.20256020677555 6.202583139031147 24.6
      vertex 63.12941364240307 6.39313645399781 24.6
    endloop
  endfacet
  facet normal 0 0 1
    outer loop
      vertex 63.12941364240307 4.806863546002189 24.6
      vertex 63.12941364240307 6.39313645399781 24.6
      vertex 63.036749537379656 6.574999999999999 24.6
    endloop
  endfacet
  facet normal 0 0 1
    outer loop
      vertex 63.036749537379656 4.625 24.6
      vertex 63.036749537379656 6.574999999999999 24.6
      vertex 62.92558313903115 6.746181241970322 24.6
    endloop
  endfacet
  facet normal 0 0 1
    outer loop
      vertex 62.92558313903115 4.453818758029677 24.6
      vertex 62.92558313903115 6.746181241970322 24.6
      vertex 62.79713240968092 6.904804682399773 24.6
    endloop
  endfacet
  facet normal 0 0 1
    outer loop
      vertex 62.79713240968092 4.295195317600227 24.6
      vertex 62.79713240968092 6.904804682399773 24.6
      vertex 62.652804682399776 7.049132409680919 24.6
    endloop
  endfacet
  facet normal 0 0 1
    outer loop
      vertex 62.494181241970324 4.022416860968852 24.6
      vertex 62.494181241970324 7.177583139031147 24.6
      vertex 62.323 7.288749537379655 24.6
    endloop
  endfacet
  facet normal 0 0 1
    outer loop
      vertex 62.323 3.9112504626203446 24.6
      vertex 62.323 7.288749537379655 24.6
      vertex 62.14113645399781 7.381413642403071 24.6
    endloop
  endfacet
  facet normal 0 0 1
    outer loop
      vertex 62.652804682399776 4.150867590319081 24.6
      vertex 62.652804682399776 7.049132409680919 24.6
      vertex 62.494181241970324 7.177583139031147 24.6
    endloop
  endfacet
  facet normal 0 0 1
    outer loop
      vertex 61.14416949662807 7.5393176959681325 24.6
      vertex 61.348 3.6499999999999995 24.6
      vertex 61.348 7.55 24.6
    endloop
  endfacet
  facet normal 0 0 1
    outer loop
      vertex 61.551830503371924 3.660682304031867 24.6
      vertex 61.551830503371924 7.5393176959681325 24.6
      vertex 61.348 7.55 24.6
    endloop
  endfacet
  facet normal 0 0 1
    outer loop
      vertex 61.75342779709463 3.6926121785690786 24.6
      vertex 61.75342779709463 7.507387821430921 24.6
      vertex 61.551830503371924 7.5393176959681325 24.6
    endloop
  endfacet
  facet normal 0 0 1
    outer loop
      vertex 61.950583139031146 3.7454397932244503 24.6
      vertex 61.950583139031146 7.4545602067755485 24.6
      vertex 61.75342779709463 7.507387821430921 24.6
    endloop
  endfacet
  facet normal 0 0 1
    outer loop
      vertex 62.14113645399781 3.818586357596928 24.6
      vertex 62.14113645399781 7.381413642403071 24.6
      vertex 61.950583139031146 7.4545602067755485 24.6
    endloop
  endfacet
  facet normal -0.8910065241883666 0.45399049973954897 0
    outer loop
      vertex 59.566586357596925 6.39313645399781 24.6
      vertex 59.65925046262034 6.574999999999999 24.6
      vertex 59.566586357596925 6.39313645399781 14.8
    endloop
  endfacet
  facet normal -0.8386705679454222 0.5446390350150297 0
    outer loop
      vertex 59.65925046262034 6.574999999999999 24.6
      vertex 59.77041686096885 6.746181241970322 24.6
      vertex 59.65925046262034 6.574999999999999 14.8
    endloop
  endfacet
  facet normal -0.7771459614569739 0.6293203910498338 0
    outer loop
      vertex 59.77041686096885 6.746181241970322 24.6
      vertex 59.89886759031908 6.904804682399773 24.6
      vertex 59.77041686096885 6.746181241970322 14.8
    endloop
  endfacet
  facet normal -0.7071067811865518 0.7071067811865431 0
    outer loop
      vertex 59.89886759031908 6.904804682399773 24.6
      vertex 60.04319531760022 7.049132409680919 24.6
      vertex 59.89886759031908 6.904804682399773 14.8
    endloop
  endfacet
  facet normal -0.6293203910498343 0.7771459614569733 0
    outer loop
      vertex 60.04319531760022 7.049132409680919 24.6
      vertex 60.201818758029674 7.177583139031147 24.6
      vertex 60.04319531760022 7.049132409680919 14.8
    endloop
  endfacet
  facet normal -0.5446390350150246 0.8386705679454256 0
    outer loop
      vertex 60.201818758029674 7.177583139031147 24.6
      vertex 60.373 7.288749537379655 24.6
      vertex 60.201818758029674 7.177583139031147 14.8
    endloop
  endfacet
  facet normal 0.8910065241883666 0.45399049973954897 0
    outer loop
      vertex 63.12941364240307 6.39313645399781 24.6
      vertex 63.036749537379656 6.574999999999999 14.8
      vertex 63.036749537379656 6.574999999999999 24.6
    endloop
  endfacet
  facet normal 0.8386705679454222 0.5446390350150297 0
    outer loop
      vertex 62.92558313903115 6.746181241970322 24.6
      vertex 63.036749537379656 6.574999999999999 24.6
      vertex 62.92558313903115 6.746181241970322 14.8
    endloop
  endfacet
  facet normal 0.7771459614569739 0.6293203910498338 0
    outer loop
      vertex 62.79713240968092 6.904804682399773 24.6
      vertex 62.92558313903115 6.746181241970322 24.6
      vertex 62.79713240968092 6.904804682399773 14.8
    endloop
  endfacet
  facet normal 0.7071067811865518 0.7071067811865431 0
    outer loop
      vertex 62.652804682399776 7.049132409680919 24.6
      vertex 62.79713240968092 6.904804682399773 24.6
      vertex 62.652804682399776 7.049132409680919 14.8
    endloop
  endfacet
  facet normal 0.6293203910498343 0.7771459614569733 0
    outer loop
      vertex 62.652804682399776 7.049132409680919 24.6
      vertex 62.494181241970324 7.177583139031147 14.8
      vertex 62.494181241970324 7.177583139031147 24.6
    endloop
  endfacet
  facet normal -0.5446390350150246 0.8386705679454256 0
    outer loop
      vertex 60.373 7.288749537379655 24.6
      vertex 60.373 7.288749537379655 14.8
      vertex 60.201818758029674 7.177583139031147 14.8
    endloop
  endfacet
  facet normal -0.4539904997395454 0.8910065241883685 0
    outer loop
      vertex 60.55486354600219 7.381413642403071 24.6
      vertex 60.55486354600219 7.381413642403071 14.8
      vertex 60.373 7.288749537379655 14.8
    endloop
  endfacet
  facet normal -0.3583679495452962 0.9335804264972032 0
    outer loop
      vertex 60.74541686096885 7.4545602067755485 24.6
      vertex 60.74541686096885 7.4545602067755485 14.8
      vertex 60.55486354600219 7.381413642403071 14.8
    endloop
  endfacet
  facet normal -0.25881904510252757 0.9659258262890665 0
    outer loop
      vertex 60.94257220290537 7.507387821430921 24.6
      vertex 60.94257220290537 7.507387821430921 14.8
      vertex 60.74541686096885 7.4545602067755485 14.8
    endloop
  endfacet
  facet normal -0.15643446504022818 0.9876883405951382 0
    outer loop
      vertex 61.14416949662807 7.5393176959681325 24.6
      vertex 61.14416949662807 7.5393176959681325 14.8
      vertex 60.94257220290537 7.507387821430921 14.8
    endloop
  endfacet
  facet normal 0.4539904997395454 0.8910065241883685 0
    outer loop
      vertex 62.323 7.288749537379655 24.6
      vertex 62.323 7.288749537379655 14.8
      vertex 62.14113645399781 7.381413642403071 14.8
    endloop
  endfacet
  facet normal 0.3583679495452962 0.9335804264972032 0
    outer loop
      vertex 62.14113645399781 7.381413642403071 24.6
      vertex 62.14113645399781 7.381413642403071 14.8
      vertex 61.950583139031146 7.4545602067755485 14.8
    endloop
  endfacet
  facet normal 0.25881904510252757 0.9659258262890665 0
    outer loop
      vertex 61.950583139031146 7.4545602067755485 24.6
      vertex 61.950583139031146 7.4545602067755485 14.8
      vertex 61.75342779709463 7.507387821430921 14.8
    endloop
  endfacet
  facet normal 0.15643446504022818 0.9876883405951382 0
    outer loop
      vertex 61.75342779709463 7.507387821430921 24.6
      vertex 61.75342779709463 7.507387821430921 14.8
      vertex 61.551830503371924 7.5393176959681325 14.8
    endloop
  endfacet
  facet normal -0.05233595624294511 0.9986295347545737 0
    outer loop
      vertex 61.348 7.55 24.6
      vertex 61.348 7.55 14.8
      vertex 61.14416949662807 7.5393176959681325 14.8
    endloop
  endfacet
  facet normal 0.05233595624294511 0.9986295347545737 0
    outer loop
      vertex 61.551830503371924 7.5393176959681325 24.6
      vertex 61.551830503371924 7.5393176959681325 14.8
      vertex 61.348 7.55 14.8
    endloop
  endfacet
  facet normal -0.4539904997395454 0.8910065241883685 0
    outer loop
      vertex 60.373 7.288749537379655 24.6
      vertex 60.55486354600219 7.381413642403071 24.6
      vertex 60.373 7.288749537379655 14.8
    endloop
  endfacet
  facet normal -0.3583679495452962 0.9335804264972032 0
    outer loop
      vertex 60.55486354600219 7.381413642403071 24.6
      vertex 60.74541686096885 7.4545602067755485 24.6
      vertex 60.55486354600219 7.381413642403071 14.8
    endloop
  endfacet
  facet normal -0.25881904510252757 0.9659258262890665 0
    outer loop
      vertex 60.74541686096885 7.4545602067755485 24.6
      vertex 60.94257220290537 7.507387821430921 24.6
      vertex 60.74541686096885 7.4545602067755485 14.8
    endloop
  endfacet
  facet normal -0.15643446504022818 0.9876883405951382 0
    outer loop
      vertex 60.94257220290537 7.507387821430921 24.6
      vertex 61.14416949662807 7.5393176959681325 24.6
      vertex 60.94257220290537 7.507387821430921 14.8
    endloop
  endfacet
  facet normal 0.5446390350150246 0.8386705679454256 0
    outer loop
      vertex 62.323 7.288749537379655 24.6
      vertex 62.494181241970324 7.177583139031147 24.6
      vertex 62.323 7.288749537379655 14.8
    endloop
  endfacet
  facet normal 0.4539904997395454 0.8910065241883685 0
    outer loop
      vertex 62.14113645399781 7.381413642403071 24.6
      vertex 62.323 7.288749537379655 24.6
      vertex 62.14113645399781 7.381413642403071 14.8
    endloop
  endfacet
  facet normal 0.3583679495452962 0.9335804264972032 0
    outer loop
      vertex 61.950583139031146 7.4545602067755485 24.6
      vertex 62.14113645399781 7.381413642403071 24.6
      vertex 61.950583139031146 7.4545602067755485 14.8
    endloop
  endfacet
  facet normal 0.15643446504022818 0.9876883405951382 0
    outer loop
      vertex 61.551830503371924 7.5393176959681325 24.6
      vertex 61.75342779709463 7.507387821430921 24.6
      vertex 61.551830503371924 7.5393176959681325 14.8
    endloop
  endfacet
  facet normal 0.25881904510252757 0.9659258262890665 0
    outer loop
      vertex 61.75342779709463 7.507387821430921 24.6
      vertex 61.950583139031146 7.4545602067755485 24.6
      vertex 61.75342779709463 7.507387821430921 14.8
    endloop
  endfacet
  facet normal -0.05233595624294511 0.9986295347545737 0
    outer loop
      vertex 61.14416949662807 7.5393176959681325 24.6
      vertex 61.348 7.55 24.6
      vertex 61.14416949662807 7.5393176959681325 14.8
    endloop
  endfacet
  facet normal 0.05233595624294511 0.9986295347545737 0
    outer loop
      vertex 61.348 7.55 24.6
      vertex 61.551830503371924 7.5393176959681325 24.6
      vertex 61.348 7.55 14.8
    endloop
  endfacet
endsolid OpenSCAD_Model
